axle,iso_class,wheelrate_n_per_m,wheelrate_lbf_per_in,speed_mps,nominal_zeta,wheel_damping_ns_per_m,g0_m3,mean_load_n,rms_load_n,cplv_percent,rms_suspension_travel_mm,gaussian_unloading_probability,passes_unloading_screen,integration_relative_error,max_pole_real_per_s
front,A,5000.0,28.550735813846003,15.0,0.7,722.865045714828,1.6e-05,598.5082183333008,62.50195589269815,10.442957001785345,1.3915485637801737,5.052031663512047e-22,True,6.458347141620744e-13,-6.7413850865670355
front,B,5000.0,28.550735813846003,15.0,0.7,722.865045714828,6.4e-05,598.5082183333008,125.0039117853963,20.88591400357069,2.7830971275603473,8.426111349331616e-07,True,6.458347141620744e-13,-6.7413850865670355
front,C,5000.0,28.550735813846003,15.0,0.7,722.865045714828,0.000256,598.5082183333008,250.0078235707926,41.77182800714138,5.566194255120695,0.008333829635548448,True,6.458347141620744e-13,-6.7413850865670355
front,D,5000.0,28.550735813846003,15.0,0.7,722.865045714828,0.001024,598.5082183333008,500.0156471415852,83.54365601428276,11.13238851024139,0.11565737429614453,False,6.458347141620744e-13,-6.7413850865670355
front,E,5000.0,28.550735813846003,15.0,0.7,722.865045714828,0.004096,598.5082183333008,1000.0312942831704,167.08731202856552,22.26477702048278,0.27475668513426166,False,6.458347141620744e-13,-6.7413850865670355
front,F,5000.0,28.550735813846003,15.0,0.7,722.865045714828,0.016384,598.5082183333008,2000.0625885663408,334.17462405713104,44.52955404096556,0.3823766556571077,False,6.458347141620744e-13,-6.7413850865670355
front,G,5000.0,28.550735813846003,15.0,0.7,722.865045714828,0.065536,598.5082183333008,4000.1251771326815,668.3492481142621,89.05910808193111,0.4405312781841563,False,6.458347141620744e-13,-6.7413850865670355
front,H,5000.0,28.550735813846003,15.0,0.7,722.865045714828,0.262144,598.5082183333008,8000.250354265363,1336.6984962285242,178.11821616386223,0.4701824707584164,False,6.458347141620744e-13,-6.7413850865670355
front,A,5250.0,29.978272604538304,15.0,0.7,740.7162533872978,1.6e-05,598.5082183333008,62.54771201708146,10.450602030371707,1.3746527779433826,5.406285367860745e-22,True,6.461574613472222e-13,-6.904509784512662
front,B,5250.0,29.978272604538304,15.0,0.7,740.7162533872978,6.4e-05,598.5082183333008,125.09542403416292,20.901204060743414,2.749305555886765,8.574372250059595e-07,True,6.461574613472222e-13,-6.904509784512662
front,C,5250.0,29.978272604538304,15.0,0.7,740.7162533872978,0.000256,598.5082183333008,250.19084806832583,41.80240812148683,5.49861111177353,0.008373704250070552,True,6.461574613472222e-13,-6.904509784512662
front,D,5250.0,29.978272604538304,15.0,0.7,740.7162533872978,0.001024,598.5082183333008,500.38169613665167,83.60481624297365,10.99722222354706,0.11582811708102364,False,6.461574613472222e-13,-6.904509784512662
front,E,5250.0,29.978272604538304,15.0,0.7,740.7162533872978,0.004096,598.5082183333008,1000.7633922733033,167.2096324859473,21.99444444709412,0.2749027283494516,False,6.461574613472222e-13,-6.904509784512662
front,F,5250.0,29.978272604538304,15.0,0.7,740.7162533872978,0.016384,598.5082183333008,2001.5267845466067,334.4192649718946,43.98888889418824,0.3824601666502466,False,6.461574613472222e-13,-6.904509784512662
front,G,5250.0,29.978272604538304,15.0,0.7,740.7162533872978,0.065536,598.5082183333008,4003.0535690932134,668.8385299437892,87.97777778837649,0.4405744585897844,False,6.461574613472222e-13,-6.904509784512662
front,H,5250.0,29.978272604538304,15.0,0.7,740.7162533872978,0.262144,598.5082183333008,8006.107138186427,1337.6770598875785,175.95555557675297,0.4702042428417666,False,6.461574613472222e-13,-6.904509784512662
front,A,5500.0,31.405809395230605,15.0,0.7,758.1472559786326,1.6e-05,598.5082183333008,62.60850301810067,10.460759117468774,1.3587211603656373,5.914309600163125e-22,True,6.463244902986867e-13,-7.063388277728463
front,B,5500.0,31.405809395230605,15.0,0.7,758.1472559786326,6.4e-05,598.5082183333008,125.21700603620134,20.921518234937547,2.7174423207312746,8.774886559299348e-07,True,6.463244902986867e-13,-7.063388277728463
front,C,5500.0,31.405809395230605,15.0,0.7,758.1472559786326,0.000256,598.5082183333008,250.43401207240268,41.843036469875095,5.434884641462549,0.008426849349517674,True,6.463244902986867e-13,-7.063388277728463
front,D,5500.0,31.405809395230605,15.0,0.7,758.1472559786326,0.001024,598.5082183333008,500.86802414480536,83.68607293975019,10.869769282925098,0.11605485374919394,False,6.463244902986867e-13,-7.063388277728463
front,E,5500.0,31.405809395230605,15.0,0.7,758.1472559786326,0.004096,598.5082183333008,1001.7360482896107,167.37214587950038,21.739538565850197,0.2750964882915401,False,6.463244902986867e-13,-7.063388277728463
front,F,5500.0,31.405809395230605,15.0,0.7,758.1472559786326,0.016384,598.5082183333008,2003.4720965792214,334.74429175900076,43.47907713170039,0.3825709379022125,False,6.463244902986867e-13,-7.063388277728463
front,G,5500.0,31.405809395230605,15.0,0.7,758.1472559786326,0.065536,598.5082183333008,4006.944193158443,669.4885835180015,86.95815426340079,0.4406317309834997,False,6.463244902986867e-13,-7.063388277728463
front,H,5500.0,31.405809395230605,15.0,0.7,758.1472559786326,0.262144,598.5082183333008,8013.888386316886,1338.977167036003,173.91630852680157,0.4702331198639109,False,6.463244902986867e-13,-7.063388277728463
front,A,5750.0,32.833346185922906,15.0,0.7,775.186400463621,1.6e-05,598.5082183333008,62.6824935770018,10.47312161419558,1.3436584524264992,6.595175348332253e-22,True,6.464684141931795e-13,-7.218274157942757
front,B,5750.0,32.833346185922906,15.0,0.7,775.186400463621,6.4e-05,598.5082183333008,125.3649871540036,20.94624322839116,2.6873169048529983,9.024477390817544e-07,True,6.464684141931795e-13,-7.218274157942757
front,C,5750.0,32.833346185922906,15.0,0.7,775.186400463621,0.000256,598.5082183333008,250.7299743080072,41.89248645678232,5.374633809705997,0.008491792728398978,True,6.464684141931795e-13,-7.218274157942757
front,D,5750.0,32.833346185922906,15.0,0.7,775.186400463621,0.001024,598.5082183333008,501.4599486160144,83.78497291356464,10.749267619411993,0.1163306518411753,False,6.464684141931795e-13,-7.218274157942757
front,E,5750.0,32.833346185922906,15.0,0.7,775.186400463621,0.004096,598.5082183333008,1002.9198972320288,167.5699458271293,21.498535238823987,0.2753319026778038,False,6.464684141931795e-13,-7.218274157942757
front,F,5750.0,32.833346185922906,15.0,0.7,775.186400463621,0.016384,598.5082183333008,2005.8397944640576,335.1398916542586,42.99707047764797,0.3827054839505685,False,6.464684141931795e-13,-7.218274157942757
front,G,5750.0,32.833346185922906,15.0,0.7,775.186400463621,0.065536,598.5082183333008,4011.679588928115,670.2797833085172,85.99414095529595,0.440701290721529,False,6.464684141931795e-13,-7.218274157942757
front,H,5750.0,32.833346185922906,15.0,0.7,775.186400463621,0.262144,598.5082183333008,8023.35917785623,1340.5595666170343,171.9882819105919,0.4702681915938819,False,6.464684141931795e-13,-7.218274157942757
front,A,6000.0,34.26088297661521,15.0,0.7,791.8589831400288,1.6e-05,598.5082183333008,62.76811472756448,10.487427374407382,1.329382435495663,7.477905048054632e-22,True,6.468317886804802e-13,-7.369392080406801
front,B,6000.0,34.26088297661521,15.0,0.7,791.8589831400288,6.4e-05,598.5082183333008,125.53622945512896,20.974854748814764,2.658764870991326,9.321050291756227e-07,True,6.468317886804802e-13,-7.369392080406801
front,C,6000.0,34.26088297661521,15.0,0.7,791.8589831400288,0.000256,598.5082183333008,251.07245891025792,41.94970949762953,5.317529741982652,0.008567299172714373,True,6.468317886804802e-13,-7.369392080406801
front,D,6000.0,34.26088297661521,15.0,0.7,791.8589831400288,0.001024,598.5082183333008,502.14491782051584,83.89941899525905,10.635059483965303,0.11664956888631728,False,6.468317886804802e-13,-7.369392080406801
front,E,6000.0,34.26088297661521,15.0,0.7,791.8589831400288,0.004096,598.5082183333008,1004.2898356410317,167.7988379905181,21.270118967930607,0.27560375237575496,False,6.468317886804802e-13,-7.369392080406801
front,F,6000.0,34.26088297661521,15.0,0.7,791.8589831400288,0.016384,598.5082183333008,2008.5796712820634,335.5976759810362,42.540237935861214,0.38286080100687364,False,6.468317886804802e-13,-7.369392080406801
front,G,6000.0,34.26088297661521,15.0,0.7,791.8589831400288,0.065536,598.5082183333008,4017.1593425641267,671.1953519620724,85.08047587172243,0.44078158215819274,False,6.468317886804802e-13,-7.369392080406801
front,H,6000.0,34.26088297661521,15.0,0.7,791.8589831400288,0.262144,598.5082183333008,8034.3186851282535,1342.3907039241449,170.16095174344485,0.47030867334137993,False,6.468317886804802e-13,-7.369392080406801
front,A,6250.0,35.68841976730751,15.0,0.7,808.1876903884244,1.6e-05,598.5082183333008,62.86401744237077,10.503450999792737,1.3158216892920416,8.602443345265865e-22,True,6.472013515032037e-13,-7.516941891442702
front,B,6250.0,35.68841976730751,15.0,0.7,808.1876903884244,6.4e-05,598.5082183333008,125.72803488474155,21.006901999585473,2.631643378584083,9.66334548930573e-07,True,6.472013515032037e-13,-7.516941891442702
front,C,6250.0,35.68841976730751,15.0,0.7,808.1876903884244,0.000256,598.5082183333008,251.4560697694831,42.013803999170946,5.263286757168166,0.008652324054582477,True,6.472013515032037e-13,-7.516941891442702
front,D,6250.0,35.68841976730751,15.0,0.7,808.1876903884244,0.001024,598.5082183333008,502.9121395389662,84.02760799834189,10.526573514336333,0.11700648295502974,False,6.472013515032037e-13,-7.516941891442702
front,E,6250.0,35.68841976730751,15.0,0.7,808.1876903884244,0.004096,598.5082183333008,1005.8242790779324,168.05521599668378,21.053147028672665,0.2759075230300254,False,6.472013515032037e-13,-7.516941891442702
front,F,6250.0,35.68841976730751,15.0,0.7,808.1876903884244,0.016384,598.5082183333008,2011.6485581558647,336.11043199336757,42.10629405734533,0.3830342887798468,False,6.472013515032037e-13,-7.516941891442702
front,G,6250.0,35.68841976730751,15.0,0.7,808.1876903884244,0.065536,598.5082183333008,4023.2971163117295,672.2208639867351,84.21258811469066,0.4408712583464824,False,6.472013515032037e-13,-7.516941891442702
front,H,6250.0,35.68841976730751,15.0,0.7,808.1876903884244,0.262144,598.5082183333008,8046.594232623459,1344.4417279734703,168.42517622938132,0.47035388565281727,False,6.472013515032037e-13,-7.516941891442702
front,A,6500.0,37.11595655799981,15.0,0.7,824.1929607872119,1.6e-05,598.5082183333008,62.969035666258534,10.520997663425897,1.3029138079766804,1.0021443587069162e-21,True,6.477017251589285e-13,-7.661102018672889
front,B,6500.0,37.11595655799981,15.0,0.7,824.1929607872119,6.4e-05,598.5082183333008,125.93807133251707,21.041995326851794,2.605827615953361,1.005075920395118e-06,True,6.477017251589285e-13,-7.661102018672889
front,C,6500.0,37.11595655799981,15.0,0.7,824.1929607872119,0.000256,598.5082183333008,251.87614266503414,42.08399065370359,5.211655231906722,0.008745977374293817,True,6.477017251589285e-13,-7.661102018672889
front,D,6500.0,37.11595655799981,15.0,0.7,824.1929607872119,0.001024,598.5082183333008,503.7522853300683,84.16798130740717,10.423310463813444,0.11739695708112358,False,6.477017251589285e-13,-7.661102018672889
front,E,6500.0,37.11595655799981,15.0,0.7,824.1929607872119,0.004096,598.5082183333008,1007.5045706601366,168.33596261481435,20.846620927626887,0.27623929318806084,False,6.477017251589285e-13,-7.661102018672889
front,F,6500.0,37.11595655799981,15.0,0.7,824.1929607872119,0.016384,598.5082183333008,2015.009141320273,336.6719252296287,41.693241855253774,0.38322368709231425,False,6.477017251589285e-13,-7.661102018672889
front,G,6500.0,37.11595655799981,15.0,0.7,824.1929607872119,0.065536,598.5082183333008,4030.018282640546,673.3438504592574,83.38648371050755,0.44096914834137885,False,6.477017251589285e-13,-7.661102018672889
front,H,6500.0,37.11595655799981,15.0,0.7,824.1929607872119,0.262144,598.5082183333008,8060.036565281092,1346.6877009185148,166.7729674210151,0.4704032378348795,False,6.477017251589285e-13,-7.661102018672889
front,A,6750.0,38.54349334869211,15.0,0.7,839.8932850826976,1.6e-05,598.5082183333008,63.08215660770049,10.53989814598852,1.2906039668391736,1.1802859362447748e-21,True,6.480045354582664e-13,-7.80203227874134
front,B,6750.0,38.54349334869211,15.0,0.7,839.8932850826976,6.4e-05,598.5082183333008,126.16431321540098,21.07979629197704,2.581207933678347,1.0483212968555847e-06,True,6.480045354582664e-13,-7.80203227874134
front,C,6750.0,38.54349334869211,15.0,0.7,839.8932850826976,0.000256,598.5082183333008,252.32862643080196,42.15959258395408,5.162415867356694,0.008847495616182418,True,6.480045354582664e-13,-7.80203227874134
front,D,6750.0,38.54349334869211,15.0,0.7,839.8932850826976,0.001024,598.5082183333008,504.6572528616039,84.31918516790816,10.324831734713388,0.11781712984823467,False,6.480045354582664e-13,-7.80203227874134
front,E,6750.0,38.54349334869211,15.0,0.7,839.8932850826976,0.004096,598.5082183333008,1009.3145057232078,168.63837033581632,20.649663469426777,0.2765956431221416,False,6.480045354582664e-13,-7.80203227874134
front,F,6750.0,38.54349334869211,15.0,0.7,839.8932850826976,0.016384,598.5082183333008,2018.6290114464157,337.27674067163264,41.299326938853554,0.3834270240876915,False,6.480045354582664e-13,-7.80203227874134
front,G,6750.0,38.54349334869211,15.0,0.7,839.8932850826976,0.065536,598.5082183333008,4037.2580228928314,674.5534813432653,82.59865387770711,0.44107423046385197,False,6.480045354582664e-13,-7.80203227874134
front,H,6750.0,38.54349334869211,15.0,0.7,839.8932850826976,0.262144,598.5082183333008,8074.516045785663,1349.1069626865306,165.19730775541422,0.4704562144795181,False,6.480045354582664e-13,-7.80203227874134
front,A,7000.0,39.9710301393844,15.0,0.7,855.3054565725748,1.6e-05,598.5082183333008,63.20249666470879,10.560004813419656,1.278843760484396,1.4033414506637238e-21,True,6.484570572593759e-13,-7.939876220372216
front,B,7000.0,39.9710301393844,15.0,0.7,855.3054565725748,6.4e-05,598.5082183333008,126.40499332941758,21.120009626839312,2.557687520968792,1.0961056836712113e-06,True,6.484570572593759e-13,-7.939876220372216
front,C,7000.0,39.9710301393844,15.0,0.7,855.3054565725748,0.000256,598.5082183333008,252.80998665883516,42.240019253678625,5.115375041937584,0.008956219514832461,True,6.484570572593759e-13,-7.939876220372216
front,D,7000.0,39.9710301393844,15.0,0.7,855.3054565725748,0.001024,598.5082183333008,505.6199733176703,84.48003850735725,10.230750083875169,0.11826362638969712,False,6.484570572593759e-13,-7.939876220372216
front,E,7000.0,39.9710301393844,15.0,0.7,855.3054565725748,0.004096,598.5082183333008,1011.2399466353406,168.9600770147145,20.461500167750337,0.27697357997066885,False,6.484570572593759e-13,-7.939876220372216
front,F,7000.0,39.9710301393844,15.0,0.7,855.3054565725748,0.016384,598.5082183333008,2022.4798932706813,337.920154029429,40.923000335500674,0.3836425736016396,False,6.484570572593759e-13,-7.939876220372216
front,G,7000.0,39.9710301393844,15.0,0.7,855.3054565725748,0.065536,598.5082183333008,4044.9597865413625,675.840308058858,81.84600067100135,0.4411856102821849,False,6.484570572593759e-13,-7.939876220372216
front,H,7000.0,39.9710301393844,15.0,0.7,855.3054565725748,0.262144,598.5082183333008,8089.919573082725,1351.680616117716,163.6920013420027,0.4705123643647429,False,6.484570572593759e-13,-7.939876220372216
front,A,7250.0,41.398566930076704,15.0,0.7,870.4447815678118,1.6e-05,598.5082183333008,63.32928176720792,10.581188332478458,1.2675902534082955,1.6823090905585258e-21,True,6.488418194927874e-13,-8.074763093475472
front,B,7250.0,41.398566930076704,15.0,0.7,870.4447815678118,6.4e-05,598.5082183333008,126.65856353441583,21.162376664956916,2.535180506816591,1.1484996858017193e-06,True,6.488418194927874e-13,-8.074763093475472
front,C,7250.0,41.398566930076704,15.0,0.7,870.4447815678118,0.000256,598.5082183333008,253.31712706883167,42.32475332991383,5.070361013633182,0.009071576338644319,True,6.488418194927874e-13,-8.074763093475472
front,D,7250.0,41.398566930076704,15.0,0.7,870.4447815678118,0.001024,598.5082183333008,506.63425413766333,84.64950665982767,10.140722027266364,0.11873348546195395,False,6.488418194927874e-13,-8.074763093475472
front,E,7250.0,41.398566930076704,15.0,0.7,870.4447815678118,0.004096,598.5082183333008,1013.2685082753267,169.29901331965533,20.281444054532727,0.2773704758605298,False,6.488418194927874e-13,-8.074763093475472
front,F,7250.0,41.398566930076704,15.0,0.7,870.4447815678118,0.016384,598.5082183333008,2026.5370165506533,338.59802663931066,40.562888109065455,0.383868819844521,False,6.488418194927874e-13,-8.074763093475472
front,G,7250.0,41.398566930076704,15.0,0.7,870.4447815678118,0.065536,598.5082183333008,4053.0740331013067,677.1960532786213,81.12577621813091,0.4413025023588727,False,6.488418194927874e-13,-8.074763093475472
front,H,7250.0,41.398566930076704,15.0,0.7,870.4447815678118,0.262144,598.5082183333008,8106.148066202613,1354.3921065572426,162.25155243626182,0.4705712912522249,False,6.488418194927874e-13,-8.074763093475472
front,A,7500.0,42.826103720769005,15.0,0.7,885.3252574474823,1.6e-05,598.5082183333008,63.46183121198389,10.603334969853814,1.2568051982813253,2.0310833940667044e-21,True,6.493900016283109e-13,-8.206809514843183
front,B,7500.0,42.826103720769005,15.0,0.7,885.3252574474823,6.4e-05,598.5082183333008,126.92366242396778,21.206669939707627,2.5136103965626506,1.2056040158851467e-06,True,6.493900016283109e-13,-8.206809514843183
front,C,7500.0,42.826103720769005,15.0,0.7,885.3252574474823,0.000256,598.5082183333008,253.84732484793557,42.413339879415254,5.027220793125301,0.009193065659590246,True,6.493900016283109e-13,-8.206809514843183
front,D,7500.0,42.826103720769005,15.0,0.7,885.3252574474823,0.001024,598.5082183333008,507.69464969587114,84.82667975883051,10.054441586250602,0.11922409928210903,False,6.493900016283109e-13,-8.206809514843183
front,E,7500.0,42.826103720769005,15.0,0.7,885.3252574474823,0.004096,598.5082183333008,1015.3892993917423,169.65335951766102,20.108883172501205,0.2777840164388623,False,6.493900016283109e-13,-8.206809514843183
front,F,7500.0,42.826103720769005,15.0,0.7,885.3252574474823,0.016384,598.5082183333008,2030.7785987834845,339.30671903532203,40.21776634500241,0.38410442796199934,False,6.493900016283109e-13,-8.206809514843183
front,G,7500.0,42.826103720769005,15.0,0.7,885.3252574474823,0.065536,598.5082183333008,4061.557197566969,678.6134380706441,80.43553269000482,0.4414242150272481,False,6.493900016283109e-13,-8.206809514843183
front,H,7500.0,42.826103720769005,15.0,0.7,885.3252574474823,0.262144,598.5082183333008,8123.114395133938,1357.2268761412881,160.87106538000964,0.47063264621130657,False,6.493900016283109e-13,-8.206809514843183
front,A,7750.0,44.253640511461306,15.0,0.7,899.9597242045145,1.6e-05,598.5082183333008,63.599544282375405,10.626344356554469,1.2464543878094343,2.4671737949081998e-21,True,6.498831305402758e-13,-8.336120885821558
front,B,7750.0,44.253640511461306,15.0,0.7,899.9597242045145,6.4e-05,598.5082183333008,127.19908856475081,21.252688713108938,2.4929087756188686,1.2675452950373324e-06,True,6.498831305402758e-13,-8.336120885821558
front,C,7750.0,44.253640511461306,15.0,0.7,899.9597242045145,0.000256,598.5082183333008,254.39817712950162,42.505377426217876,4.985817551237737,0.009320247837639082,True,6.498831305402758e-13,-8.336120885821558
front,D,7750.0,44.253640511461306,15.0,0.7,899.9597242045145,0.001024,598.5082183333008,508.79635425900324,85.01075485243575,9.971635102475474,0.11973316358171332,False,6.498831305402758e-13,-8.336120885821558
front,E,7750.0,44.253640511461306,15.0,0.7,899.9597242045145,0.004096,598.5082183333008,1017.5927085180065,170.0215097048715,19.94327020495095,0.2782121578145321,False,6.498831305402758e-13,-8.336120885821558
front,F,7750.0,44.253640511461306,15.0,0.7,899.9597242045145,0.016384,598.5082183333008,2035.185417036013,340.043019409743,39.8865404099019,0.384348219356685,False,6.498831305402758e-13,-8.336120885821558
front,G,7750.0,44.253640511461306,15.0,0.7,899.9597242045145,0.065536,598.5082183333008,4070.370834072026,680.086038819486,79.7730808198038,0.4415501376236577,False,6.498831305402758e-13,-8.336120885821558
front,H,7750.0,44.253640511461306,15.0,0.7,899.9597242045145,0.262144,598.5082183333008,8140.741668144052,1360.172077638972,159.5461616396076,0.4706961211803474,False,6.498831305402758e-13,-8.336120885821558
front,A,8000.0,45.68117730215361,15.0,0.7,914.359994152238,1.6e-05,598.5082183333008,63.741889105337876,10.650127626124078,1.2365071138474386,3.0126043612064445e-21,True,6.505498133328291e-13,-8.46279260582912
front,B,8000.0,45.68117730215361,15.0,0.7,914.359994152238,6.4e-05,598.5082183333008,127.48377821067575,21.300255252248157,2.473014227694877,1.3344728134125186e-06,True,6.505498133328291e-13,-8.46279260582912
front,C,8000.0,45.68117730215361,15.0,0.7,914.359994152238,0.000256,598.5082183333008,254.9675564213515,42.60051050449631,4.946028455389754,0.009452734636842272,True,6.505498133328291e-13,-8.46279260582912
front,D,8000.0,45.68117730215361,15.0,0.7,914.359994152238,0.001024,598.5082183333008,509.935112842703,85.20102100899263,9.892056910779509,0.1202586358976026,False,6.505498133328291e-13,-8.46279260582912
front,E,8000.0,45.68117730215361,15.0,0.7,914.359994152238,0.004096,598.5082183333008,1019.870225685406,170.40204201798525,19.784113821559018,0.2786530903409531,False,6.505498133328291e-13,-8.46279260582912
front,F,8000.0,45.68117730215361,15.0,0.7,914.359994152238,0.016384,598.5082183333008,2039.740451370812,340.8040840359705,39.568227643118036,0.3845991508923198,False,6.505498133328291e-13,-8.46279260582912
front,G,8000.0,45.68117730215361,15.0,0.7,914.359994152238,0.065536,598.5082183333008,4079.480902741624,681.608168071941,79.13645528623607,0.4416797297233305,False,6.505498133328291e-13,-8.46279260582912
front,H,8000.0,45.68117730215361,15.0,0.7,914.359994152238,0.262144,598.5082183333008,8158.961805483248,1363.216336143882,158.27291057247214,0.4707614435378737,False,6.505498133328291e-13,-8.46279260582912
front,A,8250.0,47.10871409284591,15.0,0.7,928.5369635194367,1.6e-05,598.5082183333008,63.888393318922,10.67460585534407,1.2269357132752596,3.695035959385372e-21,True,6.508374798081816e-13,-8.586911116758934
front,B,8250.0,47.10871409284591,15.0,0.7,928.5369635194367,6.4e-05,598.5082183333008,127.776786637844,21.34921171068814,2.4538714265505193,1.406556010596488e-06,True,6.508374798081816e-13,-8.586911116758934
front,C,8250.0,47.10871409284591,15.0,0.7,928.5369635194367,0.000256,598.5082183333008,255.553573275688,42.69842342137628,4.9077428531010385,0.00959018152842844,True,6.508374798081816e-13,-8.586911116758934
front,D,8250.0,47.10871409284591,15.0,0.7,928.5369635194367,0.001024,598.5082183333008,511.107146551376,85.39684684275257,9.815485706202077,0.1207987005495732,False,6.508374798081816e-13,-8.586911116758934
front,E,8250.0,47.10871409284591,15.0,0.7,928.5369635194367,0.004096,598.5082183333008,1022.214293102752,170.79369368550513,19.630971412404154,0.27910520800029726,False,6.508374798081816e-13,-8.586911116758934
front,F,8250.0,47.10871409284591,15.0,0.7,928.5369635194367,0.016384,598.5082183333008,2044.428586205504,341.58738737101027,39.26194282480831,0.3848562972841485,False,6.508374798081816e-13,-8.586911116758934
front,G,8250.0,47.10871409284591,15.0,0.7,928.5369635194367,0.065536,598.5082183333008,4088.857172411008,683.1747747420205,78.52388564961662,0.4418125120215339,False,6.508374798081816e-13,-8.586911116758934
front,H,8250.0,47.10871409284591,15.0,0.7,928.5369635194367,0.262144,598.5082183333008,8177.714344822016,1366.349549484041,157.04777129923323,0.4708283715030277,False,6.508374798081816e-13,-8.586911116758934
front,A,8500.0,48.53625088353821,15.0,0.7,942.5007089322058,1.6e-05,598.5082183333008,64.0386362144357,10.699708751329709,1.2177151845545007,4.5491615530109414e-21,True,6.51307726939316e-13,-8.708554806465528
front,B,8500.0,48.53625088353821,15.0,0.7,942.5007089322058,6.4e-05,598.5082183333008,128.0772724288714,21.399417502659418,2.4354303691090013,1.483982500931706e-06,True,6.51307726939316e-13,-8.708554806465528
front,C,8500.0,48.53625088353821,15.0,0.7,942.5007089322058,0.000256,598.5082183333008,256.1545448577428,42.798835005318836,4.870860738218003,0.009732281338826662,True,6.51307726939316e-13,-8.708554806465528
front,D,8500.0,48.53625088353821,15.0,0.7,942.5007089322058,0.001024,598.5082183333008,512.3090897154856,85.59767001063767,9.741721476436005,0.12135173908124203,False,6.51307726939316e-13,-8.708554806465528
front,E,8500.0,48.53625088353821,15.0,0.7,942.5007089322058,0.004096,598.5082183333008,1024.6181794309712,171.19534002127534,19.48344295287201,0.2795670824014649,False,6.51307726939316e-13,-8.708554806465528
front,F,8500.0,48.53625088353821,15.0,0.7,942.5007089322058,0.016384,598.5082183333008,2049.2363588619423,342.3906800425507,38.96688590574402,0.38511883611943154,False,6.51307726939316e-13,-8.708554806465528
front,G,8500.0,48.53625088353821,15.0,0.7,942.5007089322058,0.065536,598.5082183333008,4098.472717723885,684.7813600851014,77.93377181148804,0.4419480585736396,False,6.51307726939316e-13,-8.708554806465528
front,H,8500.0,48.53625088353821,15.0,0.7,942.5007089322058,0.262144,598.5082183333008,8196.94543544777,1369.5627201702027,155.8675436229761,0.4708966902210665,False,6.51307726939316e-13,-8.708554806465528
front,A,8750.0,49.96378767423051,15.0,0.7,956.2605712113858,1.6e-05,598.5082183333008,64.19224208729702,10.725373540576726,1.2088228622421067,5.618436611078723e-21,True,6.517416267320839e-13,-8.827794794200203
front,B,8750.0,49.96378767423051,15.0,0.7,956.2605712113858,6.4e-05,598.5082183333008,128.38448417459404,21.45074708115345,2.4176457244842133,1.5669565148933917e-06,True,6.517416267320839e-13,-8.827794794200203
front,C,8750.0,49.96378767423051,15.0,0.7,956.2605712113858,0.000256,598.5082183333008,256.76896834918807,42.9014941623069,4.835291448968427,0.009878758977305727,True,6.517416267320839e-13,-8.827794794200203
front,D,8750.0,49.96378767423051,15.0,0.7,956.2605712113858,0.001024,598.5082183333008,513.5379366983761,85.8029883246138,9.670582897936853,0.1219163051911844,False,6.517416267320839e-13,-8.827794794200203
front,E,8750.0,49.96378767423051,15.0,0.7,956.2605712113858,0.004096,598.5082183333008,1027.0758733967523,171.6059766492276,19.341165795873707,0.2800374405996822,False,6.517416267320839e-13,-8.827794794200203
front,F,8750.0,49.96378767423051,15.0,0.7,956.2605712113858,0.016384,598.5082183333008,2054.1517467935046,343.2119532984552,38.68233159174741,0.3853860350610407,False,6.517416267320839e-13,-8.827794794200203
front,G,8750.0,49.96378767423051,15.0,0.7,956.2605712113858,0.065536,598.5082183333008,4108.303493587009,686.4239065969105,77.36466318349483,0.44208599016371297,False,6.517416267320839e-13,-8.827794794200203
front,H,8750.0,49.96378767423051,15.0,0.7,956.2605712113858,0.262144,598.5082183333008,8216.606987174018,1372.847813193821,154.72932636698965,0.4709662084178418,False,6.517416267320839e-13,-8.827794794200203
front,A,9000.0,51.39132446492281,15.0,0.7,969.8252284661091,1.6e-05,598.5082183333008,64.34887458434574,10.751544024498385,1.2002381393208734,6.957220028105271e-21,True,6.523636209625178e-13,-8.944695616658791
front,B,9000.0,51.39132446492281,15.0,0.7,969.8252284661091,6.4e-05,598.5082183333008,128.69774916869147,21.50308804899677,2.400476278641747,1.655697660581955e-06,True,6.523636209625178e-13,-8.944695616658791
front,C,9000.0,51.39132446492281,15.0,0.7,969.8252284661091,0.000256,598.5082183333008,257.39549833738295,43.00617609799354,4.800952557283494,0.010029367035881894,False,6.523636209625178e-13,-8.944695616658791
front,D,9000.0,51.39132446492281,15.0,0.7,969.8252284661091,0.001024,598.5082183333008,514.7909966747659,86.01235219598708,9.601905114566987,0.12249110337553032,False,6.523636209625178e-13,-8.944695616658791
front,E,9000.0,51.39132446492281,15.0,0.7,969.8252284661091,0.004096,598.5082183333008,1029.5819933495318,172.02470439197415,19.203810229133975,0.28051514609825334,False,6.523636209625178e-13,-8.944695616658791
front,F,9000.0,51.39132446492281,15.0,0.7,969.8252284661091,0.016384,598.5082183333008,2059.1639866990636,344.0494087839483,38.40762045826795,0.3856572408723963,False,6.523636209625178e-13,-8.944695616658791
front,G,9000.0,51.39132446492281,15.0,0.7,969.8252284661091,0.065536,598.5082183333008,4118.327973398127,688.0988175678966,76.8152409165359,0.4422259686150911,False,6.523636209625178e-13,-8.944695616658791
front,H,9000.0,51.39132446492281,15.0,0.7,969.8252284661091,0.262144,598.5082183333008,8236.655946796254,1376.1976351357932,153.6304818330718,0.4710367555292737,False,6.523636209625178e-13,-8.944695616658791
front,A,9250.0,52.81886125561511,15.0,0.7,983.2027601085931,1.6e-05,598.5082183333008,64.50823187715126,10.778169772971694,1.1919422292090214,8.633416967748396e-21,True,6.529550128745342e-13,-9.059315829976555
front,B,9250.0,52.81886125561511,15.0,0.7,983.2027601085931,6.4e-05,598.5082183333008,129.01646375430252,21.556339545943388,2.3838844584180428,1.7504399332426122e-06,True,6.529550128745342e-13,-9.059315829976555
front,C,9250.0,52.81886125561511,15.0,0.7,983.2027601085931,0.000256,598.5082183333008,258.03292750860504,43.112679091886775,4.7677689168360855,0.010183882098282488,False,6.529550128745342e-13,-9.059315829976555
front,D,9250.0,52.81886125561511,15.0,0.7,983.2027601085931,0.001024,598.5082183333008,516.0658550172101,86.22535818377355,9.535537833672171,0.12307497065457973,False,6.529550128745342e-13,-9.059315829976555
front,E,9250.0,52.81886125561511,15.0,0.7,983.2027601085931,0.004096,598.5082183333008,1032.1317100344202,172.4507163675471,19.071075667344342,0.2809991825130826,False,6.529550128745342e-13,-9.059315829976555
front,F,9250.0,52.81886125561511,15.0,0.7,983.2027601085931,0.016384,598.5082183333008,2064.2634200688403,344.9014327350942,38.142151334688684,0.3859318699692783,False,6.529550128745342e-13,-9.059315829976555
front,G,9250.0,52.81886125561511,15.0,0.7,983.2027601085931,0.065536,598.5082183333008,4128.526840137681,689.8028654701884,76.28430266937737,0.44236769189102243,False,6.529550128745342e-13,-9.059315829976555
front,H,9250.0,52.81886125561511,15.0,0.7,983.2027601085931,0.262144,598.5082183333008,8257.053680275361,1379.6057309403768,152.56860533875474,0.4711081792292556,False,6.529550128745342e-13,-9.059315829976555
front,A,9500.0,54.24639804630741,15.0,0.7,996.4007031315116,1.6e-05,598.5082183333008,64.67004252354823,10.805205432874175,1.1839179608753705,1.0731734105834781e-20,True,6.537384409841941e-13,-9.171708540347822
front,B,9500.0,54.24639804630741,15.0,0.7,996.4007031315116,6.4e-05,598.5082183333008,129.34008504709647,21.61041086574835,2.367835921750741,1.8514309181580342e-06,True,6.537384409841941e-13,-9.171708540347822
front,C,9500.0,54.24639804630741,15.0,0.7,996.4007031315116,0.000256,598.5082183333008,258.68017009419293,43.2208217314967,4.735671843501482,0.010342101628620358,False,6.537384409841941e-13,-9.171708540347822
front,D,9500.0,54.24639804630741,15.0,0.7,996.4007031315116,0.001024,598.5082183333008,517.3603401883859,86.4416434629934,9.471343687002964,0.1236668608748987,False,6.537384409841941e-13,-9.171708540347822
front,E,9500.0,54.24639804630741,15.0,0.7,996.4007031315116,0.004096,598.5082183333008,1034.7206803767717,172.8832869259868,18.942687374005928,0.2814886394757008,False,6.537384409841941e-13,-9.171708540347822
front,F,9500.0,54.24639804630741,15.0,0.7,996.4007031315116,0.016384,598.5082183333008,2069.4413607535434,345.7665738519736,37.885374748011856,0.3862094002574552,False,6.537384409841941e-13,-9.171708540347822
front,G,9500.0,54.24639804630741,15.0,0.7,996.4007031315116,0.065536,598.5082183333008,4138.882721507087,691.5331477039472,75.77074949602371,0.4425108898609252,False,6.537384409841941e-13,-9.171708540347822
front,H,9500.0,54.24639804630741,15.0,0.7,996.4007031315116,0.262144,598.5082183333008,8277.765443014174,1383.0662954078944,151.54149899204742,0.4711803432932702,False,6.537384409841941e-13,-9.171708540347822
front,A,9750.0,55.673934836999706,15.0,0.7,1009.4261017611868,1.6e-05,598.5082183333008,64.83406190539951,10.832610132897848,1.176149601717567,1.3357680407216955e-20,True,6.540572844570022e-13,-9.281921873812518
front,B,9750.0,55.673934836999706,15.0,0.7,1009.4261017611868,6.4e-05,598.5082183333008,129.66812381079902,21.665220265795696,2.352299203435134,1.9589311451320556e-06,True,6.540572844570022e-13,-9.281921873812518
front,C,9750.0,55.673934836999706,15.0,0.7,1009.4261017611868,0.000256,598.5082183333008,259.33624762159803,43.33044053159139,4.704598406870268,0.010503841336618074,False,6.540572844570022e-13,-9.281921873812518
front,D,9750.0,55.673934836999706,15.0,0.7,1009.4261017611868,0.001024,598.5082183333008,518.6724952431961,86.66088106318279,9.409196813740536,0.12426583117238671,False,6.540572844570022e-13,-9.281921873812518
front,E,9750.0,55.673934836999706,15.0,0.7,1009.4261017611868,0.004096,598.5082183333008,1037.3449904863921,173.32176212636557,18.818393627481072,0.2819827004263591,False,6.540572844570022e-13,-9.281921873812518
front,F,9750.0,55.673934836999706,15.0,0.7,1009.4261017611868,0.016384,598.5082183333008,2074.6899809727843,346.64352425273114,37.636787254962144,0.38648936405775164,False,6.540572844570022e-13,-9.281921873812518
front,G,9750.0,55.673934836999706,15.0,0.7,1009.4261017611868,0.065536,598.5082183333008,4149.3799619455685,693.2870485054623,75.27357450992429,0.44265532062980417,False,6.540572844570022e-13,-9.281921873812518
front,H,9750.0,55.673934836999706,15.0,0.7,1009.4261017611868,0.262144,598.5082183333008,8298.759923891137,1386.5740970109246,150.54714901984858,0.4712531257460691,False,6.540572844570022e-13,-9.281921873812518
front,A,10000.0,57.10147162769201,15.0,0.7,1022.2855514153571,1.6e-05,598.5082183333008,65.00006915102968,10.860346969343043,1.1686227038359953,1.6642473440544802e-20,True,6.545731346601313e-13,-9.389999394025383
front,B,10000.0,57.10147162769201,15.0,0.7,1022.2855514153571,6.4e-05,598.5082183333008,130.00013830205936,21.720693938686086,2.3372454076719906,2.073213562372331e-06,True,6.545731346601313e-13,-9.389999394025383
front,C,10000.0,57.10147162769201,15.0,0.7,1022.2855514153571,0.000256,598.5082183333008,260.0002766041187,43.44138787737217,4.674490815343981,0.010668932936605008,False,6.545731346601313e-13,-9.389999394025383
front,D,10000.0,57.10147162769201,15.0,0.7,1022.2855514153571,0.001024,598.5082183333008,520.0005532082374,86.88277575474434,9.348981630687963,0.12487103025662982,False,6.545731346601313e-13,-9.389999394025383
front,E,10000.0,57.10147162769201,15.0,0.7,1022.2855514153571,0.004096,598.5082183333008,1040.0011064164748,173.7655515094887,18.697963261375925,0.2824806320095751,False,6.545731346601313e-13,-9.389999394025383
front,F,10000.0,57.10147162769201,15.0,0.7,1022.2855514153571,0.016384,598.5082183333008,2080.0022128329497,347.5311030189774,37.39592652275185,0.3867713419544835,False,6.545731346601313e-13,-9.389999394025383
front,G,10000.0,57.10147162769201,15.0,0.7,1022.2855514153571,0.065536,598.5082183333008,4160.004425665899,695.0622060379548,74.7918530455037,0.4428007673460385,False,6.545731346601313e-13,-9.389999394025383
front,H,10000.0,57.10147162769201,15.0,0.7,1022.2855514153571,0.262144,598.5082183333008,8320.008851331799,1390.1244120759095,149.5837060910074,0.4713264172506708,False,6.545731346601313e-13,-9.389999394025383
front,A,10250.0,58.52900841838431,15.0,0.7,1034.985237744199,1.6e-05,598.5082183333008,65.16786446709101,10.888382560320991,1.1613239701135727,2.074904302066925e-20,True,6.550683824544298e-13,-9.495980475418808
front,B,10250.0,58.52900841838431,15.0,0.7,1034.985237744199,6.4e-05,598.5082183333008,130.33572893418201,21.776765120641983,2.3226479402271454,2.194563104786055e-06,True,6.550683824544298e-13,-9.495980475418808
front,C,10250.0,58.52900841838431,15.0,0.7,1034.985237744199,0.000256,598.5082183333008,260.67145786836403,43.553530241283966,4.645295880454291,0.010837222233485008,False,6.550683824544298e-13,-9.495980475418808
front,D,10250.0,58.52900841838431,15.0,0.7,1034.985237744199,0.001024,598.5082183333008,521.3429157367281,87.10706048256793,9.290591760908582,0.12548168823675593,False,6.550683824544298e-13,-9.495980475418808
front,E,10250.0,58.52900841838431,15.0,0.7,1034.985237744199,0.004096,598.5082183333008,1042.6858314734561,174.21412096513586,18.581183521817163,0.2829817748335839,False,6.550683824544298e-13,-9.495980475418808
front,F,10250.0,58.52900841838431,15.0,0.7,1034.985237744199,0.016384,598.5082183333008,2085.3716629469122,348.4282419302717,37.162367043634326,0.3870549574309218,False,6.550683824544298e-13,-9.495980475418808
front,G,10250.0,58.52900841838431,15.0,0.7,1034.985237744199,0.065536,598.5082183333008,4170.7433258938245,696.8564838605434,74.32473408726865,0.44294703541705377,False,6.550683824544298e-13,-9.495980475418808
front,H,10250.0,58.52900841838431,15.0,0.7,1034.985237744199,0.262144,598.5082183333008,8341.486651787649,1393.712967721087,148.6494681745373,0.4714001197031384,False,6.550683824544298e-13,-9.495980475418808
front,A,10500.0,59.95654520907661,15.0,0.7,1047.5309714105024,1.6e-05,598.5082183333008,65.33726681772762,10.916686657983737,1.154241137135417,2.587936147443845e-20,True,6.557624622692196e-13,-9.599900638023199
front,B,10500.0,59.95654520907661,15.0,0.7,1047.5309714105024,6.4e-05,598.5082183333008,130.67453363545525,21.833373315967474,2.308482274270834,2.323276337162464e-06,True,6.557624622692196e-13,-9.599900638023199
front,C,10500.0,59.95654520907661,15.0,0.7,1047.5309714105024,0.000256,598.5082183333008,261.3490672709105,43.66674663193495,4.616964548541668,0.011008567481470853,False,6.557624622692196e-13,-9.599900638023199
front,D,10500.0,59.95654520907661,15.0,0.7,1047.5309714105024,0.001024,598.5082183333008,522.698134541821,87.3334932638699,9.233929097083337,0.12609710775723304,False,6.557624622692196e-13,-9.599900638023199
front,E,10500.0,59.95654520907661,15.0,0.7,1047.5309714105024,0.004096,598.5082183333008,1045.396269083642,174.6669865277398,18.467858194166674,0.28348553539494087,False,6.557624622692196e-13,-9.599900638023199
front,F,10500.0,59.95654520907661,15.0,0.7,1047.5309714105024,0.016384,598.5082183333008,2090.792538167284,349.3339730554796,36.93571638833335,0.3873398721779908,False,6.557624622692196e-13,-9.599900638023199
front,G,10500.0,59.95654520907661,15.0,0.7,1047.5309714105024,0.065536,598.5082183333008,4181.585076334568,698.6679461109592,73.8714327766667,0.44309395007401825,False,6.557624622692196e-13,-9.599900638023199
front,H,10500.0,59.95654520907661,15.0,0.7,1047.5309714105024,0.262144,598.5082183333008,8363.170152669136,1397.3358922219184,147.7428655533334,0.47147414500345597,False,6.557624622692196e-13,-9.599900638023199
front,A,10750.0,61.38408199976891,15.0,0.7,1059.9282191639422,1.6e-05,598.5082183333008,65.50811189948331,10.94523181016752,1.1473628724856713,3.228337396831052e-20,True,6.562215619868159e-13,-9.701791849261578
front,B,10750.0,61.38408199976891,15.0,0.7,1059.9282191639422,6.4e-05,598.5082183333008,131.01622379896662,21.89046362033504,2.2947257449713425,2.4596611568842482e-06,True,6.562215619868159e-13,-9.701791849261578
front,C,10750.0,61.38408199976891,15.0,0.7,1059.9282191639422,0.000256,598.5082183333008,262.03244759793324,43.78092724067008,4.589451489942685,0.011182837971376128,False,6.562215619868159e-13,-9.701791849261578
front,D,10750.0,61.38408199976891,15.0,0.7,1059.9282191639422,0.001024,598.5082183333008,524.0648951958665,87.56185448134016,9.17890297988537,0.12671665625109152,False,6.562215619868159e-13,-9.701791849261578
front,E,10750.0,61.38408199976891,15.0,0.7,1059.9282191639422,0.004096,598.5082183333008,1048.129790391733,175.12370896268033,18.35780595977074,0.28399137900197136,False,6.562215619868159e-13,-9.701791849261578
front,F,10750.0,61.38408199976891,15.0,0.7,1059.9282191639422,0.016384,598.5082183333008,2096.259580783466,350.24741792536065,36.71561191954148,0.38762578198082026,False,6.562215619868159e-13,-9.701791849261578
front,G,10750.0,61.38408199976891,15.0,0.7,1059.9282191639422,0.065536,598.5082183333008,4192.519161566932,700.4948358507213,73.43122383908296,0.4432413542362085,False,6.562215619868159e-13,-9.701791849261578
front,H,10750.0,61.38408199976891,15.0,0.7,1059.9282191639422,0.262144,598.5082183333008,8385.038323133864,1400.9896717014426,146.86244767816592,0.47154841397761366,False,6.562215619868159e-13,-9.701791849261578
front,A,11000.0,62.81161879046121,15.0,0.7,1072.182131680929,1.6e-05,598.5082183333008,65.68025036898544,10.973993064270513,1.1406786843670977,4.026985415650478e-20,True,6.568817060375607e-13,-9.80168279725735
front,B,11000.0,62.81161879046121,15.0,0.7,1072.182131680929,6.4e-05,598.5082183333008,131.36050073797088,21.947986128541025,2.2813573687341955,2.604036544015917e-06,True,6.568817060375607e-13,-9.80168279725735
front,C,11000.0,62.81161879046121,15.0,0.7,1072.182131680929,0.000256,598.5082183333008,262.72100147594176,43.89597225708205,4.562714737468391,0.011359912810229444,False,6.568817060375607e-13,-9.80168279725735
front,D,11000.0,62.81161879046121,15.0,0.7,1072.182131680929,0.001024,598.5082183333008,525.4420029518835,87.7919445141641,9.125429474936782,0.12733975914980628,False,6.568817060375607e-13,-9.80168279725735
front,E,11000.0,62.81161879046121,15.0,0.7,1072.182131680929,0.004096,598.5082183333008,1050.884005903767,175.5838890283282,18.250858949873564,0.28449882355734446,False,6.568817060375607e-13,-9.80168279725735
front,F,11000.0,62.81161879046121,15.0,0.7,1072.182131680929,0.016384,598.5082183333008,2101.768011807534,351.1677780566564,36.50171789974713,0.38791241310288566,False,6.568817060375607e-13,-9.80168279725735
front,G,11000.0,62.81161879046121,15.0,0.7,1072.182131680929,0.065536,598.5082183333008,4203.536023615068,702.3355561133128,73.00343579949426,0.4433891066334919,False,6.568817060375607e-13,-9.80168279725735
front,H,11000.0,62.81161879046121,15.0,0.7,1072.182131680929,0.262144,598.5082183333008,8407.072047230136,1404.6711122266256,146.0068715989885,0.47162285542994437,False,6.568817060375607e-13,-9.80168279725735
front,A,11250.0,64.23915558115351,15.0,0.7,1084.2975685722422,1.6e-05,598.5082183333008,65.85354628744277,11.002947707356268,1.1341788418220495,5.02195710861844e-20,True,6.573110470553248e-13,-9.899599139541461
front,B,11250.0,64.23915558115351,15.0,0.7,1084.2975685722422,6.4e-05,598.5082183333008,131.70709257488554,22.005895414712537,2.268357683644099,2.7567323491003774e-06,True,6.573110470553248e-13,-9.899599139541461
front,C,11250.0,64.23915558115351,15.0,0.7,1084.2975685722422,0.000256,598.5082183333008,263.4141851497711,44.011790829425074,4.536715367288198,0.01153967986337231,False,6.573110470553248e-13,-9.899599139541461
front,D,11250.0,64.23915558115351,15.0,0.7,1084.2975685722422,0.001024,598.5082183333008,526.8283702995421,88.02358165885015,9.073430734576396,0.12796589391504037,False,6.573110470553248e-13,-9.899599139541461
front,E,11250.0,64.23915558115351,15.0,0.7,1084.2975685722422,0.004096,598.5082183333008,1053.6567405990843,176.0471633177003,18.146861469152793,0.2850074340819253,False,6.573110470553248e-13,-9.899599139541461
front,F,11250.0,64.23915558115351,15.0,0.7,1084.2975685722422,0.016384,598.5082183333008,2107.3134811981686,352.0943266354006,36.293722938305585,0.38819951909993905,False,6.573110470553248e-13,-9.899599139541461
front,G,11250.0,64.23915558115351,15.0,0.7,1084.2975685722422,0.065536,598.5082183333008,4214.626962396337,704.1886532708012,72.58744587661117,0.4435370801518155,False,6.573110470553248e-13,-9.899599139541461
front,H,11250.0,64.23915558115351,15.0,0.7,1084.2975685722422,0.262144,598.5082183333008,8429.253924792674,1408.3773065416024,145.17489175322234,0.4716974053080004,False,6.573110470553248e-13,-9.899599139541461
front,A,11500.0,65.66669237184581,15.0,0.7,1096.2791209028342,1.6e-05,598.5082183333008,66.02787575173556,11.032075037433417,1.1278543041063311,6.26012241650326e-20,True,6.579430637404782e-13,-9.99556373050581
front,B,11500.0,65.66669237184581,15.0,0.7,1096.2791209028342,6.4e-05,598.5082183333008,132.05575150347113,22.064150074866834,2.2557086082126623,2.918089110931013e-06,True,6.579430637404782e-13,-9.99556373050581
front,C,11500.0,65.66669237184581,15.0,0.7,1096.2791209028342,0.000256,598.5082183333008,264.11150300694226,44.12830014973367,4.511417216425325,0.011722034834359267,False,6.579430637404782e-13,-9.99556373050581
front,D,11500.0,65.66669237184581,15.0,0.7,1096.2791209028342,0.001024,598.5082183333008,528.2230060138845,88.25660029946734,9.02283443285065,0.12859458477877378,False,6.579430637404782e-13,-9.99556373050581
front,E,11500.0,65.66669237184581,15.0,0.7,1096.2791209028342,0.004096,598.5082183333008,1056.446012027769,176.51320059893467,18.0456688657013,0.28551681788014766,False,6.579430637404782e-13,-9.99556373050581
front,F,11500.0,65.66669237184581,15.0,0.7,1096.2791209028342,0.016384,598.5082183333008,2112.892024055538,353.02640119786935,36.0913377314026,0.3884868780062498,False,6.579430637404782e-13,-9.99556373050581
front,G,11500.0,65.66669237184581,15.0,0.7,1096.2791209028342,0.065536,598.5082183333008,4225.784048111076,706.0528023957387,72.1826754628052,0.44368516037192246,False,6.579430637404782e-13,-9.99556373050581
front,H,11500.0,65.66669237184581,15.0,0.7,1096.2791209028342,0.262144,598.5082183333008,8451.568096222152,1412.1056047914774,144.3653509256104,0.47177200596495034,False,6.579430637404782e-13,-9.99556373050581
front,A,11750.0,67.09422916253811,15.0,0.7,1108.131131519779,1.6e-05,598.5082183333008,66.20312568660384,11.061356161651945,1.1216966579921772,7.799068556014747e-20,True,6.585625952561626e-13,-10.089596830492404
front,B,11750.0,67.09422916253811,15.0,0.7,1108.131131519779,6.4e-05,598.5082183333008,132.40625137320768,22.12271232330389,2.2433933159843544,3.0884578980860184e-06,True,6.585625952561626e-13,-10.089596830492404
front,C,11750.0,67.09422916253811,15.0,0.7,1108.131131519779,0.000256,598.5082183333008,264.81250274641536,44.24542464660778,4.486786631968709,0.011906880462158053,False,6.585625952561626e-13,-10.089596830492404
front,D,11750.0,67.09422916253811,15.0,0.7,1108.131131519779,0.001024,598.5082183333008,529.6250054928307,88.49084929321556,8.973573263937418,0.12922539809593575,False,6.585625952561626e-13,-10.089596830492404
front,E,11750.0,67.09422916253811,15.0,0.7,1108.131131519779,0.004096,598.5082183333008,1059.2500109856614,176.98169858643112,17.947146527874835,0.2860266202621642,False,6.585625952561626e-13,-10.089596830492404
front,F,11750.0,67.09422916253811,15.0,0.7,1108.131131519779,0.016384,598.5082183333008,2118.500021971323,353.96339717286224,35.89429305574967,0.3887742898442643,False,6.585625952561626e-13,-10.089596830492404
front,G,11750.0,67.09422916253811,15.0,0.7,1108.131131519779,0.065536,598.5082183333008,4237.000043942646,707.9267943457245,71.78858611149934,0.44383324427595866,False,6.585625952561626e-13,-10.089596830492404
front,H,11750.0,67.09422916253811,15.0,0.7,1108.131131519779,0.262144,598.5082183333008,8474.000087885292,1415.853588691449,143.57717222299868,0.4718466055067104,False,6.585625952561626e-13,-10.089596830492404
front,A,12000.0,68.52176595323041,15.0,0.7,1119.8577134435968,1.6e-05,598.5082183333008,66.37919277634761,11.090773817809461,1.115698061962449,9.709418534603821e-20,True,6.589566546970374e-13,-10.181716299023593
front,B,12000.0,68.52176595323041,15.0,0.7,1119.8577134435968,6.4e-05,598.5082183333008,132.75838555269522,22.181547635618923,2.231396123924898,3.2682001692109997e-06,True,6.589566546970374e-13,-10.181716299023593
front,C,12000.0,68.52176595323041,15.0,0.7,1119.8577134435968,0.000256,598.5082183333008,265.51677110539043,44.363095271237846,4.462792247849796,0.012094125818549042,False,6.589566546970374e-13,-10.181716299023593
front,D,12000.0,68.52176595323041,15.0,0.7,1119.8577134435968,0.001024,598.5082183333008,531.0335422107809,88.72619054247569,8.925584495699592,0.12985793822822572,False,6.589566546970374e-13,-10.181716299023593
front,E,12000.0,68.52176595323041,15.0,0.7,1119.8577134435968,0.004096,598.5082183333008,1062.0670844215617,177.45238108495138,17.851168991399184,0.286536520750544,False,6.589566546970374e-13,-10.181716299023593
front,F,12000.0,68.52176595323041,15.0,0.7,1119.8577134435968,0.016384,598.5082183333008,2124.1341688431235,354.90476216990277,35.70233798279837,0.38906157441595457,False,6.589566546970374e-13,-10.181716299023593
front,G,12000.0,68.52176595323041,15.0,0.7,1119.8577134435968,0.065536,598.5082183333008,4248.268337686247,709.8095243398055,71.40467596559674,0.443981239100336,False,6.589566546970374e-13,-10.181716299023593
front,H,12000.0,68.52176595323041,15.0,0.7,1119.8577134435968,0.262144,598.5082183333008,8496.536675372494,1419.619048679611,142.80935193119348,0.4719211572128987,False,6.589566546970374e-13,-10.181716299023593
front,A,12250.0,69.94930274392271,15.0,0.7,1131.4627665437938,1.6e-05,598.5082183333008,66.55598251769862,11.120312216103027,1.1098511964125521,1.2077618594982237e-19,True,6.593414701507014e-13,-10.271937774352331
front,B,12250.0,69.94930274392271,15.0,0.7,1131.4627665437938,6.4e-05,598.5082183333008,133.11196503539725,22.240624432206054,2.2197023928251043,3.4576876479884694e-06,True,6.593414701507014e-13,-10.271937774352331
front,C,12250.0,69.94930274392271,15.0,0.7,1131.4627665437938,0.000256,598.5082183333008,266.2239300707945,44.48124886441211,4.439404785650209,0.012283685691404908,False,6.593414701507014e-13,-10.271937774352331
front,D,12250.0,69.94930274392271,15.0,0.7,1131.4627665437938,0.001024,598.5082183333008,532.447860141589,88.96249772882422,8.878809571300417,0.1304918438899345,False,6.593414701507014e-13,-10.271937774352331
front,E,12250.0,69.94930274392271,15.0,0.7,1131.4627665437938,0.004096,598.5082183333008,1064.895720283178,177.92499545764844,17.757619142600834,0.287046229709759,False,6.593414701507014e-13,-10.271937774352331
front,F,12250.0,69.94930274392271,15.0,0.7,1131.4627665437938,0.016384,598.5082183333008,2129.791440566356,355.84999091529687,35.51523828520167,0.38934856934013456,False,6.593414701507014e-13,-10.271937774352331
front,G,12250.0,69.94930274392271,15.0,0.7,1131.4627665437938,0.065536,598.5082183333008,4259.582881132712,711.6999818305937,71.03047657040334,0.4441290613163282,False,6.593414701507014e-13,-10.271937774352331
front,H,12250.0,69.94930274392271,15.0,0.7,1131.4627665437938,0.262144,598.5082183333008,8519.165762265424,1423.3999636611875,142.06095314080667,0.47199561902226156,False,6.593414701507014e-13,-10.271937774352331
front,A,12500.0,71.37683953461502,15.0,0.7,1142.9499926902977,1.6e-05,598.5082183333008,66.73340837822788,11.14995689851413,1.104149219105348,1.5009282107444753e-19,True,6.599309076618227e-13,-10.360274841231298
front,B,12500.0,71.37683953461502,15.0,0.7,1142.9499926902977,6.4e-05,598.5082183333008,133.46681675645576,22.29991379702826,2.208298438210696,3.6573022094930875e-06,True,6.599309076618227e-13,-10.360274841231298
front,C,12500.0,71.37683953461502,15.0,0.7,1142.9499926902977,0.000256,598.5082183333008,266.9336335129115,44.59982759405652,4.416596876421392,0.01247548004181576,False,6.599309076618227e-13,-10.360274841231298
front,D,12500.0,71.37683953461502,15.0,0.7,1142.9499926902977,0.001024,598.5082183333008,533.867267025823,89.19965518811304,8.833193752842783,0.13112678489669294,False,6.599309076618227e-13,-10.360274841231298
front,E,12500.0,71.37683953461502,15.0,0.7,1142.9499926902977,0.004096,598.5082183333008,1067.734534051646,178.39931037622608,17.666387505685567,0.28755548534548947,False,6.599309076618227e-13,-10.360274841231298
front,F,12500.0,71.37683953461502,15.0,0.7,1142.9499926902977,0.016384,598.5082183333008,2135.469068103292,356.79862075245217,35.33277501137113,0.38963512830507074,False,6.599309076618227e-13,-10.360274841231298
front,G,12500.0,71.37683953461502,15.0,0.7,1142.9499926902977,0.065536,598.5082183333008,4270.938136206584,713.5972415049043,70.66555002274227,0.4442766357224884,False,6.599309076618227e-13,-10.360274841231298
front,H,12500.0,71.37683953461502,15.0,0.7,1142.9499926902977,0.262144,598.5082183333008,8541.876272413168,1427.1944830098087,141.33110004548453,0.47206995307454713,False,6.599309076618227e-13,-10.360274841231298
front,A,12750.0,72.80437632530732,15.0,0.7,1154.322909547656,1.6e-05,598.5082183333008,66.91139104691648,11.179694613592503,1.0985857252321964,1.8633192268262468e-19,True,6.605117226346311e-13,-10.446739188561022
front,B,12750.0,72.80437632530732,15.0,0.7,1154.322909547656,6.4e-05,598.5082183333008,133.82278209383296,22.359389227185005,2.197171450464393,3.867435775242428e-06,True,6.605117226346311e-13,-10.446739188561022
front,C,12750.0,72.80437632530732,15.0,0.7,1154.322909547656,0.000256,598.5082183333008,267.6455641876659,44.71877845437001,4.394342900928786,0.012669433524908858,False,6.605117226346311e-13,-10.446739188561022
front,D,12750.0,72.80437632530732,15.0,0.7,1154.322909547656,0.001024,598.5082183333008,535.2911283753318,89.43755690874002,8.788685801857572,0.13176245926655666,False,6.605117226346311e-13,-10.446739188561022
front,E,12750.0,72.80437632530732,15.0,0.7,1154.322909547656,0.004096,598.5082183333008,1070.5822567506636,178.87511381748004,17.577371603715143,0.288064051028189,False,6.605117226346311e-13,-10.446739188561022
front,F,12750.0,72.80437632530732,15.0,0.7,1154.322909547656,0.016384,598.5082183333008,2141.1645135013273,357.7502276349601,35.154743207430286,0.38992111950997455,False,6.605117226346311e-13,-10.446739188561022
front,G,12750.0,72.80437632530732,15.0,0.7,1154.322909547656,0.065536,598.5082183333008,4282.329027002655,715.5004552699202,70.30948641486057,0.44442389463518406,False,6.605117226346311e-13,-10.446739188561022
front,H,12750.0,72.80437632530732,15.0,0.7,1154.322909547656,0.262144,598.5082183333008,8564.65805400531,1431.0009105398403,140.61897282972114,0.47214412530190686,False,6.605117226346311e-13,-10.446739188561022
front,A,13000.0,74.23191311599962,15.0,0.7,1165.5848631577114,1.6e-05,598.5082183333008,67.08985776541856,11.209513204722139,1.0931547115238758,2.31060830429114e-19,True,6.610846861715471e-13,-10.531340758367659
front,B,13000.0,74.23191311599962,15.0,0.7,1165.5848631577114,6.4e-05,598.5082183333008,134.17971553083711,22.419026409444278,2.1863094230477516,4.088490214745513e-06,True,6.610846861715471e-13,-10.531340758367659
front,C,13000.0,74.23191311599962,15.0,0.7,1165.5848631577114,0.000256,598.5082183333008,268.35943106167423,44.838052818888556,4.372618846095503,0.012865475065771341,False,6.610846861715471e-13,-10.531340758367659
front,D,13000.0,74.23191311599962,15.0,0.7,1165.5848631577114,0.001024,598.5082183333008,536.7188621233485,89.67610563777711,8.745237692191006,0.13239859062997217,False,6.610846861715471e-13,-10.531340758367659
front,E,13000.0,74.23191311599962,15.0,0.7,1165.5848631577114,0.004096,598.5082183333008,1073.437724246697,179.35221127555423,17.490475384382012,0.2885717129016098,False,6.610846861715471e-13,-10.531340758367659
front,F,13000.0,74.23191311599962,15.0,0.7,1165.5848631577114,0.016384,598.5082183333008,2146.875448493394,358.70442255110845,34.980950768764025,0.39020642427257246,False,6.610846861715471e-13,-10.531340758367659
front,G,13000.0,74.23191311599962,15.0,0.7,1165.5848631577114,0.065536,598.5082183333008,4293.750896986788,717.4088451022169,69.96190153752805,0.4445707771654141,False,6.610846861715471e-13,-10.531340758367659
front,H,13000.0,74.23191311599962,15.0,0.7,1165.5848631577114,0.262144,598.5082183333008,8587.501793973575,1434.8176902044338,139.9238030750561,0.47221810506385375,False,6.610846861715471e-13,-10.531340758367659
front,A,13250.0,75.65944990669192,15.0,0.7,1176.7390394383099,1.6e-05,598.5082183333008,67.26874173014535,11.239401510220254,1.0878505439316166,2.8618337406131464e-19,True,6.616505054689761e-13,-10.614087887380892
front,B,13250.0,75.65944990669192,15.0,0.7,1176.7390394383099,6.4e-05,598.5082183333008,134.5374834602907,22.47880302044051,2.1757010878632332,4.320877251750001e-06,True,6.616505054689761e-13,-10.614087887380892
front,C,13250.0,75.65944990669192,15.0,0.7,1176.7390394383099,0.000256,598.5082183333008,269.0749669205814,44.95760604088102,4.3514021757264665,0.013063537483179555,False,6.616505054689761e-13,-10.614087887380892
front,D,13250.0,75.65944990669192,15.0,0.7,1176.7390394383099,0.001024,598.5082183333008,538.1499338411628,89.91521208176204,8.702804351452933,0.13303492591117783,False,6.616505054689761e-13,-10.614087887380892
front,E,13250.0,75.65944990669192,15.0,0.7,1176.7390394383099,0.004096,598.5082183333008,1076.2998676823256,179.83042416352407,17.405608702905866,0.289078277742299,False,6.616505054689761e-13,-10.614087887380892
front,F,13250.0,75.65944990669192,15.0,0.7,1176.7390394383099,0.016384,598.5082183333008,2152.599735364651,359.66084832704814,34.81121740581173,0.3904909357830117,False,6.616505054689761e-13,-10.614087887380892
front,G,13250.0,75.65944990669192,15.0,0.7,1176.7390394383099,0.065536,598.5082183333008,4305.199470729302,719.3216966540963,69.62243481162346,0.44471722857165985,False,6.616505054689761e-13,-10.614087887380892
front,H,13250.0,75.65944990669192,15.0,0.7,1176.7390394383099,0.262144,598.5082183333008,8610.398941458605,1438.6433933081926,139.24486962324693,0.4722918648206047,False,6.616505054689761e-13,-10.614087887380892
front,A,13500.0,77.08698669738422,15.0,0.7,1187.7884747100434,1.6e-05,598.5082183333008,67.44798155665453,11.269349273846345,1.0826679284631822,3.540076440073116e-19,True,6.619991359957815e-13,-10.694987442321857
front,B,13500.0,77.08698669738422,15.0,0.7,1187.7884747100434,6.4e-05,598.5082183333008,134.89596311330905,22.53869854769269,2.1653358569263643,4.565018373715644e-06,True,6.619991359957815e-13,-10.694987442321857
front,C,13500.0,77.08698669738422,15.0,0.7,1187.7884747100434,0.000256,598.5082183333008,269.7919262266181,45.07739709538538,4.330671713852729,0.013263557154920544,False,6.619991359957815e-13,-10.694987442321857
front,D,13500.0,77.08698669738422,15.0,0.7,1187.7884747100434,0.001024,598.5082183333008,539.5838524532362,90.15479419077076,8.661343427705457,0.13367123324870162,False,6.619991359957815e-13,-10.694987442321857
front,E,13500.0,77.08698669738422,15.0,0.7,1187.7884747100434,0.004096,598.5082183333008,1079.1677049064724,180.30958838154152,17.322686855410915,0.28958357104059773,False,6.619991359957815e-13,-10.694987442321857
front,F,13500.0,77.08698669738422,15.0,0.7,1187.7884747100434,0.016384,598.5082183333008,2158.335409812945,360.61917676308303,34.64537371082183,0.39077455798696936,False,6.619991359957815e-13,-10.694987442321857
front,G,13500.0,77.08698669738422,15.0,0.7,1187.7884747100434,0.065536,598.5082183333008,4316.67081962589,721.2383535261661,69.29074742164366,0.4448631996798742,False,6.619991359957815e-13,-10.694987442321857
front,H,13500.0,77.08698669738422,15.0,0.7,1187.7884747100434,0.262144,598.5082183333008,8633.34163925178,1442.4767070523321,138.58149484328732,0.47236537984031657,False,6.619991359957815e-13,-10.694987442321857
front,A,13750.0,78.51452348807652,15.0,0.7,1198.736065349594,1.6e-05,598.5082183333008,67.62752079897632,11.299347064490185,1.0776018848139133,4.373264222143895e-19,True,6.625531202041368e-13,-10.774044949870023
front,B,13750.0,78.51452348807652,15.0,0.7,1198.736065349594,6.4e-05,598.5082183333008,135.25504159795264,22.59869412898037,2.1552037696278266,4.821344743306159e-06,True,6.625531202041368e-13,-10.774044949870023
front,C,13750.0,78.51452348807652,15.0,0.7,1198.736065349594,0.000256,598.5082183333008,270.5100831959053,45.19738825796074,4.310407539255653,0.01346547371939446,False,6.625531202041368e-13,-10.774044949870023
front,D,13750.0,78.51452348807652,15.0,0.7,1198.736065349594,0.001024,598.5082183333008,541.0201663918106,90.39477651592148,8.620815078511306,0.13430730012693126,False,6.625531202041368e-13,-10.774044949870023
front,E,13750.0,78.51452348807652,15.0,0.7,1198.736065349594,0.004096,598.5082183333008,1082.0403327836211,180.78955303184296,17.241630157022612,0.29008743527752534,False,6.625531202041368e-13,-10.774044949870023
front,F,13750.0,78.51452348807652,15.0,0.7,1198.736065349594,0.016384,598.5082183333008,2164.0806655672422,361.5791060636859,34.483260314045225,0.3910572045830608,False,6.625531202041368e-13,-10.774044949870023
front,G,13750.0,78.51452348807652,15.0,0.7,1198.736065349594,0.065536,598.5082183333008,4328.1613311344845,723.1582121273718,68.96652062809045,0.4450086463628694,False,6.625531202041368e-13,-10.774044949870023
front,H,13750.0,78.51452348807652,15.0,0.7,1198.736065349594,0.262144,598.5082183333008,8656.322662268969,1446.3164242547437,137.9330412561809,0.4724386279363091,False,6.625531202041368e-13,-10.774044949870023
front,A,14000.0,79.9420602787688,15.0,0.7,1209.5845766566474,1.6e-05,598.5082183333008,67.80730751748524,11.32938620397094,1.0726477224794668,5.395124382354184e-19,True,6.631017506085852e-13,-10.85126472214973
front,B,14000.0,79.9420602787688,15.0,0.7,1209.5845766566474,6.4e-05,598.5082183333008,135.61461503497048,22.65877240794188,2.1452954449589337,5.090297110911421e-06,True,6.631017506085852e-13,-10.85126472214973
front,C,14000.0,79.9420602787688,15.0,0.7,1209.5845766566474,0.000256,598.5082183333008,271.22923006994097,45.31754481588376,4.290590889917867,0.013669229808946894,False,6.631017506085852e-13,-10.85126472214973
front,D,14000.0,79.9420602787688,15.0,0.7,1209.5845766566474,0.001024,598.5082183333008,542.4584601398819,90.63508963176751,8.581181779835735,0.13494293169442734,False,6.631017506085852e-13,-10.85126472214973
front,E,14000.0,79.9420602787688,15.0,0.7,1209.5845766566474,0.004096,598.5082183333008,1084.9169202797639,181.27017926353503,17.16236355967147,0.29058972837523095,False,6.631017506085852e-13,-10.85126472214973
front,F,14000.0,79.9420602787688,15.0,0.7,1209.5845766566474,0.016384,598.5082183333008,2169.8338405595277,362.54035852707005,34.32472711934294,0.3913387981215525,False,6.631017506085852e-13,-10.85126472214973
front,G,14000.0,79.9420602787688,15.0,0.7,1209.5845766566474,0.065536,598.5082183333008,4339.6676811190555,725.0807170541401,68.64945423868588,0.4451535290723529,False,6.631017506085852e-13,-10.85126472214973
front,H,14000.0,79.9420602787688,15.0,0.7,1209.5845766566474,0.262144,598.5082183333008,8679.335362238111,1450.1614341082802,137.29890847737175,0.47251158923086783,False,6.631017506085852e-13,-10.85126472214973
front,A,14250.0,81.36959706946111,15.0,0.7,1220.3366510112921,1.6e-05,598.5082183333008,67.98729388975916,11.35945870201869,1.0678010190770146,6.646309489228671e-19,True,6.63854552714886e-13,-10.926649978463526
front,B,14250.0,81.36959706946111,15.0,0.7,1220.3366510112921,6.4e-05,598.5082183333008,135.97458777951832,22.71891740403738,2.1356020381540293,5.372325727391544e-06,True,6.63854552714886e-13,-10.926649978463526
front,C,14250.0,81.36959706946111,15.0,0.7,1220.3366510112921,0.000256,598.5082183333008,271.94917555903663,45.43783480807476,4.2712040763080585,0.013874770811019664,False,6.63854552714886e-13,-10.926649978463526
front,D,14250.0,81.36959706946111,15.0,0.7,1220.3366510112921,0.001024,598.5082183333008,543.8983511180733,90.87566961614952,8.542408152616117,0.13557794924779198,False,6.63854552714886e-13,-10.926649978463526
front,E,14250.0,81.36959706946111,15.0,0.7,1220.3366510112921,0.004096,598.5082183333008,1087.7967022361465,181.75133923229905,17.084816305232234,0.291090322301523,False,6.63854552714886e-13,-10.926649978463526
front,F,14250.0,81.36959706946111,15.0,0.7,1220.3366510112921,0.016384,598.5082183333008,2175.593404472293,363.5026784645981,34.16963261046447,0.39161926919302237,False,6.63854552714886e-13,-10.926649978463526
front,G,14250.0,81.36959706946111,15.0,0.7,1220.3366510112921,0.065536,598.5082183333008,4351.186808944586,727.0053569291962,68.33926522092894,0.445297812417712,False,6.63854552714886e-13,-10.926649978463526
front,H,14250.0,81.36959706946111,15.0,0.7,1220.3366510112921,0.262144,598.5082183333008,8702.373617889172,1454.0107138583924,136.67853044185787,0.4725842459426488,False,6.63854552714886e-13,-10.926649978463526
front,A,14500.0,82.79713386015341,15.0,0.7,1230.9948153900857,1.6e-05,598.5082183333008,68.16743585958105,11.389557197628916,1.0630576006359564,8.175725186413509e-19,True,6.641849227818651e-13,-11.000202963893265
front,B,14500.0,82.79713386015341,15.0,0.7,1230.9948153900857,6.4e-05,598.5082183333008,136.3348717191621,22.77911439525783,2.126115201271913,5.667890256384155e-06,True,6.641849227818651e-13,-11.000202963893265
front,C,14500.0,82.79713386015341,15.0,0.7,1230.9948153900857,0.000256,598.5082183333008,272.6697434383242,45.55822879051566,4.252230402543826,0.014082044653749338,False,6.641849227818651e-13,-11.000202963893265
front,D,14500.0,82.79713386015341,15.0,0.7,1230.9948153900857,0.001024,598.5082183333008,545.3394868766484,91.11645758103133,8.504460805087652,0.13621218886260816,False,6.641849227818651e-13,-11.000202963893265
front,E,14500.0,82.79713386015341,15.0,0.7,1230.9948153900857,0.004096,598.5082183333008,1090.6789737532968,182.23291516206265,17.008921610175303,0.29158910181142017,False,6.641849227818651e-13,-11.000202963893265
front,F,14500.0,82.79713386015341,15.0,0.7,1230.9948153900857,0.016384,598.5082183333008,2181.3579475065935,364.4658303241253,34.017843220350606,0.39189855569702536,False,6.641849227818651e-13,-11.000202963893265
front,G,14500.0,82.79713386015341,15.0,0.7,1230.9948153900857,0.065536,598.5082183333008,4362.715895013187,728.9316606482506,68.03568644070121,0.4454414647863804,False,6.641849227818651e-13,-11.000202963893265
front,H,14500.0,82.79713386015341,15.0,0.7,1230.9948153900857,0.262144,598.5082183333008,8725.431790026374,1457.8633212965012,136.07137288140243,0.4726565821950757,False,6.641849227818651e-13,-11.000202963893265
front,A,14750.0,84.22467065084571,15.0,0.7,1241.561488301359,1.6e-05,598.5082183333008,68.34769281985014,11.419674906082621,1.0584135236486962,1.0042093058601924e-18,True,6.647203533885202e-13,-11.071925065292941
front,B,14750.0,84.22467065084571,15.0,0.7,1241.561488301359,6.4e-05,598.5082183333008,136.69538563970028,22.839349812165242,2.1168270472973925,5.977459685639719e-06,True,6.647203533885202e-13,-11.071925065292941
front,C,14750.0,84.22467065084571,15.0,0.7,1241.561488301359,0.000256,598.5082183333008,273.39077127940055,45.678699624330484,4.233654094594785,0.01429100161310114,False,6.647203533885202e-13,-11.071925065292941
front,D,14750.0,84.22467065084571,15.0,0.7,1241.561488301359,0.001024,598.5082183333008,546.7815425588011,91.35739924866097,8.46730818918957,0.13684550015527291,False,6.647203533885202e-13,-11.071925065292941
front,E,14750.0,84.22467065084571,15.0,0.7,1241.561488301359,0.004096,598.5082183333008,1093.5630851176022,182.71479849732194,16.93461637837914,0.2920859633107654,False,6.647203533885202e-13,-11.071925065292941
front,F,14750.0,84.22467065084571,15.0,0.7,1241.561488301359,0.016384,598.5082183333008,2187.1261702352044,365.4295969946439,33.86923275675828,0.3921766021820352,False,6.647203533885202e-13,-11.071925065292941
front,G,14750.0,84.22467065084571,15.0,0.7,1241.561488301359,0.065536,598.5082183333008,4374.252340470409,730.8591939892877,67.73846551351656,0.4455844580012518,False,6.647203533885202e-13,-11.071925065292941
front,H,14750.0,84.22467065084571,15.0,0.7,1241.561488301359,0.262144,598.5082183333008,8748.504680940818,1461.7183879785755,135.47693102703312,0.47272858384344174,False,6.647203533885202e-13,-11.071925065292941
front,A,15000.0,85.65220744153801,15.0,0.7,1252.0389861936812,1.6e-05,598.5082183333008,68.52802732569539,11.449805571012744,1.053865058697438,1.2315786470307901e-18,True,6.652522143924915e-13,-11.141816925107976
front,B,15000.0,85.65220744153801,15.0,0.7,1252.0389861936812,6.4e-05,598.5082183333008,137.05605465139078,22.89961114202549,2.107730117394876,6.301512236953773e-06,True,6.652522143924915e-13,-11.141816925107976
front,C,15000.0,85.65220744153801,15.0,0.7,1252.0389861936812,0.000256,598.5082183333008,274.11210930278156,45.79922228405098,4.215460234789752,0.01450159413901542,False,6.652522143924915e-13,-11.141816925107976
front,D,15000.0,85.65220744153801,15.0,0.7,1252.0389861936812,0.001024,598.5082183333008,548.2242186055631,91.59844456810195,8.430920469579505,0.1374777451615542,False,6.652522143924915e-13,-11.141816925107976
front,E,15000.0,85.65220744153801,15.0,0.7,1252.0389861936812,0.004096,598.5082183333008,1096.4484372111262,183.1968891362039,16.86184093915901,0.29258081382875745,False,6.652522143924915e-13,-11.141816925107976
front,F,15000.0,85.65220744153801,15.0,0.7,1252.0389861936812,0.016384,598.5082183333008,2192.8968744222525,366.3937782724078,33.72368187831802,0.3924533592489921,False,6.652522143924915e-13,-11.141816925107976
front,G,15000.0,85.65220744153801,15.0,0.7,1252.0389861936812,0.065536,598.5082183333008,4385.793748844505,732.7875565448156,67.44736375663604,0.4457267670111522,False,6.652522143924915e-13,-11.141816925107976
front,H,15000.0,85.65220744153801,15.0,0.7,1252.0389861936812,0.262144,598.5082183333008,8771.58749768901,1465.5751130896313,134.89472751327207,0.47280023831870094,False,6.652522143924915e-13,-11.141816925107976
front,A,15250.0,87.07974423223031,15.0,0.7,1262.4295293855878,1.6e-05,598.5082183333008,68.70840483453814,11.479943420973278,1.0494086754949197,1.5080982759929337e-18,True,6.657808668152985e-13,-11.209878553368704
front,B,15250.0,87.07974423223031,15.0,0.7,1262.4295293855878,6.4e-05,598.5082183333008,137.4168096690763,22.959886841946556,2.0988173509898393,6.6405352743502355e-06,True,6.657808668152985e-13,-11.209878553368704
front,C,15250.0,87.07974423223031,15.0,0.7,1262.4295293855878,0.000256,598.5082183333008,274.8336193381526,45.91977368389311,4.197634701979679,0.014713776698375543,False,6.657808668152985e-13,-11.209878553368704
front,D,15250.0,87.07974423223031,15.0,0.7,1262.4295293855878,0.001024,598.5082183333008,549.6672386763051,91.83954736778622,8.395269403959357,0.13810879731940917,False,6.657808668152985e-13,-11.209878553368704
front,E,15250.0,87.07974423223031,15.0,0.7,1262.4295293855878,0.004096,598.5082183333008,1099.3344773526103,183.67909473557245,16.790538807918715,0.2930735700878264,False,6.657808668152985e-13,-11.209878553368704
front,F,15250.0,87.07974423223031,15.0,0.7,1262.4295293855878,0.016384,598.5082183333008,2198.6689547052206,367.3581894711449,33.58107761583743,0.39272878301169545,False,6.657808668152985e-13,-11.209878553368704
front,G,15250.0,87.07974423223031,15.0,0.7,1262.4295293855878,0.065536,598.5082183333008,4397.337909410441,734.7163789422898,67.16215523167486,0.4458683696108593,False,6.657808668152985e-13,-11.209878553368704
front,H,15250.0,87.07974423223031,15.0,0.7,1262.4295293855878,0.262144,598.5082183333008,8794.675818820882,1469.4327578845796,134.32431046334972,0.47287153448617725,False,6.657808668152985e-13,-11.209878553368704
front,A,15500.0,88.50728102292261,15.0,0.7,1272.7352475595744,1.6e-05,598.5082183333008,68.88879347024331,11.510083130033166,1.0450410291960335,1.8438181335408136e-18,True,6.663066431832567e-13,-11.276109438128069
front,B,15500.0,88.50728102292261,15.0,0.7,1272.7352475595744,6.4e-05,598.5082183333008,137.77758694048663,23.020166260066333,2.090082058392067,6.9950252102443585e-06,True,6.663066431832567e-13,-11.276109438128069
front,C,15500.0,88.50728102292261,15.0,0.7,1272.7352475595744,0.000256,598.5082183333008,275.55517388097326,46.040332520132665,4.180164116784134,0.014927505632891157,False,6.663066431832567e-13,-11.276109438128069
front,D,15500.0,88.50728102292261,15.0,0.7,1272.7352475595744,0.001024,598.5082183333008,551.1103477619465,92.08066504026533,8.360328233568268,0.13873854054510487,False,6.663066431832567e-13,-11.276109438128069
front,E,15500.0,88.50728102292261,15.0,0.7,1272.7352475595744,0.004096,598.5082183333008,1102.220695523893,184.16133008053066,16.720656467136536,0.29356415766064203,False,6.663066431832567e-13,-11.276109438128069
front,F,15500.0,88.50728102292261,15.0,0.7,1272.7352475595744,0.016384,598.5082183333008,2204.441391047786,368.3226601610613,33.44131293427307,0.39300283460807856,False,6.663066431832567e-13,-11.276109438128069
front,G,15500.0,88.50728102292261,15.0,0.7,1272.7352475595744,0.065536,598.5082183333008,4408.882782095572,736.6453203221226,66.88262586854614,0.4460092461875659,False,6.663066431832567e-13,-11.276109438128069
front,H,15500.0,88.50728102292261,15.0,0.7,1272.7352475595744,0.262144,598.5082183333008,8817.765564191144,1473.2906406442453,133.76525173709229,0.47294246251762423,False,6.663066431832567e-13,-11.276109438128069
front,A,15750.0,89.93481781361491,15.0,0.7,1282.958184858862,1.6e-05,598.5082183333008,69.06916380883774,11.540219781973672,1.0407589478538017,2.2507144145329207e-18,True,6.668298498508306e-13,-11.340508654534887
front,B,15750.0,89.93481781361491,15.0,0.7,1282.958184858862,6.4e-05,598.5082183333008,138.1383276176755,23.080439563947344,2.0815178957076035,7.3654874093723536e-06,True,6.668298498508306e-13,-11.340508654534887
front,C,15750.0,89.93481781361491,15.0,0.7,1282.958184858862,0.000256,598.5082183333008,276.276655235351,46.16087912789469,4.163035791415207,0.015142739030232224,False,6.668298498508306e-13,-11.340508654534887
front,D,15750.0,89.93481781361491,15.0,0.7,1282.958184858862,0.001024,598.5082183333008,552.553310470702,92.32175825578938,8.326071582830414,0.1393668683929657,False,6.668298498508306e-13,-11.340508654534887
front,E,15750.0,89.93481781361491,15.0,0.7,1282.958184858862,0.004096,598.5082183333008,1105.106620941404,184.64351651157875,16.652143165660828,0.29405251020523226,False,6.668298498508306e-13,-11.340508654534887
front,F,15750.0,89.93481781361491,15.0,0.7,1282.958184858862,0.016384,598.5082183333008,2210.213241882808,369.2870330231575,33.304286331321656,0.3932754797570902,False,6.668298498508306e-13,-11.340508654534887
front,G,15750.0,89.93481781361491,15.0,0.7,1282.958184858862,0.065536,598.5082183333008,4420.426483765616,738.574066046315,66.60857266264331,0.4461493794910479,False,6.668298498508306e-13,-11.340508654534887
front,H,15750.0,89.93481781361491,15.0,0.7,1282.958184858862,0.262144,598.5082183333008,8840.852967531231,1477.14813209263,133.21714532528662,0.473013013775252,False,6.668298498508306e-13,-11.340508654534887
front,A,16000.0,91.36235460430721,15.0,0.7,1293.100304621479,1.6e-05,598.5082183333008,69.24948868357028,11.570348837717416,1.0365594209075686,2.7430322769891337e-18,True,6.671455567018898e-13,-11.40307497266248
front,B,16000.0,91.36235460430721,15.0,0.7,1293.100304621479,6.4e-05,598.5082183333008,138.49897736714055,23.140697675434833,2.073118841815137,7.752436090328285e-06,True,6.671455567018898e-13,-11.40307497266248
front,C,16000.0,91.36235460430721,15.0,0.7,1293.100304621479,0.000256,598.5082183333008,276.9979547342811,46.281395350869666,4.146237683630274,0.015359436606959952,False,6.671455567018898e-13,-11.40307497266248
front,D,16000.0,91.36235460430721,15.0,0.7,1293.100304621479,0.001024,598.5082183333008,553.9959094685622,92.56279070173933,8.292475367260549,0.13999368329020107,False,6.671455567018898e-13,-11.40307497266248
front,E,16000.0,91.36235460430721,15.0,0.7,1293.100304621479,0.004096,598.5082183333008,1107.9918189371244,185.12558140347866,16.584950734521097,0.2945385687702223,False,6.671455567018898e-13,-11.40307497266248
front,F,16000.0,91.36235460430721,15.0,0.7,1293.100304621479,0.016384,598.5082183333008,2215.983637874249,370.2511628069573,33.169901469042195,0.39354668835651385,False,6.671455567018898e-13,-11.40307497266248
front,G,16000.0,91.36235460430721,15.0,0.7,1293.100304621479,0.065536,598.5082183333008,4431.967275748498,740.5023256139146,66.33980293808439,0.4462887544251074,False,6.671455567018898e-13,-11.40307497266248
front,H,16000.0,91.36235460430721,15.0,0.7,1293.100304621479,0.262144,598.5082183333008,8863.934551496995,1481.0046512278293,132.67960587616878,0.473083180706495,False,6.671455567018898e-13,-11.40307497266248
front,A,16250.0,92.78989139499951,15.0,0.7,1303.1634937827166,1.6e-05,598.5082183333008,69.42974300734448,11.600466105660065,1.0324395886038218,3.3376845075506945e-18,True,6.674603018676244e-13,-11.463806964142098
front,B,16250.0,92.78989139499951,15.0,0.7,1303.1634937827166,6.4e-05,598.5082183333008,138.85948601468897,23.20093221132013,2.0648791772076436,8.156394224590185e-06,True,6.674603018676244e-13,-11.463806964142098
front,C,16250.0,92.78989139499951,15.0,0.7,1303.1634937827166,0.000256,598.5082183333008,277.71897202937794,46.40186442264026,4.129758354415287,0.015577559601979356,False,6.674603018676244e-13,-11.463806964142098
front,D,16250.0,92.78989139499951,15.0,0.7,1303.1634937827166,0.001024,598.5082183333008,555.4379440587559,92.80372884528052,8.259516708830574,0.14061889583924198,False,6.674603018676244e-13,-11.463806964142098
front,E,16250.0,92.78989139499951,15.0,0.7,1303.1634937827166,0.004096,598.5082183333008,1110.8758881175117,185.60745769056103,16.51903341766115,0.2950222811631106,False,6.674603018676244e-13,-11.463806964142098
front,F,16250.0,92.78989139499951,15.0,0.7,1303.1634937827166,0.016384,598.5082183333008,2221.7517762350235,371.21491538112207,33.0380668353223,0.39381643411758077,False,6.674603018676244e-13,-11.463806964142098
front,G,16250.0,92.78989139499951,15.0,0.7,1303.1634937827166,0.065536,598.5082183333008,4443.503552470047,742.4298307622441,66.0761336706446,0.4464273578581369,False,6.674603018676244e-13,-11.463806964142098
front,H,16250.0,92.78989139499951,15.0,0.7,1303.1634937827166,0.262144,598.5082183333008,8887.007104940094,1484.8596615244883,132.1522673412892,0.4731529567484333,False,6.674603018676244e-13,-11.463806964142098
front,A,16500.0,94.21742818569182,15.0,0.7,1313.1495669739193,1.6e-05,598.5082183333008,69.60990361077958,11.630567714613203,1.0283967322610275,4.05471440974028e-18,True,6.681826158376325e-13,-11.522703107584379
front,B,16500.0,94.21742818569182,15.0,0.7,1313.1495669739193,6.4e-05,598.5082183333008,139.21980722155917,23.261135429226407,2.056793464522055,8.57789343295588e-06,True,6.681826158376325e-13,-11.522703107584379
front,C,16500.0,94.21742818569182,15.0,0.7,1313.1495669739193,0.000256,598.5082183333008,278.43961444311833,46.52227085845281,4.11358692904411,0.015797070679394756,False,6.681826158376325e-13,-11.522703107584379
front,D,16500.0,94.21742818569182,15.0,0.7,1313.1495669739193,0.001024,598.5082183333008,556.8792288862367,93.04454171690563,8.22717385808822,0.14124242418087424,False,6.681826158376325e-13,-11.522703107584379
front,E,16500.0,94.21742818569182,15.0,0.7,1313.1495669739193,0.004096,598.5082183333008,1113.7584577724733,186.08908343381125,16.45434771617644,0.29550360137528864,False,6.681826158376325e-13,-11.522703107584379
front,F,16500.0,94.21742818569182,15.0,0.7,1313.1495669739193,0.016384,598.5082183333008,2227.5169155449466,372.1781668676225,32.90869543235288,0.3940846942326973,False,6.681826158376325e-13,-11.522703107584379
front,G,16500.0,94.21742818569182,15.0,0.7,1313.1495669739193,0.065536,598.5082183333008,4455.033831089893,744.356333735245,65.81739086470576,0.44656517845089116,False,6.681826158376325e-13,-11.522703107584379
front,H,16500.0,94.21742818569182,15.0,0.7,1313.1495669739193,0.262144,598.5082183333008,8910.067662179787,1488.71266747049,131.63478172941151,0.4732223362409003,False,6.681826158376325e-13,-11.522703107584379
front,A,16750.0,95.64496497638412,15.0,0.7,1323.0602703428165,1.6e-05,598.5082183333008,69.78994909435033,11.660650089099578,1.0244282652995012,4.917832265597456e-18,True,6.684950574607162e-13,-11.579761892708191
front,B,16750.0,95.64496497638412,15.0,0.7,1323.0602703428165,6.4e-05,598.5082183333008,139.57989818870067,23.321300178199156,2.0488565305990023,9.017473879337665e-06,True,6.684950574607162e-13,-11.579761892708191
front,C,16750.0,95.64496497638412,15.0,0.7,1323.0602703428165,0.000256,598.5082183333008,279.15979637740134,46.64260035639831,4.097713061198005,0.01601793383978278,False,6.684950574607162e-13,-11.579761892708191
front,D,16750.0,95.64496497638412,15.0,0.7,1323.0602703428165,0.001024,598.5082183333008,558.3195927548027,93.28520071279662,8.19542612239601,0.14186419341219836,False,6.684950574607162e-13,-11.579761892708191
front,E,16750.0,95.64496497638412,15.0,0.7,1323.0602703428165,0.004096,598.5082183333008,1116.6391855096053,186.57040142559325,16.39085224479202,0.29598248905820446,False,6.684950574607162e-13,-11.579761892708191
front,F,16750.0,95.64496497638412,15.0,0.7,1323.0602703428165,0.016384,598.5082183333008,2233.2783710192107,373.1408028511865,32.78170448958404,0.3943514490730094,False,6.684950574607162e-13,-11.579761892708191
front,G,16750.0,95.64496497638412,15.0,0.7,1323.0602703428165,0.065536,598.5082183333008,4466.556742038421,746.281605702373,65.56340897916807,0.4467022064997625,False,6.684950574607162e-13,-11.579761892708191
front,H,16750.0,95.64496497638412,15.0,0.7,1323.0602703428165,0.262144,598.5082183333008,8933.113484076843,1492.563211404746,131.12681795833615,0.47329131434741806,False,6.684950574607162e-13,-11.579761892708191
front,A,17000.0,97.07250176707642,15.0,0.7,1332.8972851181825,1.6e-05,598.5082183333008,69.96985969322911,11.69070992677061,1.0205317249657706,5.955035928188673e-18,True,6.690102800992925e-13,-11.634981923036005
front,B,17000.0,97.07250176707642,15.0,0.7,1332.8972851181825,6.4e-05,598.5082183333008,139.93971938645822,23.38141985354122,2.041063449931541,9.475684161893816e-06,True,6.690102800992925e-13,-11.634981923036005
front,C,17000.0,97.07250176707642,15.0,0.7,1332.8972851181825,0.000256,598.5082183333008,279.87943877291644,46.76283970708244,4.082126899863082,0.016240114339015236,False,6.690102800992925e-13,-11.634981923036005
front,D,17000.0,97.07250176707642,15.0,0.7,1332.8972851181825,0.001024,598.5082183333008,559.7588775458329,93.52567941416488,8.164253799726165,0.14248413505410817,False,6.690102800992925e-13,-11.634981923036005
front,E,17000.0,97.07250176707642,15.0,0.7,1332.8972851181825,0.004096,598.5082183333008,1119.5177550916658,187.05135882832977,16.32850759945233,0.2964589090456838,False,6.690102800992925e-13,-11.634981923036005
front,F,17000.0,97.07250176707642,15.0,0.7,1332.8972851181825,0.016384,598.5082183333008,2239.0355101833316,374.10271765665954,32.65701519890466,0.394616681912887,False,6.690102800992925e-13,-11.634981923036005
front,G,17000.0,97.07250176707642,15.0,0.7,1332.8972851181825,0.065536,598.5082183333008,4478.071020366663,748.2054353133191,65.31403039780932,0.446838433794043,False,6.690102800992925e-13,-11.634981923036005
front,H,17000.0,97.07250176707642,15.0,0.7,1332.8972851181825,0.262144,598.5082183333008,8956.142040733326,1496.4108706266381,130.62806079561864,0.47335988698319226,False,6.690102800992925e-13,-11.634981923036005
front,A,17250.0,98.50003855776872,15.0,0.7,1342.662230939426,1.6e-05,598.5082183333008,70.14961715360285,11.720744177741185,1.0167047646883327,7.199327443655871e-18,True,6.693217423584465e-13,-11.688362016958834
front,B,17250.0,98.50003855776872,15.0,0.7,1342.662230939426,6.4e-05,598.5082183333008,140.2992343072057,23.44148835548237,2.0334095293766654,9.953081201494169e-06,True,6.693217423584465e-13,-11.688362016958834
front,C,17250.0,98.50003855776872,15.0,0.7,1342.662230939426,0.000256,598.5082183333008,280.5984686144114,46.88297671096474,4.066819058753331,0.01646357861386428,False,6.693217423584465e-13,-11.688362016958834
front,D,17250.0,98.50003855776872,15.0,0.7,1342.662230939426,0.001024,598.5082183333008,561.1969372288228,93.76595342192948,8.133638117506662,0.14310218656354945,False,6.693217423584465e-13,-11.688362016958834
front,E,17250.0,98.50003855776872,15.0,0.7,1342.662230939426,0.004096,598.5082183333008,1122.3938744576456,187.53190684385896,16.267276235013323,0.2969328309179533,False,6.693217423584465e-13,-11.688362016958834
front,F,17250.0,98.50003855776872,15.0,0.7,1342.662230939426,0.016384,598.5082183333008,2244.787748915291,375.0638136877179,32.53455247002665,0.3948803786787218,False,6.693217423584465e-13,-11.688362016958834
front,G,17250.0,98.50003855776872,15.0,0.7,1342.662230939426,0.065536,598.5082183333008,4489.575497830582,750.1276273754358,65.0691049400533,0.4469738534858171,False,6.693217423584465e-13,-11.688362016958834
front,H,17250.0,98.50003855776872,15.0,0.7,1342.662230939426,0.262144,598.5082183333008,8979.150995661164,1500.2552547508717,130.1382098801066,0.4734280507494839,False,6.693217423584465e-13,-11.688362016958834
front,A,17500.0,99.92757534846102,15.0,0.7,1352.3566689697846,1.6e-05,598.5082183333008,70.32920461937091,11.750750025658892,1.0129451470082564,8.689539089171631e-18,True,6.700373549032091e-13,-11.739901306920348
front,B,17500.0,99.92757534846102,15.0,0.7,1352.3566689697846,6.4e-05,598.5082183333008,140.65840923874183,23.501500051317784,2.025890294016513,1.0450230127539264e-05,True,6.700373549032091e-13,-11.739901306920348
front,C,17500.0,99.92757534846102,15.0,0.7,1352.3566689697846,0.000256,598.5082183333008,281.31681847748365,47.00300010263557,4.051780588033026,0.016688294213712054,False,6.700373549032091e-13,-11.739901306920348
front,D,17500.0,99.92757534846102,15.0,0.7,1352.3566689697846,0.001024,598.5082183333008,562.6336369549673,94.00600020527114,8.103561176066052,0.1437182908863323,False,6.700373549032091e-13,-11.739901306920348
front,E,17500.0,99.92757534846102,15.0,0.7,1352.3566689697846,0.004096,598.5082183333008,1125.2672739099346,188.01200041054227,16.207122352132103,0.29740422860339144,False,6.700373549032091e-13,-11.739901306920348
front,F,17500.0,99.92757534846102,15.0,0.7,1352.3566689697846,0.016384,598.5082183333008,2250.534547819869,376.02400082108454,32.414244704264206,0.3951425277197107,False,6.700373549032091e-13,-11.739901306920348
front,G,17500.0,99.92757534846102,15.0,0.7,1352.3566689697846,0.065536,598.5082183333008,4501.069095639738,752.0480016421691,64.82848940852841,0.4471084599712759,False,6.700373549032091e-13,-11.739901306920348
front,H,17500.0,99.92757534846102,15.0,0.7,1352.3566689697846,0.262144,598.5082183333008,9002.138191279477,1504.0960032843382,129.65697881705682,0.4734958028737463,False,6.700373549032091e-13,-11.739901306920348
front,A,17750.0,101.35511213915332,15.0,0.7,1361.9821048100691,1.6e-05,598.5082183333008,70.5086065282455,11.78072487034426,1.009250737033887,1.0471283860497375e-17,True,6.703479916856328e-13,-11.789599336422917
front,B,17750.0,101.35511213915332,15.0,0.7,1361.9821048100691,6.4e-05,598.5082183333008,141.017213056491,23.56144974068852,2.018501474067774,1.0967704161164035e-05,True,6.703479916856328e-13,-11.789599336422917
front,C,17750.0,101.35511213915332,15.0,0.7,1361.9821048100691,0.000256,598.5082183333008,282.034426112982,47.12289948137704,4.037002948135548,0.01691422973776198,False,6.703479916856328e-13,-11.789599336422917
front,D,17750.0,101.35511213915332,15.0,0.7,1361.9821048100691,0.001024,598.5082183333008,564.068852225964,94.24579896275408,8.074005896271096,0.14433239604671189,False,6.703479916856328e-13,-11.789599336422917
front,E,17750.0,101.35511213915332,15.0,0.7,1361.9821048100691,0.004096,598.5082183333008,1128.137704451928,188.49159792550816,16.148011792542192,0.2978730800144421,False,6.703479916856328e-13,-11.789599336422917
front,F,17750.0,101.35511213915332,15.0,0.7,1361.9821048100691,0.016384,598.5082183333008,2256.275408903856,376.9831958510163,32.296023585084384,0.3954031195985412,False,6.703479916856328e-13,-11.789599336422917
front,G,17750.0,101.35511213915332,15.0,0.7,1361.9821048100691,0.065536,598.5082183333008,4512.550817807712,753.9663917020326,64.59204717016877,0.44724224878236724,False,6.703479916856328e-13,-11.789599336422917
front,H,17750.0,101.35511213915332,15.0,0.7,1361.9821048100691,0.262144,598.5082183333008,9025.101635615423,1507.9327834040653,129.18409434033754,0.473563141154979,False,6.703479916856328e-13,-11.789599336422917
front,A,18000.0,102.78264892984562,15.0,0.7,1371.539991228357,1.6e-05,598.5082183333008,70.68780851637983,11.810666311855853,1.0056194963740188,1.2598047263819053e-17,True,6.708599853345363e-13,-11.837456154514195
front,B,18000.0,102.78264892984562,15.0,0.7,1371.539991228357,6.4e-05,598.5082183333008,141.37561703275966,23.621332623711705,2.0112389927480376,1.1506084495875442e-05,True,6.708599853345363e-13,-11.837456154514195
front,C,18000.0,102.78264892984562,15.0,0.7,1371.539991228357,0.000256,598.5082183333008,282.7512340655193,47.24266524742341,4.022477985496075,0.017141354777218447,False,6.708599853345363e-13,-11.837456154514195
front,D,18000.0,102.78264892984562,15.0,0.7,1371.539991228357,0.001024,598.5082183333008,565.5024681310387,94.48533049484682,8.04495597099215,0.14494445477035273,False,6.708599853345363e-13,-11.837456154514195
front,E,18000.0,102.78264892984562,15.0,0.7,1371.539991228357,0.004096,598.5082183333008,1131.0049362620773,188.97066098969364,16.0899119419843,0.2983393667145047,False,6.708599853345363e-13,-11.837456154514195
front,F,18000.0,102.78264892984562,15.0,0.7,1371.539991228357,0.016384,598.5082183333008,2262.0098725241546,377.9413219793873,32.1798238839686,0.39566214690011187,False,6.708599853345363e-13,-11.837456154514195
front,G,18000.0,102.78264892984562,15.0,0.7,1371.539991228357,0.065536,598.5082183333008,4524.019745048309,755.8826439587746,64.3596477679372,0.44737521648781226,False,6.708599853345363e-13,-11.837456154514195
front,H,18000.0,102.78264892984562,15.0,0.7,1371.539991228357,0.262144,598.5082183333008,9048.039490096618,1511.7652879175491,128.7192955358744,0.47363006391381,False,6.708599853345363e-13,-11.837456154514195
front,A,18250.0,104.21018572053792,15.0,0.7,1381.0317307196444,1.6e-05,598.5082183333008,70.8667973307398,11.840572135849117,1.002049477508462,1.513243927599695e-17,True,6.713714091586087e-13,-11.883472407376459
front,B,18250.0,104.21018572053792,15.0,0.7,1381.0317307196444,6.4e-05,598.5082183333008,141.7335946614796,23.681144271698233,2.004098955016924,1.206596017568011e-05,True,6.713714091586087e-13,-11.883472407376459
front,C,18250.0,104.21018572053792,15.0,0.7,1381.0317307196444,0.000256,598.5082183333008,283.4671893229592,47.36228854339647,4.008197910033848,0.01736963986195882,False,6.713714091586087e-13,-11.883472407376459
front,D,18250.0,104.21018572053792,15.0,0.7,1381.0317307196444,0.001024,598.5082183333008,566.9343786459184,94.72457708679293,8.016395820067697,0.1455544241376338,False,6.713714091586087e-13,-11.883472407376459
front,E,18250.0,104.21018572053792,15.0,0.7,1381.0317307196444,0.004096,598.5082183333008,1133.8687572918368,189.44915417358587,16.032791640135393,0.2988030736129342,False,6.713714091586087e-13,-11.883472407376459
front,F,18250.0,104.21018572053792,15.0,0.7,1381.0317307196444,0.016384,598.5082183333008,2267.7375145836736,378.89830834717174,32.065583280270786,0.3959196040566115,False,6.713714091586087e-13,-11.883472407376459
front,G,18250.0,104.21018572053792,15.0,0.7,1381.0317307196444,0.065536,598.5082183333008,4535.475029167347,757.7966166943435,64.13116656054157,0.44750736060261664,False,6.713714091586087e-13,-11.883472407376459
front,H,18250.0,104.21018572053792,15.0,0.7,1381.0317307196444,0.262144,598.5082183333008,9070.950058334694,1515.593233388687,128.26233312108315,0.4736965699468657,False,6.713714091586087e-13,-11.883472407376459
front,A,18500.0,105.63772251123022,15.0,0.7,1390.458677908233,1.6e-05,598.5082183333008,71.04556074851506,11.870440300111433,0.9985388185589548,1.8147627551173627e-17,True,6.718823876601077e-13,-11.927649426609346
front,B,18500.0,105.63772251123022,15.0,0.7,1390.458677908233,6.4e-05,598.5082183333008,142.09112149703012,23.740880600222866,1.9970776371179095,1.264792797077104e-05,True,6.718823876601077e-13,-11.927649426609346
front,C,18500.0,105.63772251123022,15.0,0.7,1390.458677908233,0.000256,598.5082183333008,284.18224299406023,47.48176120044573,3.994155274235819,0.0175990564112744,False,6.718823876601077e-13,-11.927649426609346
front,D,18500.0,105.63772251123022,15.0,0.7,1390.458677908233,0.001024,598.5082183333008,568.3644859881205,94.96352240089146,7.988310548471638,0.14616226526456771,False,6.718823876601077e-13,-11.927649426609346
front,E,18500.0,105.63772251123022,15.0,0.7,1390.458677908233,0.004096,598.5082183333008,1136.728971976241,189.92704480178293,15.976621096943276,0.2992641886855817,False,6.718823876601077e-13,-11.927649426609346
front,F,18500.0,105.63772251123022,15.0,0.7,1390.458677908233,0.016384,598.5082183333008,2273.457943952482,379.85408960356585,31.953242193886553,0.3961754871874529,False,6.718823876601077e-13,-11.927649426609346
front,G,18500.0,105.63772251123022,15.0,0.7,1390.458677908233,0.065536,598.5082183333008,4546.915887904964,759.7081792071317,63.906484387773105,0.447638679505294,False,6.718823876601077e-13,-11.927649426609346
front,H,18500.0,105.63772251123022,15.0,0.7,1390.458677908233,0.262144,598.5082183333008,9093.831775809927,1519.4163584142634,127.81296877554621,0.4737626584850323,False,6.718823876601077e-13,-11.927649426609346
front,A,18750.0,107.06525930192252,15.0,0.7,1399.8221418044961,1.6e-05,598.5082183333008,71.22408750293734,11.90026892216769,0.9950857384269749,2.172897538656111e-17,True,6.719939890957041e-13,-11.96998931377223
front,B,18750.0,107.06525930192252,15.0,0.7,1399.8221418044961,6.4e-05,598.5082183333008,142.44817500587467,23.80053784433538,1.9901714768539498,1.3252592250847583e-05,True,6.719939890957041e-13,-11.96998931377223
front,C,18750.0,107.06525930192252,15.0,0.7,1399.8221418044961,0.000256,598.5082183333008,284.89635001174935,47.60107568867076,3.9803429537078996,0.017829576688302137,False,6.719939890957041e-13,-11.96998931377223
front,D,18750.0,107.06525930192252,15.0,0.7,1399.8221418044961,0.001024,598.5082183333008,569.7927000234987,95.20215137734152,7.960685907415799,0.14676794300887458,False,6.719939890957041e-13,-11.96998931377223
front,E,18750.0,107.06525930192252,15.0,0.7,1399.8221418044961,0.004096,598.5082183333008,1139.5854000469974,190.40430275468304,15.921371814831598,0.29972270271855933,False,6.719939890957041e-13,-11.96998931377223
front,F,18750.0,107.06525930192252,15.0,0.7,1399.8221418044961,0.016384,598.5082183333008,2279.170800093995,380.8086055093661,31.842743629663197,0.39642979395270733,False,6.719939890957041e-13,-11.96998931377223
front,G,18750.0,107.06525930192252,15.0,0.7,1399.8221418044961,0.065536,598.5082183333008,4558.34160018799,761.6172110187322,63.68548725932639,0.447769172362097,False,6.719939890957041e-13,-11.96998931377223
front,H,18750.0,107.06525930192252,15.0,0.7,1399.8221418044961,0.262144,598.5082183333008,9116.68320037598,1523.2344220374644,127.37097451865279,0.47382832915525536,False,6.719939890957041e-13,-11.96998931377223
front,A,19000.0,108.49279609261482,15.0,0.7,1409.123387926672,1.6e-05,598.5082183333008,71.40236721493665,11.930056267861252,0.9916885322681946,2.5975910633968025e-17,True,6.727044327927384e-13,-12.010495020737102
front,B,19000.0,108.49279609261482,15.0,0.7,1409.123387926672,6.4e-05,598.5082183333008,142.8047344298733,23.860112535722504,1.9833770645363893,1.3880564856152296e-05,True,6.727044327927384e-13,-12.010495020737102
front,C,19000.0,108.49279609261482,15.0,0.7,1409.123387926672,0.000256,598.5082183333008,285.6094688597466,47.72022507144501,3.9667541290727786,0.018061173757809326,False,6.727044327927384e-13,-12.010495020737102
front,D,19000.0,108.49279609261482,15.0,0.7,1409.123387926672,0.001024,598.5082183333008,571.2189377194932,95.44045014289001,7.933508258145557,0.1473714256990003,False,6.727044327927384e-13,-12.010495020737102
front,E,19000.0,108.49279609261482,15.0,0.7,1409.123387926672,0.004096,598.5082183333008,1142.4378754389863,190.88090028578003,15.867016516291114,0.30017860907314764,False,6.727044327927384e-13,-12.010495020737102
front,F,19000.0,108.49279609261482,15.0,0.7,1409.123387926672,0.016384,598.5082183333008,2284.8757508779727,381.76180057156006,31.73403303258223,0.39668252341882027,False,6.727044327927384e-13,-12.010495020737102
front,G,19000.0,108.49279609261482,15.0,0.7,1409.123387926672,0.065536,598.5082183333008,4569.751501755945,763.5236011431201,63.46806606516446,0.44789883905762307,False,6.727044327927384e-13,-12.010495020737102
front,H,19000.0,108.49279609261482,15.0,0.7,1409.123387926672,0.262144,598.5082183333008,9139.50300351189,1527.0472022862402,126.93613213032891,0.4738935819455558,False,6.727044327927384e-13,-12.010495020737102
front,A,19250.0,109.92033288330713,15.0,0.7,1418.3636402974228,1.6e-05,598.5082183333008,71.5803903301224,11.95980074082463,0.988345567276184,3.100405467493423e-17,True,6.732152216131621e-13,-12.049170425391814
front,B,19250.0,109.92033288330713,15.0,0.7,1418.3636402974228,6.4e-05,598.5082183333008,143.1607806602448,23.91960148164926,1.976691134552368,1.4532464966310006e-05,True,6.732152216131621e-13,-12.049170425391814
front,C,19250.0,109.92033288330713,15.0,0.7,1418.3636402974228,0.000256,598.5082183333008,286.3215613204896,47.83920296329852,3.953382269104736,0.01829382144702802,False,6.732152216131621e-13,-12.049170425391814
front,D,19250.0,109.92033288330713,15.0,0.7,1418.3636402974228,0.001024,598.5082183333008,572.6431226409792,95.67840592659704,7.906764538209472,0.14797268488408383,False,6.732152216131621e-13,-12.049170425391814
front,E,19250.0,109.92033288330713,15.0,0.7,1418.3636402974228,0.004096,598.5082183333008,1145.2862452819584,191.35681185319407,15.813529076418943,0.3006319034699647,False,6.732152216131621e-13,-12.049170425391814
front,F,19250.0,109.92033288330713,15.0,0.7,1418.3636402974228,0.016384,598.5082183333008,2290.5724905639167,382.71362370638815,31.627058152837886,0.3969336759355091,False,6.732152216131621e-13,-12.049170425391814
front,G,19250.0,109.92033288330713,15.0,0.7,1418.3636402974228,0.065536,598.5082183333008,4581.1449811278335,765.4272474127763,63.25411630567577,0.4480276801312228,False,6.732152216131621e-13,-12.049170425391814
front,H,19250.0,109.92033288330713,15.0,0.7,1418.3636402974228,0.262144,598.5082183333008,9162.289962255667,1530.8544948255526,126.50823261135154,0.47395841717297427,False,6.732152216131621e-13,-12.049170425391814
front,A,19500.0,111.34786967399941,15.0,0.7,1427.5440833240743,1.6e-05,598.5082183333008,71.75814806062708,11.989500872762617,0.9850552787505236,3.6947643786076224e-17,True,6.735279294773324e-13,-12.086020402234375
front,B,19500.0,111.34786967399941,15.0,0.7,1427.5440833240743,6.4e-05,598.5082183333008,143.51629612125416,23.979001745525235,1.9701105575010471,1.5208918967063005e-05,True,6.735279294773324e-13,-12.086020402234375
front,C,19500.0,111.34786967399941,15.0,0.7,1427.5440833240743,0.000256,598.5082183333008,287.0325922425083,47.95800349105047,3.9402211150020943,0.018527494309268613,False,6.735279294773324e-13,-12.086020402234375
front,D,19500.0,111.34786967399941,15.0,0.7,1427.5440833240743,0.001024,598.5082183333008,574.0651844850166,95.91600698210094,7.8804422300041885,0.14857169510307117,False,6.735279294773324e-13,-12.086020402234375
front,E,19500.0,111.34786967399941,15.0,0.7,1427.5440833240743,0.004096,598.5082183333008,1148.1303689700333,191.83201396420188,15.760884460008377,0.3010825837907021,False,6.735279294773324e-13,-12.086020402234375
front,F,19500.0,111.34786967399941,15.0,0.7,1427.5440833240743,0.016384,598.5082183333008,2296.2607379400665,383.66402792840375,31.521768920016754,0.3971832530228525,False,6.735279294773324e-13,-12.086020402234375
front,G,19500.0,111.34786967399941,15.0,0.7,1427.5440833240743,0.065536,598.5082183333008,4592.521475880133,767.3280558568075,63.04353784003351,0.44815569671869565,False,6.735279294773324e-13,-12.086020402234375
front,H,19500.0,111.34786967399941,15.0,0.7,1427.5440833240743,0.262144,598.5082183333008,9185.042951760266,1534.656111713615,126.08707568006702,0.47402283545418367,False,6.735279294773324e-13,-12.086020402234375
front,A,19750.0,112.77540646469171,15.0,0.7,1436.6658635707145,1.6e-05,598.5082183333008,71.93563233139413,12.019155314477937,0.9818161664267682,4.396227872815938e-17,True,6.738416534694081e-13,-12.121050887406641
front,B,19750.0,112.77540646469171,15.0,0.7,1436.6658635707145,6.4e-05,598.5082183333008,143.87126466278826,24.038310628955873,1.9636323328535363,1.5910560314995958e-05,True,6.738416534694081e-13,-12.121050887406641
front,C,19750.0,112.77540646469171,15.0,0.7,1436.6658635707145,0.000256,598.5082183333008,287.7425293255765,48.07662125791175,3.9272646657070727,0.018762167590068147,False,6.738416534694081e-13,-12.121050887406641
front,D,19750.0,112.77540646469171,15.0,0.7,1436.6658635707145,0.001024,598.5082183333008,575.485058651153,96.1532425158235,7.854529331414145,0.14916843367134652,False,6.738416534694081e-13,-12.121050887406641
front,E,19750.0,112.77540646469171,15.0,0.7,1436.6658635707145,0.004096,598.5082183333008,1150.970117302306,192.306485031647,15.70905866282829,0.30153064989589407,False,6.738416534694081e-13,-12.121050887406641
front,F,19750.0,112.77540646469171,15.0,0.7,1436.6658635707145,0.016384,598.5082183333008,2301.940234604612,384.612970063294,31.41811732565658,0.39743125726767325,False,6.738416534694081e-13,-12.121050887406641
front,G,19750.0,112.77540646469171,15.0,0.7,1436.6658635707145,0.065536,598.5082183333008,4603.880469209224,769.225940126588,62.83623465131316,0.44828289049880676,False,6.738416534694081e-13,-12.121050887406641
front,H,19750.0,112.77540646469171,15.0,0.7,1436.6658635707145,0.262144,598.5082183333008,9207.760938418449,1538.451880253176,125.67246930262633,0.4740868376785349,False,6.738416534694081e-13,-12.121050887406641
front,A,20000.0,114.20294325538401,15.0,0.7,1445.730091429656,1.6e-05,598.5082183333008,72.11283573053232,12.048762827576363,0.9786267910477551,5.222804221950343e-17,True,6.741564589467738e-13,-12.154268937732354
front,B,20000.0,114.20294325538401,15.0,0.7,1445.730091429656,6.4e-05,598.5082183333008,144.22567146106465,24.097525655152726,1.9572535820955101,1.6638029400350016e-05,True,6.741564589467738e-13,-12.154268937732354
front,C,20000.0,114.20294325538401,15.0,0.7,1445.730091429656,0.000256,598.5082183333008,288.4513429221293,48.19505131030545,3.9145071641910203,0.018997817195654687,False,6.741564589467738e-13,-12.154268937732354
front,D,20000.0,114.20294325538401,15.0,0.7,1445.730091429656,0.001024,598.5082183333008,576.9026858442586,96.3901026206109,7.829014328382041,0.14976288048340664,False,6.741564589467738e-13,-12.154268937732354
front,E,20000.0,114.20294325538401,15.0,0.7,1445.730091429656,0.004096,598.5082183333008,1153.8053716885172,192.7802052412218,15.658028656764081,0.3019761034573334,False,6.741564589467738e-13,-12.154268937732354
front,F,20000.0,114.20294325538401,15.0,0.7,1445.730091429656,0.016384,598.5082183333008,2307.6107433770344,385.5604104824436,31.316057313528162,0.397677692228406,False,6.741564589467738e-13,-12.154268937732354
front,G,20000.0,114.20294325538401,15.0,0.7,1445.730091429656,0.065536,598.5082183333008,4615.221486754069,771.1208209648872,62.632114627056325,0.44840926364420414,False,6.741564589467738e-13,-12.154268937732354
front,H,20000.0,114.20294325538401,15.0,0.7,1445.730091429656,0.262144,598.5082183333008,9230.442973508138,1542.2416419297745,125.26422925411265,0.4741504249833224,False,6.741564589467738e-13,-12.154268937732354
front,A,20250.0,115.63048004607631,15.0,0.7,1454.7378426991636,1.6e-05,598.5082183333008,72.28975146339421,12.078322276794045,0.9754857711575933,6.195302812448324e-17,True,6.748655687658916e-13,-12.185682783349245
front,B,20250.0,115.63048004607631,15.0,0.7,1454.7378426991636,6.4e-05,598.5082183333008,144.57950292678842,24.15664455358809,1.9509715423151865,1.73919734080238e-05,True,6.748655687658916e-13,-12.185682783349245
front,C,20250.0,115.63048004607631,15.0,0.7,1454.7378426991636,0.000256,598.5082183333008,289.15900585357684,48.31328910717618,3.901943084630373,0.019234419663529723,False,6.748655687658916e-13,-12.185682783349245
front,D,20250.0,115.63048004607631,15.0,0.7,1454.7378426991636,0.001024,598.5082183333008,578.3180117071537,96.62657821435236,7.803886169260746,0.15035501783024063,False,6.748655687658916e-13,-12.185682783349245
front,E,20250.0,115.63048004607631,15.0,0.7,1454.7378426991636,0.004096,598.5082183333008,1156.6360234143074,193.25315642870473,15.607772338521492,0.30241894780387785,False,6.748655687658916e-13,-12.185682783349245
front,F,20250.0,115.63048004607631,15.0,0.7,1454.7378426991636,0.016384,598.5082183333008,2313.2720468286147,386.50631285740945,31.215544677042985,0.39792256234771484,False,6.748655687658916e-13,-12.185682783349245
front,G,20250.0,115.63048004607631,15.0,0.7,1454.7378426991636,0.065536,598.5082183333008,4626.5440936572295,773.0126257148189,62.43108935408597,0.44853481877635426,False,6.748655687658916e-13,-12.185682783349245
front,H,20250.0,115.63048004607631,15.0,0.7,1454.7378426991636,0.262144,598.5082183333008,9253.088187314459,1546.0252514296378,124.86217870817194,0.4742135987310776,False,6.748655687658916e-13,-12.185682783349245
front,A,20500.0,117.05801683676862,15.0,0.7,1463.6901600737883,1.6e-05,598.5082183333008,72.46637331006846,12.107832622895241,0.9723917801013187,7.33773307253478e-17,True,6.751817505077553e-13,-12.215301873559003
front,B,20500.0,117.05801683676862,15.0,0.7,1463.6901600737883,6.4e-05,598.5082183333008,144.93274662013692,24.215665245790483,1.9447835602026373,1.8173046176865944e-05,True,6.751817505077553e-13,-12.215301873559003
front,C,20500.0,117.05801683676862,15.0,0.7,1463.6901600737883,0.000256,598.5082183333008,289.86549324027385,48.431330491580965,3.8895671204052746,0.0194719521349915,False,6.751817505077553e-13,-12.215301873559003
front,D,20500.0,117.05801683676862,15.0,0.7,1463.6901600737883,0.001024,598.5082183333008,579.7309864805477,96.86266098316193,7.779134240810549,0.15094483023020483,False,6.751817505077553e-13,-12.215301873559003
front,E,20500.0,117.05801683676862,15.0,0.7,1463.6901600737883,0.004096,598.5082183333008,1159.4619729610954,193.72532196632386,15.558268481621099,0.3028591877795097,False,6.751817505077553e-13,-12.215301873559003
front,F,20500.0,117.05801683676862,15.0,0.7,1463.6901600737883,0.016384,598.5082183333008,2318.923945922191,387.4506439326477,31.116536963242197,0.3981658728721966,False,6.751817505077553e-13,-12.215301873559003
front,G,20500.0,117.05801683676862,15.0,0.7,1463.6901600737883,0.065536,598.5082183333008,4637.847891844382,774.9012878652954,62.233073926484394,0.44865955892415094,False,6.751817505077553e-13,-12.215301873559003
front,H,20500.0,117.05801683676862,15.0,0.7,1463.6901600737883,0.262144,598.5082183333008,9275.695783688763,1549.802575730591,124.46614785296879,0.47427636048871546,False,6.751817505077553e-13,-12.215301873559003
front,A,20750.0,118.48555362746092,15.0,0.7,1472.5880545531554,1.6e-05,598.5082183333008,72.64269558600468,12.137292916093424,0.9693435432146967,8.677754737533711e-17,True,6.754991804165146e-13,-12.243136915561854
front,B,20750.0,118.48555362746092,15.0,0.7,1472.5880545531554,6.4e-05,598.5082183333008,145.28539117200935,24.274585832186848,1.9386870864293935,1.898190805735872e-05,True,6.754991804165146e-13,-12.243136915561854
front,C,20750.0,118.48555362746092,15.0,0.7,1472.5880545531554,0.000256,598.5082183333008,290.5707823440187,48.549171664373695,3.877374172858787,0.019710392329437557,False,6.754991804165146e-13,-12.243136915561854
front,D,20750.0,118.48555362746092,15.0,0.7,1472.5880545531554,0.001024,598.5082183333008,581.1415646880374,97.09834332874739,7.754748345717574,0.1515323042722871,False,6.754991804165146e-13,-12.243136915561854
front,E,20750.0,118.48555362746092,15.0,0.7,1472.5880545531554,0.004096,598.5082183333008,1162.2831293760748,194.19668665749478,15.509496691435148,0.30329682961261417,False,6.754991804165146e-13,-12.243136915561854
front,F,20750.0,118.48555362746092,15.0,0.7,1472.5880545531554,0.016384,598.5082183333008,2324.5662587521497,388.39337331498956,31.018993382870296,0.3984076297785668,False,6.754991804165146e-13,-12.243136915561854
front,G,20750.0,118.48555362746092,15.0,0.7,1472.5880545531554,0.065536,598.5082183333008,4649.132517504299,776.7867466299791,62.03798676574059,0.4487834874858839,False,6.754991804165146e-13,-12.243136915561854
front,H,20750.0,118.48555362746092,15.0,0.7,1472.5880545531554,0.262144,598.5082183333008,9298.265035008599,1553.5734932599582,124.07597353148118,0.4743387120083761,False,6.754991804165146e-13,-12.243136915561854
front,A,21000.0,119.91309041815322,15.0,0.7,1481.4325067745956,1.6e-05,598.5082183333008,72.81871310551469,12.166702289953014,0.9663398351899901,1.0247185317967503e-16,True,6.760130553547469e-13,-12.269199905789034
front,B,21000.0,119.91309041815322,15.0,0.7,1481.4325067745956,6.4e-05,598.5082183333008,145.63742621102938,24.333404579906027,1.9326796703799802,1.9819225767797277e-05,True,6.760130553547469e-13,-12.269199905789034
front,C,21000.0,119.91309041815322,15.0,0.7,1481.4325067745956,0.000256,598.5082183333008,291.27485242205876,48.666809159812054,3.8653593407599605,0.019949718520301706,False,6.760130553547469e-13,-12.269199905789034
front,D,21000.0,119.91309041815322,15.0,0.7,1481.4325067745956,0.001024,598.5082183333008,582.5497048441175,97.33361831962411,7.730718681519921,0.15211742847076332,False,6.760130553547469e-13,-12.269199905789034
front,E,21000.0,119.91309041815322,15.0,0.7,1481.4325067745956,0.004096,598.5082183333008,1165.099409688235,194.66723663924822,15.461437363039842,0.3037318807955387,False,6.760130553547469e-13,-12.269199905789034
front,F,21000.0,119.91309041815322,15.0,0.7,1481.4325067745956,0.016384,598.5082183333008,2330.19881937647,389.33447327849643,30.922874726079684,0.3986478397057799,False,6.760130553547469e-13,-12.269199905789034
front,G,21000.0,119.91309041815322,15.0,0.7,1481.4325067745956,0.065536,598.5082183333008,4660.39763875294,778.6689465569929,61.84574945215937,0.44890660819428263,False,6.760130553547469e-13,-12.269199905789034
front,H,21000.0,119.91309041815322,15.0,0.7,1481.4325067745956,0.262144,598.5082183333008,9320.79527750588,1557.3378931139857,123.69149890431873,0.47440065520981767,False,6.760130553547469e-13,-12.269199905789034
front,A,21250.0,121.34062720884552,15.0,0.7,1490.2244682745875,1.6e-05,598.5082183333008,72.99442114791793,12.196059955732867,0.9633794776047291,1.208257121457253e-16,True,6.765273202900868e-13,-12.293504153605737
front,B,21250.0,121.34062720884552,15.0,0.7,1490.2244682745875,6.4e-05,598.5082183333008,145.98884229583587,24.392119911465734,1.9267589552094582,2.06856722490676e-05,True,6.765273202900868e-13,-12.293504153605737
front,C,21250.0,121.34062720884552,15.0,0.7,1490.2244682745875,0.000256,598.5082183333008,291.97768459167173,48.78423982293147,3.8535179104189163,0.020189909512493713,False,6.765273202900868e-13,-12.293504153605737
front,D,21250.0,121.34062720884552,15.0,0.7,1490.2244682745875,0.001024,598.5082183333008,583.9553691833435,97.56847964586294,7.707035820837833,0.15270019313033134,False,6.765273202900868e-13,-12.293504153605737
front,E,21250.0,121.34062720884552,15.0,0.7,1490.2244682745875,0.004096,598.5082183333008,1167.910738366687,195.13695929172587,15.414071641675665,0.30416434997358116,False,6.765273202900868e-13,-12.293504153605737
front,F,21250.0,121.34062720884552,15.0,0.7,1490.2244682745875,0.016384,598.5082183333008,2335.821476733374,390.27391858345175,30.82814328335133,0.39888650989258756,False,6.765273202900868e-13,-12.293504153605737
front,G,21250.0,121.34062720884552,15.0,0.7,1490.2244682745875,0.065536,598.5082183333008,4671.642953466748,780.5478371669035,61.65628656670266,0.44902892508437675,False,6.765273202900868e-13,-12.293504153605737
front,H,21250.0,121.34062720884552,15.0,0.7,1490.2244682745875,0.262144,598.5082183333008,9343.285906933495,1561.095674333807,123.31257313340532,0.47446219216423025,False,6.765273202900868e-13,-12.293504153605737
front,A,21500.0,122.76816399953782,15.0,0.7,1498.9648626836092,1.6e-05,598.5082183333008,73.16981542611919,12.225365197136181,0.960461336601608,1.422582955130203e-16,True,6.768478011603713e-13,-12.316064297216833
front,B,21500.0,122.76816399953782,15.0,0.7,1498.9648626836092,6.4e-05,598.5082183333008,146.33963085223837,24.450730394272362,1.920922673203216,2.158192651812482e-05,True,6.768478011603713e-13,-12.316064297216833
front,C,21500.0,122.76816399953782,15.0,0.7,1498.9648626836092,0.000256,598.5082183333008,292.67926170447674,48.901460788544725,3.841845346406432,0.020430944621222077,False,6.768478011603713e-13,-12.316064297216833
front,D,21500.0,122.76816399953782,15.0,0.7,1498.9648626836092,0.001024,598.5082183333008,585.3585234089535,97.80292157708945,7.683690692812864,0.15328059022089313,False,6.768478011603713e-13,-12.316064297216833
front,E,21500.0,122.76816399953782,15.0,0.7,1498.9648626836092,0.004096,598.5082183333008,1170.717046817907,195.6058431541789,15.367381385625729,0.3045942468426295,False,6.768478011603713e-13,-12.316064297216833
front,F,21500.0,122.76816399953782,15.0,0.7,1498.9648626836092,0.016384,598.5082183333008,2341.434093635814,391.2116863083578,30.734762771251457,0.3991236481200811,False,6.768478011603713e-13,-12.316064297216833
front,G,21500.0,122.76816399953782,15.0,0.7,1498.9648626836092,0.065536,598.5082183333008,4682.868187271628,782.4233726167156,61.469525542502915,0.44915044246393826,False,6.768478011603713e-13,-12.316064297216833
front,H,21500.0,122.76816399953782,15.0,0.7,1498.9648626836092,0.262144,598.5082183333008,9365.736374543256,1564.8467452334312,122.93905108500583,0.4745233250793517,False,6.768478011603713e-13,-12.316064297216833
front,A,21750.0,124.19570079023012,15.0,0.7,1507.6545868586436,1.6e-05,598.5082183333008,73.34489205742562,12.254617365434553,0.957584320708635,1.6724968474780123e-16,True,6.771696819833631e-13,-12.336896311675265
front,B,21750.0,124.19570079023012,15.0,0.7,1507.6545868586436,6.4e-05,598.5082183333008,146.68978411485125,24.509234730869107,1.91516864141727,2.250867352027602e-05,True,6.771696819833631e-13,-12.336896311675265
front,C,21750.0,124.19570079023012,15.0,0.7,1507.6545868586436,0.000256,598.5082183333008,293.3795682297025,49.01846946173821,3.83033728283454,0.020672803652092103,False,6.771696819833631e-13,-12.336896311675265
front,D,21750.0,124.19570079023012,15.0,0.7,1507.6545868586436,0.001024,598.5082183333008,586.759136459405,98.03693892347643,7.66067456566908,0.15385861326122624,False,6.771696819833631e-13,-12.336896311675265
front,E,21750.0,124.19570079023012,15.0,0.7,1507.6545868586436,0.004096,598.5082183333008,1173.51827291881,196.07387784695285,15.32134913133816,0.3050215820547464,False,6.771696819833631e-13,-12.336896311675265
front,F,21750.0,124.19570079023012,15.0,0.7,1507.6545868586436,0.016384,598.5082183333008,2347.03654583762,392.1477556939057,30.64269826267632,0.3993592626588069,False,6.771696819833631e-13,-12.336896311675265
front,G,21750.0,124.19570079023012,15.0,0.7,1507.6545868586436,0.065536,598.5082183333008,4694.07309167524,784.2955113878114,61.28539652535264,0.44927116488629104,False,6.771696819833631e-13,-12.336896311675265
front,H,21750.0,124.19570079023012,15.0,0.7,1507.6545868586436,0.262144,598.5082183333008,9388.14618335048,1568.5910227756228,122.57079305070528,0.4745840562857778,False,6.771696819833631e-13,-12.336896311675265
front,A,22000.0,125.62323758092242,15.0,0.7,1516.2945119572653,1.6e-05,598.5082183333008,73.51964753642727,12.283815874936778,0.9547473787895486,1.9634894399572112e-16,True,6.774929892326239e-13,-12.35601750896344
front,B,22000.0,125.62323758092242,15.0,0.7,1516.2945119572653,6.4e-05,598.5082183333008,147.03929507285454,24.567631749873556,1.9094947575790973,2.346660398036785e-05,True,6.774929892326239e-13,-12.35601750896344
front,C,22000.0,125.62323758092242,15.0,0.7,1516.2945119572653,0.000256,598.5082183333008,294.0785901457091,49.13526349974711,3.8189895151581945,0.02091546688238033,False,6.774929892326239e-13,-12.35601750896344
front,D,22000.0,125.62323758092242,15.0,0.7,1516.2945119572653,0.001024,598.5082183333008,588.1571802914182,98.27052699949422,7.637979030316389,0.15443425721085424,False,6.774929892326239e-13,-12.35601750896344
front,E,22000.0,125.62323758092242,15.0,0.7,1516.2945119572653,0.004096,598.5082183333008,1176.3143605828363,196.54105399898845,15.275958060632778,0.30544636713105444,False,6.774929892326239e-13,-12.35601750896344
front,F,22000.0,125.62323758092242,15.0,0.7,1516.2945119572653,0.016384,598.5082183333008,2352.6287211656727,393.0821079979769,30.551916121265556,0.3995933622200796,False,6.774929892326239e-13,-12.35601750896344
front,G,22000.0,125.62323758092242,15.0,0.7,1516.2945119572653,0.065536,598.5082183333008,4705.257442331345,786.1642159959538,61.10383224253111,0.4493910971252933,False,6.774929892326239e-13,-12.35601750896344
front,H,22000.0,125.62323758092242,15.0,0.7,1516.2945119572653,0.262144,598.5082183333008,9410.51488466269,1572.3284319919076,122.20766448506222,0.4746443882243684,False,6.774929892326239e-13,-12.35601750896344
front,A,22250.0,127.05077437161472,15.0,0.7,1524.8854844569598,1.6e-05,598.5082183333008,73.69407870978029,12.312960198775599,0.9519494981153367,2.3018315466259393e-16,True,6.780105817649513e-13,-12.373446530190233
front,B,22250.0,127.05077437161472,15.0,0.7,1524.8854844569598,6.4e-05,598.5082183333008,147.38815741956057,24.625920397551198,1.9038989962306734,2.4456414252979922e-05,True,6.780105817649513e-13,-12.373446530190233
front,C,22250.0,127.05077437161472,15.0,0.7,1524.8854844569598,0.000256,598.5082183333008,294.77631483912114,49.251840795102396,3.8077979924613468,0.02115891504339608,False,6.780105817649513e-13,-12.373446530190233
front,D,22250.0,127.05077437161472,15.0,0.7,1524.8854844569598,0.001024,598.5082183333008,589.5526296782423,98.50368159020479,7.6155959849226935,0.15500751836948307,False,6.780105817649513e-13,-12.373446530190233
front,E,22250.0,127.05077437161472,15.0,0.7,1524.8854844569598,0.004096,598.5082183333008,1179.1052593564846,197.00736318040958,15.231191969845387,0.3058686143813347,False,6.780105817649513e-13,-12.373446530190233
front,F,22250.0,127.05077437161472,15.0,0.7,1524.8854844569598,0.016384,598.5082183333008,2358.210518712969,394.01472636081917,30.462383939690774,0.3998259559111499,False,6.780105817649513e-13,-12.373446530190233
front,G,22250.0,127.05077437161472,15.0,0.7,1524.8854844569598,0.065536,598.5082183333008,4716.421037425938,788.0294527216383,60.92476787938155,0.4495102441523151,False,6.780105817649513e-13,-12.373446530190233
front,H,22250.0,127.05077437161472,15.0,0.7,1524.8854844569598,0.262144,598.5082183333008,9432.842074851877,1576.0589054432767,121.8495357587631,0.47470432343465885,False,6.780105817649513e-13,-12.373446530190233
front,A,22500.0,128.47831116230702,15.0,0.7,1533.4283271230356,1.6e-05,598.5082183333008,73.86818275274598,12.342049864987791,0.9491897025484343,2.694675132693212e-16,True,6.78143972199247e-13,-12.389203330019487
front,B,22500.0,128.47831116230702,15.0,0.7,1533.4283271230356,6.4e-05,598.5082183333008,147.73636550549196,24.684099729975582,1.8983794050968685,2.5478806171722425e-05,True,6.78143972199247e-13,-12.389203330019487
front,C,22500.0,128.47831116230702,15.0,0.7,1533.4283271230356,0.000256,598.5082183333008,295.4727310109839,49.368199459951164,3.796758810193737,0.021403129303848092,False,6.78143972199247e-13,-12.389203330019487
front,D,22500.0,128.47831116230702,15.0,0.7,1533.4283271230356,0.001024,598.5082183333008,590.9454620219678,98.73639891990233,7.593517620387474,0.1555783942834244,False,6.78143972199247e-13,-12.389203330019487
front,E,22500.0,128.47831116230702,15.0,0.7,1533.4283271230356,0.004096,598.5082183333008,1181.8909240439357,197.47279783980466,15.187035240774948,0.30628833682980017,False,6.78143972199247e-13,-12.389203330019487
front,F,22500.0,128.47831116230702,15.0,0.7,1533.4283271230356,0.016384,598.5082183333008,2363.7818480878714,394.9455956796093,30.374070481549897,0.40005705319391605,False,6.78143972199247e-13,-12.389203330019487
front,G,22500.0,128.47831116230702,15.0,0.7,1533.4283271230356,0.065536,598.5082183333008,4727.563696175743,789.8911913592186,60.74814096309979,0.44962861111504837,False,6.78143972199247e-13,-12.389203330019487
front,H,22500.0,128.47831116230702,15.0,0.7,1533.4283271230356,0.262144,598.5082183333008,9455.127392351485,1579.7823827184372,121.49628192619959,0.4747638645441968,False,6.78143972199247e-13,-12.389203330019487
front,A,22750.0,129.90584795299932,15.0,0.7,1541.9238399282783,1.6e-05,598.5082183333008,74.0419571473518,12.371084452865253,0.94646705083184,3.1501660283782013e-16,True,6.78663614644221e-13,-12.403309153520155
front,B,22750.0,129.90584795299932,15.0,0.7,1541.9238399282783,6.4e-05,598.5082183333008,148.0839142947036,24.742168905730505,1.89293410166368,2.653448689774e-05,True,6.78663614644221e-13,-12.403309153520155
front,C,22750.0,129.90584795299932,15.0,0.7,1541.9238399282783,0.000256,598.5082183333008,296.1678285894072,49.48433781146101,3.78586820332736,0.02164809125414296,False,6.78663614644221e-13,-12.403309153520155
front,D,22750.0,129.90584795299932,15.0,0.7,1541.9238399282783,0.001024,598.5082183333008,592.3356571788144,98.96867562292202,7.57173640665472,0.1561468836584795,False,6.78663614644221e-13,-12.403309153520155
front,E,22750.0,129.90584795299932,15.0,0.7,1541.9238399282783,0.004096,598.5082183333008,1184.6713143576287,197.93735124584404,15.14347281330944,0.30670554814655626,False,6.78663614644221e-13,-12.403309153520155
front,F,22750.0,129.90584795299932,15.0,0.7,1541.9238399282783,0.016384,598.5082183333008,2369.3426287152574,395.8747024916881,30.28694562661888,0.4002866638468926,False,6.78663614644221e-13,-12.403309153520155
front,G,22750.0,129.90584795299932,15.0,0.7,1541.9238399282783,0.065536,598.5082183333008,4738.685257430515,791.7494049833762,60.57389125323776,0.449746203318002,False,6.78663614644221e-13,-12.403309153520155
front,H,22750.0,129.90584795299932,15.0,0.7,1541.9238399282783,0.262144,598.5082183333008,9477.37051486103,1583.4988099667523,121.14778250647552,0.47482301425872764,False,6.78663614644221e-13,-12.403309153520155
front,A,23000.0,131.33338474369162,15.0,0.7,1550.372800927242,1.6e-05,598.5082183333008,74.21539966205061,12.400063589556444,0.9437806349760199,3.6775695784417946e-16,True,6.791838608206824e-13,-12.415786505697469
front,B,23000.0,131.33338474369162,15.0,0.7,1550.372800927242,6.4e-05,598.5082183333008,148.43079932410123,24.800127179112888,1.8875612699520399,2.76241687675114e-05,True,6.791838608206824e-13,-12.415786505697469
front,C,23000.0,131.33338474369162,15.0,0.7,1550.372800927242,0.000256,598.5082183333008,296.86159864820246,49.600254358225776,3.7751225399040798,0.021893782891545574,False,6.791838608206824e-13,-12.415786505697469
front,D,23000.0,131.33338474369162,15.0,0.7,1550.372800927242,0.001024,598.5082183333008,593.7231972964049,99.20050871645155,7.5502450798081595,0.15671298627879404,False,6.791838608206824e-13,-12.415786505697469
front,E,23000.0,131.33338474369162,15.0,0.7,1550.372800927242,0.004096,598.5082183333008,1187.4463945928098,198.4010174329031,15.100490159616319,0.3071202625842971,False,6.791838608206824e-13,-12.415786505697469
front,F,23000.0,131.33338474369162,15.0,0.7,1550.372800927242,0.016384,598.5082183333008,2374.8927891856197,396.8020348658062,30.200980319232638,0.40051479793017686,False,6.791838608206824e-13,-12.415786505697469
front,G,23000.0,131.33338474369162,15.0,0.7,1550.372800927242,0.065536,598.5082183333008,4749.785578371239,793.6040697316124,60.401960638465276,0.44986302620454666,False,6.791838608206824e-13,-12.415786505697469
front,H,23000.0,131.33338474369162,15.0,0.7,1550.372800927242,0.262144,598.5082183333008,9499.571156742479,1587.2081394632248,120.80392127693055,0.4748817753531617,False,6.791838608206824e-13,-12.415786505697469
front,A,23250.0,132.76092153438393,15.0,0.7,1558.7759670878934,1.6e-05,598.5082183333008,74.38850833276643,12.428986946899453,0.941129578737005,4.287410532610581e-16,True,6.795136957963209e-13,-12.426659114034713
front,B,23250.0,132.76092153438393,15.0,0.7,1558.7759670878934,6.4e-05,598.5082183333008,148.77701666553287,24.857973893798906,1.88225915747401,2.8748569140046825e-05,True,6.795136957963209e-13,-12.426659114034713
front,C,23250.0,132.76092153438393,15.0,0.7,1558.7759670878934,0.000256,598.5082183333008,297.55403333106574,49.71594778759781,3.76451831494802,0.022140186606141334,False,6.795136957963209e-13,-12.426659114034713
front,D,23250.0,132.76092153438393,15.0,0.7,1558.7759670878934,0.001024,598.5082183333008,595.1080666621315,99.43189557519563,7.52903662989604,0.15727670293124418,False,6.795136957963209e-13,-12.426659114034713
front,E,23250.0,132.76092153438393,15.0,0.7,1558.7759670878934,0.004096,598.5082183333008,1190.216133324263,198.86379115039125,15.05807325979208,0.30753249491982904,False,6.795136957963209e-13,-12.426659114034713
front,F,23250.0,132.76092153438393,15.0,0.7,1558.7759670878934,0.016384,598.5082183333008,2380.432266648526,397.7275823007825,30.11614651958416,0.4007414657531737,False,6.795136957963209e-13,-12.426659114034713
front,G,23250.0,132.76092153438393,15.0,0.7,1558.7759670878934,0.065536,598.5082183333008,4760.864533297052,795.455164601565,60.23229303916832,0.44997908534038494,False,6.795136957963209e-13,-12.426659114034713
front,H,23250.0,132.76092153438393,15.0,0.7,1558.7759670878934,0.262144,598.5082183333008,9521.729066594104,1590.91032920313,120.46458607833664,0.4749401506632598,False,6.795136957963209e-13,-12.426659114034713
front,A,23500.0,134.18845832507623,15.0,0.7,1567.1340750831155,1.6e-05,598.5082183333008,74.5612814452227,12.457854238469384,0.9385130361796153,4.991628594389249e-16,True,6.798450588106593e-13,-12.435951884436307
front,B,23500.0,134.18845832507623,15.0,0.7,1567.1340750831155,6.4e-05,598.5082183333008,149.1225628904454,24.915708476938768,1.8770260723592307,2.99084102435726e-05,True,6.798450588106593e-13,-12.435951884436307
front,C,23500.0,134.18845832507623,15.0,0.7,1567.1340750831155,0.000256,598.5082183333008,298.2451257808908,49.831416953877536,3.7540521447184614,0.02238728516754222,False,6.798450588106593e-13,-12.435951884436307
front,D,23500.0,134.18845832507623,15.0,0.7,1567.1340750831155,0.001024,598.5082183333008,596.4902515617816,99.66283390775507,7.508104289436923,0.15783803533494173,False,6.798450588106593e-13,-12.435951884436307
front,E,23500.0,134.18845832507623,15.0,0.7,1567.1340750831155,0.004096,598.5082183333008,1192.9805031235633,199.32566781551014,15.016208578873846,0.3079422604000454,False,6.798450588106593e-13,-12.435951884436307
front,F,23500.0,134.18845832507623,15.0,0.7,1567.1340750831155,0.016384,598.5082183333008,2385.9610062471265,398.6513356310203,30.03241715774769,0.40096667784486156,False,6.798450588106593e-13,-12.435951884436307
front,G,23500.0,134.18845832507623,15.0,0.7,1567.1340750831155,0.065536,598.5082183333008,4771.922012494253,797.3026712620406,60.06483431549538,0.4500943863983348,False,6.798450588106593e-13,-12.435951884436307
front,H,23500.0,134.18845832507623,15.0,0.7,1567.1340750831155,0.262144,598.5082183333008,9543.844024988506,1594.6053425240812,120.12966863099076,0.47499814307798127,False,6.798450588106593e-13,-12.435951884436307
front,A,23750.0,135.61599511576853,15.0,0.7,1575.4478420444223,1.6e-05,598.5082183333008,74.7337175184586,12.486665216824218,0.9359301903201978,5.803751165844412e-16,True,6.801779572081696e-13,-12.443690851023025
front,B,23750.0,135.61599511576853,15.0,0.7,1575.4478420444223,6.4e-05,598.5082183333008,149.4674350369172,24.973330433648435,1.8718603806403955,3.11044190217934e-05,True,6.801779572081696e-13,-12.443690851023025
front,C,23750.0,135.61599511576853,15.0,0.7,1575.4478420444223,0.000256,598.5082183333008,298.9348700738344,49.94666086729687,3.743720761280791,0.022635061712284753,False,6.801779572081696e-13,-12.443690851023025
front,D,23750.0,135.61599511576853,15.0,0.7,1575.4478420444223,0.001024,598.5082183333008,597.8697401476688,99.89332173459374,7.487441522561582,0.15839698607548502,False,6.801779572081696e-13,-12.443690851023025
front,E,23750.0,135.61599511576853,15.0,0.7,1575.4478420444223,0.004096,598.5082183333008,1195.7394802953377,199.78664346918748,14.974883045123164,0.30834957469200597,False,6.801779572081696e-13,-12.443690851023025
front,F,23750.0,135.61599511576853,15.0,0.7,1575.4478420444223,0.016384,598.5082183333008,2391.4789605906753,399.57328693837496,29.949766090246328,0.401190444926399,False,6.801779572081696e-13,-12.443690851023025
front,G,23750.0,135.61599511576853,15.0,0.7,1575.4478420444223,0.065536,598.5082183333008,4782.957921181351,799.1465738767499,59.899532180492656,0.4502089351443217,False,6.801779572081696e-13,-12.443690851023025
front,H,23750.0,135.61599511576853,15.0,0.7,1575.4478420444223,0.262144,598.5082183333008,9565.915842362701,1598.2931477534999,119.79906436098531,0.47505575553244067,False,6.801779572081696e-13,-12.443690851023025
front,A,24000.0,137.04353190646083,15.0,0.7,1583.7179662800577,1.6e-05,598.5082183333008,74.9058152894464,12.515419670934644,0.9333802518436911,6.73908495423198e-16,True,6.805123963534437e-13,-12.449903120279636
front,B,24000.0,137.04353190646083,15.0,0.7,1583.7179662800577,6.4e-05,598.5082183333008,149.8116305788928,25.03083934186929,1.8667605036873822,3.2337326979825884e-05,True,6.805123963534437e-13,-12.449903120279636
front,C,24000.0,137.04353190646083,15.0,0.7,1583.7179662800577,0.000256,598.5082183333008,299.6232611577856,50.06167868373858,3.7335210073747644,0.022883499731872703,False,6.805123963534437e-13,-12.449903120279636
front,D,24000.0,137.04353190646083,15.0,0.7,1583.7179662800577,0.001024,598.5082183333008,599.2465223155712,100.12335736747715,7.467042014749529,0.15895355854361126,False,6.805123963534437e-13,-12.449903120279636
front,E,24000.0,137.04353190646083,15.0,0.7,1583.7179662800577,0.004096,598.5082183333008,1198.4930446311423,200.2467147349543,14.934084029499058,0.30875445383680855,False,6.805123963534437e-13,-12.449903120279636
front,F,24000.0,137.04353190646083,15.0,0.7,1583.7179662800577,0.016384,598.5082183333008,2396.9860892622846,400.4934294699086,29.868168058998116,0.4014127778858897,False,6.805123963534437e-13,-12.449903120279636
front,G,24000.0,137.04353190646083,15.0,0.7,1583.7179662800577,0.065536,598.5082183333008,4793.972178524569,800.9868589398172,59.73633611799623,0.4503227374244849,False,6.805123963534437e-13,-12.449903120279636
front,H,24000.0,137.04353190646083,15.0,0.7,1583.7179662800577,0.262144,598.5082183333008,9587.944357049138,1601.9737178796345,119.47267223599246,0.4751129910014265,False,6.805123963534437e-13,-12.449903120279636
front,A,24250.0,138.47106869715313,15.0,0.7,1591.9451279595216,1.6e-05,598.5082183333008,75.07757369872941,12.544117423784442,0.9308624578902245,7.814928243217812e-16,True,6.810376620650186e-13,-12.454616810100056
front,B,24250.0,138.47106869715313,15.0,0.7,1591.9451279595216,6.4e-05,598.5082183333008,150.15514739745882,25.088234847568884,1.861724915780449,3.3607870029885645e-05,True,6.810376620650186e-13,-12.454616810100056
front,C,24250.0,138.47106869715313,15.0,0.7,1591.9451279595216,0.000256,598.5082183333008,300.31029479491764,50.17646969513777,3.723449831560898,0.023132583061419895,False,6.810376620650186e-13,-12.454616810100056
front,D,24250.0,138.47106869715313,15.0,0.7,1591.9451279595216,0.001024,598.5082183333008,600.6205895898353,100.35293939027554,7.446899663121796,0.15950775687793112,False,6.810376620650186e-13,-12.454616810100056
front,E,24250.0,138.47106869715313,15.0,0.7,1591.9451279595216,0.004096,598.5082183333008,1201.2411791796706,200.70587878055107,14.893799326243592,0.3091569142069598,False,6.810376620650186e-13,-12.454616810100056
front,F,24250.0,138.47106869715313,15.0,0.7,1591.9451279595216,0.016384,598.5082183333008,2402.482358359341,401.41175756110215,29.787598652487183,0.4016336877551367,False,6.810376620650186e-13,-12.454616810100056
front,G,24250.0,138.47106869715313,15.0,0.7,1591.9451279595216,0.065536,598.5082183333008,4804.964716718682,802.8235151222043,59.57519730497437,0.45043579915331095,False,6.810376620650186e-13,-12.454616810100056
front,H,24250.0,138.47106869715313,15.0,0.7,1591.9451279595216,0.262144,598.5082183333008,9609.929433437364,1605.6470302444086,119.15039460994873,0.47516985249343735,False,6.810376620650186e-13,-12.454616810100056
front,A,24500.0,139.89860548784543,15.0,0.7,1600.1299897664164,1.6e-05,598.5082183333008,75.24899187700747,12.572758330129123,0.9283760709068032,9.050805777335961e-16,True,6.813747604253999e-13,-12.457860984310297
front,B,24500.0,139.89860548784543,15.0,0.7,1600.1299897664164,6.4e-05,598.5082183333008,150.49798375401494,25.145516660258245,1.8567521418136064,3.491678833681681e-05,True,6.813747604253999e-13,-12.457860984310297
front,C,24500.0,139.89860548784543,15.0,0.7,1600.1299897664164,0.000256,598.5082183333008,300.9959675080299,50.29103332051649,3.7135042836272127,0.02338229586885347,False,6.813747604253999e-13,-12.457860984310297
front,D,24500.0,139.89860548784543,15.0,0.7,1600.1299897664164,0.001024,598.5082183333008,601.9919350160598,100.58206664103298,7.4270085672544255,0.16005958591145641,False,6.813747604253999e-13,-12.457860984310297
front,E,24500.0,139.89860548784543,15.0,0.7,1600.1299897664164,0.004096,598.5082183333008,1203.9838700321195,201.16413328206596,14.854017134508851,0.30955697246698,False,6.813747604253999e-13,-12.457860984310297
front,F,24500.0,139.89860548784543,15.0,0.7,1600.1299897664164,0.016384,598.5082183333008,2407.967740064239,402.3282665641319,29.708034269017702,0.40185318568823325,False,6.813747604253999e-13,-12.457860984310297
front,G,24500.0,139.89860548784543,15.0,0.7,1600.1299897664164,0.065536,598.5082183333008,4815.935480128478,804.6565331282638,59.416068538035404,0.45054812630271424,False,6.813747604253999e-13,-12.457860984310297
front,H,24500.0,139.89860548784543,15.0,0.7,1600.1299897664164,0.262144,598.5082183333008,9631.870960256956,1609.3130662565277,118.83213707607081,0.47522634304519534,False,6.813747604253999e-13,-12.457860984310297
front,A,24750.0,141.32614227853773,15.0,0.7,1608.2731975213935,1.6e-05,598.5082183333008,75.42006913260178,12.601342274401555,0.9259203775599694,1.0468728363638467e-15,True,6.815249852730076e-13,-12.459665583277408
front,B,24750.0,141.32614227853773,15.0,0.7,1608.2731975213935,6.4e-05,598.5082183333008,150.84013826520356,25.20268454880311,1.8518407551199387,3.6264826163546846e-05,True,6.815249852730076e-13,-12.459665583277408
front,C,24750.0,141.32614227853773,15.0,0.7,1608.2731975213935,0.000256,598.5082183333008,301.6802765304071,50.40536909760622,3.7036815102398775,0.023632622644640437,False,6.815249852730076e-13,-12.459665583277408
front,D,24750.0,141.32614227853773,15.0,0.7,1608.2731975213935,0.001024,598.5082183333008,603.3605530608143,100.81073819521244,7.407363020479755,0.16060905112164964,False,6.815249852730076e-13,-12.459665583277408
front,E,24750.0,141.32614227853773,15.0,0.7,1608.2731975213935,0.004096,598.5082183333008,1206.7211061216285,201.62147639042487,14.81472604095951,0.3099546455369982,False,6.815249852730076e-13,-12.459665583277408
front,F,24750.0,141.32614227853773,15.0,0.7,1608.2731975213935,0.016384,598.5082183333008,2413.442212243257,403.24295278084975,29.62945208191902,0.4020712829418478,False,6.815249852730076e-13,-12.459665583277408
front,G,24750.0,141.32614227853773,15.0,0.7,1608.2731975213935,0.065536,598.5082183333008,4826.884424486514,806.4859055616995,59.25890416383804,0.4506597248919914,False,6.815249852730076e-13,-12.459665583277408
front,H,24750.0,141.32614227853773,15.0,0.7,1608.2731975213935,0.262144,598.5082183333008,9653.768848973028,1612.971811123399,118.51780832767608,0.4752824657165998,False,6.815249852730076e-13,-12.459665583277408
front,A,25000.0,142.75367906923003,15.0,0.7,1616.3753807768487,1.6e-05,598.5082183333008,75.59080493973667,12.629869168754041,0.9234946877056203,1.2093479459644519e-15,True,6.820536035812251e-13,-12.460061351229502
front,B,25000.0,142.75367906923003,15.0,0.7,1616.3753807768487,6.4e-05,598.5082183333008,151.18160987947334,25.259738337508082,1.8469893754112405,3.765273171654551e-05,True,6.820536035812251e-13,-12.460061351229502
front,C,25000.0,142.75367906923003,15.0,0.7,1616.3753807768487,0.000256,598.5082183333008,302.3632197589467,50.519476675016165,3.693978750822481,0.023883548192003053,False,6.820536035812251e-13,-12.460061351229502
front,D,25000.0,142.75367906923003,15.0,0.7,1616.3753807768487,0.001024,598.5082183333008,604.7264395178934,101.03895335003233,7.387957501644962,0.16115615858374693,False,6.820536035812251e-13,-12.460061351229502
front,E,25000.0,142.75367906923003,15.0,0.7,1616.3753807768487,0.004096,598.5082183333008,1209.4528790357867,202.07790670006466,14.775915003289924,0.3103499505591105,False,6.820536035812251e-13,-12.460061351229502
front,F,25000.0,142.75367906923003,15.0,0.7,1616.3753807768487,0.016384,598.5082183333008,2418.9057580715735,404.1558134001293,29.55183000657985,0.4022879908570736,False,6.820536035812251e-13,-12.460061351229502
front,G,25000.0,142.75367906923003,15.0,0.7,1616.3753807768487,0.065536,598.5082183333008,4837.811516143147,808.3116268002586,59.1036600131597,0.4507706009785823,False,6.820536035812251e-13,-12.460061351229502
front,H,25000.0,142.75367906923003,15.0,0.7,1616.3753807768487,0.262144,598.5082183333008,9675.623032286294,1616.6232536005173,118.2073200263194,0.47533822358608757,False,6.820536035812251e-13,-12.460061351229502
front,A,25250.0,144.18121585992233,15.0,0.7,1624.4371533849246,1.6e-05,598.5082183333008,75.7611989275809,12.658338951227329,0.9210983334124399,1.3952931192135345e-15,True,6.823953446581982e-13,-12.45907976092401
front,B,25250.0,144.18121585992233,15.0,0.7,1624.4371533849246,6.4e-05,598.5082183333008,151.5223978551618,25.316677902454657,1.8421966668248797,3.9081256991370256e-05,True,6.823953446581982e-13,-12.45907976092401
front,C,25250.0,144.18121585992233,15.0,0.7,1624.4371533849246,0.000256,598.5082183333008,303.0447957103236,50.633355804909314,3.6843933336497594,0.024135057617592118,False,6.823953446581982e-13,-12.45907976092401
front,D,25250.0,144.18121585992233,15.0,0.7,1624.4371533849246,0.001024,598.5082183333008,606.0895914206473,101.26671160981863,7.368786667299519,0.16170091492712868,False,6.823953446581982e-13,-12.45907976092401
front,E,25250.0,144.18121585992233,15.0,0.7,1624.4371533849246,0.004096,598.5082183333008,1212.1791828412945,202.53342321963726,14.737573334599038,0.31074290486629647,False,6.823953446581982e-13,-12.45907976092401
front,F,25250.0,144.18121585992233,15.0,0.7,1624.4371533849246,0.016384,598.5082183333008,2424.358365682589,405.0668464392745,29.475146669198075,0.40250332084272333,False,6.823953446581982e-13,-12.45907976092401
front,G,25250.0,144.18121585992233,15.0,0.7,1624.4371533849246,0.065536,598.5082183333008,4848.716731365178,810.133692878549,58.95029333839615,0.45088076064957544,False,6.823953446581982e-13,-12.45907976092401
front,H,25250.0,144.18121585992233,15.0,0.7,1624.4371533849246,0.262144,598.5082183333008,9697.433462730356,1620.267385757098,117.9005866767923,0.4753936197463681,False,6.823953446581982e-13,-12.45907976092401
front,A,25500.0,145.60875265061463,15.0,0.7,1632.4591140402667,1.6e-05,598.5082183333008,75.93125086999522,12.686751584037596,0.9187306680356556,1.6078392437478401e-15,True,6.82738627469949e-13,-12.45675293630018
front,B,25500.0,145.60875265061463,15.0,0.7,1632.4591140402667,6.4e-05,598.5082183333008,151.86250173999045,25.373503168075192,1.8374613360713112,4.055115761837164e-05,True,6.82738627469949e-13,-12.45675293630018
front,C,25500.0,145.60875265061463,15.0,0.7,1632.4591140402667,0.000256,598.5082183333008,303.7250034799809,50.747006336150385,3.6749226721426225,0.0243871363225887,False,6.82738627469949e-13,-12.45675293630018
front,D,25500.0,145.60875265061463,15.0,0.7,1632.4591140402667,0.001024,598.5082183333008,607.4500069599618,101.49401267230077,7.349845344285245,0.16224332729452157,False,6.82738627469949e-13,-12.45675293630018
front,E,25500.0,145.60875265061463,15.0,0.7,1632.4591140402667,0.004096,598.5082183333008,1214.9000139199236,202.98802534460154,14.69969068857049,0.3111335259537021,False,6.82738627469949e-13,-12.45675293630018
front,F,25500.0,145.60875265061463,15.0,0.7,1632.4591140402667,0.016384,598.5082183333008,2429.800027839847,405.9760506892031,29.39938137714098,0.40271728435995874,False,6.82738627469949e-13,-12.45675293630018
front,G,25500.0,145.60875265061463,15.0,0.7,1632.4591140402667,0.065536,598.5082183333008,4859.600055679694,811.9521013784062,58.79876275428196,0.45099021001390155,False,6.82738627469949e-13,-12.45675293630018
front,H,25500.0,145.60875265061463,15.0,0.7,1632.4591140402667,0.262144,598.5082183333008,9719.200111359389,1623.9042027568123,117.59752550856392,0.4754486573005051,False,6.82738627469949e-13,-12.45675293630018
front,A,25750.0,147.03628944130693,15.0,0.7,1640.4418467988883,1.6e-05,598.5082183333008,76.1009606759373,12.715107051973304,0.916391065338062,1.8504991791471764e-15,True,6.830834471271761e-13,-12.453113573745679
front,B,25750.0,147.03628944130693,15.0,0.7,1640.4418467988883,6.4e-05,598.5082183333008,152.2019213518746,25.430214103946607,1.832782130676124,4.2063192708636904e-05,True,6.830834471271761e-13,-12.453113573745679
front,C,25750.0,147.03628944130693,15.0,0.7,1640.4418467988883,0.000256,598.5082183333008,304.4038427037492,50.860428207893214,3.665564261352248,0.024639769994208048,False,6.830834471271761e-13,-12.453113573745679
front,D,25750.0,147.03628944130693,15.0,0.7,1640.4418467988883,0.001024,598.5082183333008,608.8076854074984,101.72085641578643,7.331128522704496,0.16278340330384194,False,6.830834471271761e-13,-12.453113573745679
front,E,25750.0,147.03628944130693,15.0,0.7,1640.4418467988883,0.004096,598.5082183333008,1217.6153708149968,203.44171283157286,14.662257045408992,0.311521831452114,False,6.830834471271761e-13,-12.453113573745679
front,F,25750.0,147.03628944130693,15.0,0.7,1640.4418467988883,0.016384,598.5082183333008,2435.2307416299936,406.8834256631457,29.324514090817985,0.4029298929081549,False,6.830834471271761e-13,-12.453113573745679
front,G,25750.0,147.03628944130693,15.0,0.7,1640.4418467988883,0.065536,598.5082183333008,4870.461483259987,813.7668513262914,58.64902818163597,0.45109895519516185,False,6.830834471271761e-13,-12.453113573745679
front,H,25750.0,147.03628944130693,15.0,0.7,1640.4418467988883,0.262144,598.5082183333008,9740.922966519975,1627.5337026525829,117.29805636327194,0.4755033393583181,False,6.830834471271761e-13,-12.453113573745679
front,A,26000.0,148.46382623199924,15.0,0.7,1648.3859215744237,1.6e-05,598.5082183333008,76.27032838047842,12.743405360894235,0.9140789186554642,2.12720984655885e-15,True,6.834297976970895e-13,-12.448194862592839
front,B,26000.0,148.46382623199924,15.0,0.7,1648.3859215744237,6.4e-05,598.5082183333008,152.54065676095684,25.48681072178847,1.8281578373109284,4.3618124700239706e-05,True,6.834297976970895e-13,-12.448194862592839
front,C,26000.0,148.46382623199924,15.0,0.7,1648.3859215744237,0.000256,598.5082183333008,305.08131352191367,50.97362144357694,3.656315674621857,0.024892944597580215,False,6.834297976970895e-13,-12.448194862592839
front,D,26000.0,148.46382623199924,15.0,0.7,1648.3859215744237,0.001024,598.5082183333008,610.1626270438273,101.94724288715388,7.312631349243714,0.16332115101249456,False,6.834297976970895e-13,-12.448194862592839
front,E,26000.0,148.46382623199924,15.0,0.7,1648.3859215744237,0.004096,598.5082183333008,1220.3252540876547,203.89448577430775,14.625262698487427,0.31190783910346254,False,6.834297976970895e-13,-12.448194862592839
front,F,26000.0,148.46382623199924,15.0,0.7,1648.3859215744237,0.016384,598.5082183333008,2440.6505081753094,407.7889715486155,29.250525396974854,0.4031411580119045,False,6.834297976970895e-13,-12.448194862592839
front,G,26000.0,148.46382623199924,15.0,0.7,1648.3859215744237,0.065536,598.5082183333008,4881.301016350619,815.577943097231,58.50105079394971,0.45120700232504385,False,6.834297976970895e-13,-12.448194862592839
front,H,26000.0,148.46382623199924,15.0,0.7,1648.3859215744237,0.262144,598.5082183333008,9762.602032701237,1631.155886194462,117.00210158789942,0.4755576690330797,False,6.834297976970895e-13,-12.448194862592839
front,A,26250.0,149.89136302269154,15.0,0.7,1656.2918946129564,1.6e-05,598.5082183333008,76.43935413639048,12.771646536325836,0.9117936401038974,2.4423784367467206e-15,True,6.835917620989099e-13,-12.442030405436736
front,B,26250.0,149.89136302269154,15.0,0.7,1656.2918946129564,6.4e-05,598.5082183333008,152.87870827278095,25.54329307265167,1.8235872802077948,4.521671920487123e-05,True,6.835917620989099e-13,-12.442030405436736
front,C,26250.0,149.89136302269154,15.0,0.7,1656.2918946129564,0.000256,598.5082183333008,305.7574165455619,51.08658614530334,3.6471745604155896,0.025146646367985238,False,6.835917620989099e-13,-12.442030405436736
front,D,26250.0,149.89136302269154,15.0,0.7,1656.2918946129564,0.001024,598.5082183333008,611.5148330911238,102.17317229060669,7.294349120831179,0.16385657888396488,False,6.835917620989099e-13,-12.442030405436736
front,E,26250.0,149.89136302269154,15.0,0.7,1656.2918946129564,0.004096,598.5082183333008,1223.0296661822476,204.34634458121337,14.588698241662359,0.31229156673820624,False,6.835917620989099e-13,-12.442030405436736
front,F,26250.0,149.89136302269154,15.0,0.7,1656.2918946129564,0.016384,598.5082183333008,2446.0593323644953,408.69268916242675,29.177396483324717,0.40335109120907797,False,6.835917620989099e-13,-12.442030405436736
front,G,26250.0,149.89136302269154,15.0,0.7,1656.2918946129564,0.065536,598.5082183333008,4892.118664728991,817.3853783248535,58.354792966649434,0.45131435753727983,False,6.835917620989099e-13,-12.442030405436736
front,H,26250.0,149.89136302269154,15.0,0.7,1656.2918946129564,0.262144,598.5082183333008,9784.237329457981,1634.770756649707,116.70958593329887,0.4756116494384862,False,6.835917620989099e-13,-12.442030405436736
front,A,26500.0,151.31889981338384,15.0,0.7,1664.1603089475464,1.6e-05,598.5082183333008,76.60803820626418,12.79983062214231,0.9095346598261523,2.800933085693997e-15,True,6.841270631229856e-13,-12.434654138840909
front,B,26500.0,151.31889981338384,15.0,0.7,1664.1603089475464,6.4e-05,598.5082183333008,153.21607641252837,25.59966124428462,1.8190693196523047,4.6859744854916495e-05,True,6.841270631229856e-13,-12.434654138840909
front,C,26500.0,151.31889981338384,15.0,0.7,1664.1603089475464,0.000256,598.5082183333008,306.43215282505673,51.19932248856924,3.6381386393046093,0.025400861803421212,False,6.841270631229856e-13,-12.434654138840909
front,D,26500.0,151.31889981338384,15.0,0.7,1664.1603089475464,0.001024,598.5082183333008,612.8643056501135,102.39864497713847,7.276277278609219,0.164389695756546,False,6.841270631229856e-13,-12.434654138840909
front,E,26500.0,151.31889981338384,15.0,0.7,1664.1603089475464,0.004096,598.5082183333008,1225.728611300227,204.79728995427695,14.552554557218437,0.3126730322544574,False,6.841270631229856e-13,-12.434654138840909
front,F,26500.0,151.31889981338384,15.0,0.7,1664.1603089475464,0.016384,598.5082183333008,2451.457222600454,409.5945799085539,29.105109114436875,0.40355970403985936,False,6.841270631229856e-13,-12.434654138840909
front,G,26500.0,151.31889981338384,15.0,0.7,1664.1603089475464,0.065536,598.5082183333008,4902.914445200908,819.1891598171078,58.21021822887375,0.45142102696210706,False,6.841270631229856e-13,-12.434654138840909
front,H,26500.0,151.31889981338384,15.0,0.7,1664.1603089475464,0.262144,598.5082183333008,9805.828890401815,1638.3783196342156,116.4204364577475,0.47566528368588074,False,6.841270631229856e-13,-12.434654138840909
front,A,26750.0,152.74643660407614,15.0,0.7,1671.9916948335022,1.6e-05,598.5082183333008,76.77638095512269,12.827957679332485,0.9073014252753089,3.2083783915320347e-15,True,6.844779616212249e-13,-12.426100254960232
front,B,26750.0,152.74643660407614,15.0,0.7,1671.9916948335022,6.4e-05,598.5082183333008,153.55276191024538,25.65591535866497,1.8146028505506178,4.854797315104344e-05,True,6.844779616212249e-13,-12.426100254960232
front,C,26750.0,152.74643660407614,15.0,0.7,1671.9916948335022,0.000256,598.5082183333008,307.10552382049076,51.31183071732994,3.6292057011012355,0.02565557765748552,False,6.844779616212249e-13,-12.426100254960232
front,D,26750.0,152.74643660407614,15.0,0.7,1671.9916948335022,0.001024,598.5082183333008,614.2110476409815,102.62366143465988,7.258411402202471,0.16492051081405906,False,6.844779616212249e-13,-12.426100254960232
front,E,26750.0,152.74643660407614,15.0,0.7,1671.9916948335022,0.004096,598.5082183333008,1228.422095281963,205.24732286931976,14.516822804404942,0.3130522535987237,False,6.844779616212249e-13,-12.426100254960232
front,F,26750.0,152.74643660407614,15.0,0.7,1671.9916948335022,0.016384,598.5082183333008,2456.844190563926,410.4946457386395,29.033645608809884,0.4037670080366852,False,6.844779616212249e-13,-12.426100254960232
front,G,26750.0,152.74643660407614,15.0,0.7,1671.9916948335022,0.065536,598.5082183333008,4913.688381127852,820.989291477279,58.06729121761977,0.4515270167211918,False,6.844779616212249e-13,-12.426100254960232
front,H,26750.0,152.74643660407614,15.0,0.7,1671.9916948335022,0.262144,598.5082183333008,9827.376762255704,1641.978582954558,116.13458243523954,0.47571857488170993,False,6.844779616212249e-13,-12.426100254960232
front,A,27000.0,154.17397339476844,15.0,0.7,1679.7865701653952,1.6e-05,598.5082183333008,76.94438284349762,12.856027784842945,0.9050934005331343,3.670856172552341e-15,True,6.846456685006169e-13,-12.416403124575716
front,B,27000.0,154.17397339476844,15.0,0.7,1679.7865701653952,6.4e-05,598.5082183333008,153.88876568699524,25.71205556968589,1.8101868010662685,5.0282178310369986e-05,True,6.846456685006169e-13,-12.416403124575716
front,C,27000.0,154.17397339476844,15.0,0.7,1679.7865701653952,0.000256,598.5082183333008,307.7775313739905,51.42411113937178,3.620373602132537,0.025910780932551572,False,6.846456685006169e-13,-12.416403124575716
front,D,27000.0,154.17397339476844,15.0,0.7,1679.7865701653952,0.001024,598.5082183333008,615.555062747981,102.84822227874356,7.240747204265074,0.16544903355843432,False,6.846456685006169e-13,-12.416403124575716
front,E,27000.0,154.17397339476844,15.0,0.7,1679.7865701653952,0.004096,598.5082183333008,1231.110125495962,205.69644455748713,14.481494408530148,0.313429248748148,False,6.846456685006169e-13,-12.416403124575716
front,F,27000.0,154.17397339476844,15.0,0.7,1679.7865701653952,0.016384,598.5082183333008,2462.220250991924,411.39288911497425,28.962988817060296,0.4039730147150197,False,6.846456685006169e-13,-12.416403124575716
front,G,27000.0,154.17397339476844,15.0,0.7,1679.7865701653952,0.065536,598.5082183333008,4924.440501983848,822.7857782299485,57.92597763412059,0.45163233292298294,False,6.846456685006169e-13,-12.416403124575716
front,H,27000.0,154.17397339476844,15.0,0.7,1679.7865701653952,0.262144,598.5082183333008,9848.881003967696,1645.571556459897,115.85195526824118,0.475771526125197,False,6.846456685006169e-13,-12.416403124575716
front,A,27250.0,155.60151018546074,15.0,0.7,1687.5454408767303,1.6e-05,598.5082183333008,77.11204442093644,12.884041030493226,0.9029100656613422,4.1952118934304905e-15,True,6.851842436273902e-13,-12.405597221990028
front,B,27250.0,155.60151018546074,15.0,0.7,1687.5454408767303,6.4e-05,598.5082183333008,154.22408884187288,25.76808206098645,1.8058201313226845,5.206313711526767e-05,True,6.851842436273902e-13,-12.405597221990028
front,C,27250.0,155.60151018546074,15.0,0.7,1687.5454408767303,0.000256,598.5082183333008,308.44817768374577,51.5361641219729,3.611640262645369,0.0261664588732234,False,6.851842436273902e-13,-12.405597221990028
front,D,27250.0,155.60151018546074,15.0,0.7,1687.5454408767303,0.001024,598.5082183333008,616.8963553674915,103.0723282439458,7.223280525290738,0.16597527378402832,False,6.851842436273902e-13,-12.405597221990028
front,E,27250.0,155.60151018546074,15.0,0.7,1687.5454408767303,0.004096,598.5082183333008,1233.792710734983,206.1446564878916,14.446561050581476,0.3138040356941375,False,6.851842436273902e-13,-12.405597221990028
front,F,27250.0,155.60151018546074,15.0,0.7,1687.5454408767303,0.016384,598.5082183333008,2467.585421469966,412.2893129757832,28.89312210116295,0.4041777355649029,False,6.851842436273902e-13,-12.405597221990028
front,G,27250.0,155.60151018546074,15.0,0.7,1687.5454408767303,0.065536,598.5082183333008,4935.170842939932,824.5786259515664,57.7862442023259,0.451736981658463,False,6.851842436273902e-13,-12.405597221990028
front,H,27250.0,155.60151018546074,15.0,0.7,1687.5454408767303,0.262144,598.5082183333008,9870.341685879865,1649.1572519031329,115.5724884046518,0.47582414050621435,False,6.851842436273902e-13,-12.405597221990028
front,A,27500.0,157.02904697615304,15.0,0.7,1695.2688013231566,1.6e-05,598.5082183333008,77.27936631991271,12.911997521958325,0.9007509160838459,4.789067215598724e-15,True,6.853557171302862e-13,-12.393717052191697
front,B,27500.0,157.02904697615304,15.0,0.7,1695.2688013231566,6.4e-05,598.5082183333008,154.55873263982542,25.82399504391665,1.8015018321676919,5.389162876286186e-05,True,6.853557171302862e-13,-12.393717052191697
front,C,27500.0,157.02904697615304,15.0,0.7,1695.2688013231566,0.000256,598.5082183333008,309.11746527965084,51.6479900878333,3.6030036643353838,0.0264225989600527,False,6.853557171302862e-13,-12.393717052191697
front,D,27500.0,157.02904697615304,15.0,0.7,1695.2688013231566,0.001024,598.5082183333008,618.2349305593017,103.2959801756666,7.2060073286707675,0.16649924155356416,False,6.853557171302862e-13,-12.393717052191697
front,E,27500.0,157.02904697615304,15.0,0.7,1695.2688013231566,0.004096,598.5082183333008,1236.4698611186034,206.5919603513332,14.412014657341535,0.31417663242728167,False,6.853557171302862e-13,-12.393717052191697
front,F,27500.0,157.02904697615304,15.0,0.7,1695.2688013231566,0.016384,598.5082183333008,2472.9397222372068,413.1839207026664,28.82402931468307,0.4043811820432158,False,6.853557171302862e-13,-12.393717052191697
front,G,27500.0,157.02904697615304,15.0,0.7,1695.2688013231566,0.065536,598.5082183333008,4945.8794444744135,826.3678414053328,57.64805862936614,0.4518409689972657,False,6.853557171302862e-13,-12.393717052191697
front,H,27500.0,157.02904697615304,15.0,0.7,1695.2688013231566,0.262144,598.5082183333008,9891.758888948827,1652.7356828106656,115.29611725873228,0.4758764211033411,False,6.853557171302862e-13,-12.393717052191697
front,A,27750.0,158.4565837668453,15.0,0.7,1702.9571346500381,1.6e-05,598.5082183333008,77.44634925011295,12.939897377814145,0.8986154619982542,5.460899157991885e-15,True,6.857129430233594e-13,-12.380797080646403
front,B,27750.0,158.4565837668453,15.0,0.7,1702.9571346500381,6.4e-05,598.5082183333008,154.8926985002259,25.87979475562829,1.7972309239965083,5.5768434715288905e-05,True,6.857129430233594e-13,-12.380797080646403
front,C,27750.0,158.4565837668453,15.0,0.7,1702.9571346500381,0.000256,598.5082183333008,309.7853970004518,51.75958951125658,3.5944618479930166,0.026679188903503938,False,6.857129430233594e-13,-12.380797080646403
front,D,27750.0,158.4565837668453,15.0,0.7,1702.9571346500381,0.001024,598.5082183333008,619.5707940009036,103.51917902251316,7.188923695986033,0.16702094717558885,False,6.857129430233594e-13,-12.380797080646403
front,E,27750.0,158.4565837668453,15.0,0.7,1702.9571346500381,0.004096,598.5082183333008,1239.1415880018071,207.0383580450263,14.377847391972066,0.3145470569234672,False,6.857129430233594e-13,-12.380797080646403
front,F,27750.0,158.4565837668453,15.0,0.7,1702.9571346500381,0.016384,598.5082183333008,2478.2831760036142,414.0767160900526,28.755694783944133,0.4045833655666089,False,6.857129430233594e-13,-12.380797080646403
front,G,27750.0,158.4565837668453,15.0,0.7,1702.9571346500381,0.065536,598.5082183333008,4956.5663520072285,828.1534321801053,57.511389567888266,0.4519443009841349,False,6.857129430233594e-13,-12.380797080646403
front,H,27750.0,158.4565837668453,15.0,0.7,1702.9571346500381,0.262144,598.5082183333008,9913.132704014457,1656.3068643602105,115.02277913577653,0.475928370982092,False,6.857129430233594e-13,-12.380797080646403
front,A,28000.0,159.8841205575376,15.0,0.7,1710.6109131451497,1.6e-05,598.5082183333008,77.61299399307502,12.967740728641665,0.8965032278149816,6.22012638620163e-15,True,6.858885223252239e-13,-12.36687166602893
front,B,28000.0,159.8841205575376,15.0,0.7,1710.6109131451497,6.4e-05,598.5082183333008,155.22598798615005,25.93548145728333,1.7930064556299632,5.76943385507599e-05,True,6.858885223252239e-13,-12.36687166602893
front,C,28000.0,159.8841205575376,15.0,0.7,1710.6109131451497,0.000256,598.5082183333008,310.4519759723001,51.87096291456666,3.5860129112599264,0.026936216638153248,False,6.858885223252239e-13,-12.36687166602893
front,D,28000.0,159.8841205575376,15.0,0.7,1710.6109131451497,0.001024,598.5082183333008,620.9039519446002,103.74192582913332,7.172025822519853,0.16754040118334695,False,6.858885223252239e-13,-12.36687166602893
front,E,28000.0,159.8841205575376,15.0,0.7,1710.6109131451497,0.004096,598.5082183333008,1241.8079038892004,207.48385165826664,14.344051645039706,0.31491532713110326,False,6.858885223252239e-13,-12.36687166602893
front,F,28000.0,159.8841205575376,15.0,0.7,1710.6109131451497,0.016384,598.5082183333008,2483.6158077784007,414.9677033165333,28.68810329007941,0.4047842975050444,False,6.858885223252239e-13,-12.36687166602893
front,G,28000.0,159.8841205575376,15.0,0.7,1710.6109131451497,0.065536,598.5082183333008,4967.231615556801,829.9354066330666,57.37620658015882,0.45204698363569706,False,6.858885223252239e-13,-12.36687166602893
front,H,28000.0,159.8841205575376,15.0,0.7,1710.6109131451497,0.262144,598.5082183333008,9934.463231113603,1659.8708132661332,114.75241316031764,0.47597999319330464,False,6.858885223252239e-13,-12.36687166602893
front,A,28250.0,161.31165734822991,15.0,0.7,1718.230598577239,1.6e-05,598.5082183333008,77.7793013971559,12.995527716186132,0.8944137516224385,7.077203181462082e-15,True,6.864317396268901e-13,-12.351974996159626
front,B,28250.0,161.31165734822991,15.0,0.7,1718.230598577239,6.4e-05,598.5082183333008,155.5586027943118,25.991055432372264,1.788827503244877,5.967012581549053e-05,True,6.864317396268901e-13,-12.351974996159626
front,C,28250.0,161.31165734822991,15.0,0.7,1718.230598577239,0.000256,598.5082183333008,311.1172055886236,51.98211086474453,3.577655006489754,0.02719367031710928,False,6.864317396268901e-13,-12.351974996159626
front,D,28250.0,161.31165734822991,15.0,0.7,1718.230598577239,0.001024,598.5082183333008,622.2344111772472,103.96422172948905,7.155310012979508,0.1680576143149824,False,6.864317396268901e-13,-12.351974996159626
front,E,28250.0,161.31165734822991,15.0,0.7,1718.230598577239,0.004096,598.5082183333008,1244.4688223544945,207.9284434589781,14.310620025959016,0.31528146095937826,False,6.864317396268901e-13,-12.351974996159626
front,F,28250.0,161.31165734822991,15.0,0.7,1718.230598577239,0.016384,598.5082183333008,2488.937644708989,415.8568869179562,28.621240051918033,0.4049839891759083,False,6.864317396268901e-13,-12.351974996159626
front,G,28250.0,161.31165734822991,15.0,0.7,1718.230598577239,0.065536,598.5082183333008,4977.875289417978,831.7137738359124,57.242480103836066,0.4521490229375262,False,6.864317396268901e-13,-12.351974996159626
front,H,28250.0,161.31165734822991,15.0,0.7,1718.230598577239,0.262144,598.5082183333008,9955.750578835956,1663.4275476718249,114.48496020767213,0.47603129077167294,False,6.864317396268901e-13,-12.351974996159626
front,A,28500.0,162.73919413892222,15.0,0.7,1725.816642521132,1.6e-05,598.5082183333008,77.94527237280684,13.023258492567637,0.892346584676873,8.043721675885415e-15,True,6.866109672627415e-13,-12.33614102736432
front,B,28500.0,162.73919413892222,15.0,0.7,1725.816642521132,6.4e-05,598.5082183333008,155.89054474561368,26.046516985135273,1.784693169353746,6.16965838765407e-05,True,6.866109672627415e-13,-12.33614102736432
front,C,28500.0,162.73919413892222,15.0,0.7,1725.816642521132,0.000256,598.5082183333008,311.78108949122736,52.09303397027055,3.569386338707492,0.027451538306643167,False,6.866109672627415e-13,-12.33614102736432
front,D,28500.0,162.73919413892222,15.0,0.7,1725.816642521132,0.001024,598.5082183333008,623.5621789824547,104.1860679405411,7.138772677414984,0.168572597494979,False,6.866109672627415e-13,-12.33614102736432
front,E,28500.0,162.73919413892222,15.0,0.7,1725.816642521132,0.004096,598.5082183333008,1247.1243579649094,208.3721358810822,14.277545354829968,0.3156454762674733,False,6.866109672627415e-13,-12.33614102736432
front,F,28500.0,162.73919413892222,15.0,0.7,1725.816642521132,0.016384,598.5082183333008,2494.248715929819,416.7442717621644,28.555090709659936,0.4051824518386491,False,6.866109672627415e-13,-12.33614102736432
front,G,28500.0,162.73919413892222,15.0,0.7,1725.816642521132,0.065536,598.5082183333008,4988.497431859638,833.4885435243287,57.11018141931987,0.45225042484147815,False,6.866109672627415e-13,-12.33614102736432
front,H,28500.0,162.73919413892222,15.0,0.7,1725.816642521132,0.262144,598.5082183333008,9976.994863719276,1666.9770870486575,114.22036283863974,0.4760822667344169,False,6.866109672627415e-13,-12.33614102736432
front,A,28750.0,164.16673092961452,15.0,0.7,1733.369486670031,1.6e-05,598.5082183333008,78.11090788813674,13.050933219539832,0.8903012909155227,9.132522977032051e-15,True,6.869743145406779e-13,-12.3194034274292
front,B,28750.0,164.16673092961452,15.0,0.7,1733.369486670031,6.4e-05,598.5082183333008,156.22181577627347,26.101866439079664,1.7806025818310454,6.377450177561962e-05,True,6.869743145406779e-13,-12.3194034274292
front,C,28750.0,164.16673092961452,15.0,0.7,1733.369486670031,0.000256,598.5082183333008,312.44363155254695,52.20373287815933,3.5612051636620907,0.027709809181017443,False,6.869743145406779e-13,-12.3194034274292
front,D,28750.0,164.16673092961452,15.0,0.7,1733.369486670031,0.001024,598.5082183333008,624.8872631050939,104.40746575631866,7.1224103273241814,0.1690853618167647,False,6.869743145406779e-13,-12.3194034274292
front,E,28750.0,164.16673092961452,15.0,0.7,1733.369486670031,0.004096,598.5082183333008,1249.7745262101878,208.81493151263732,14.244820654648363,0.31600739085466584,False,6.869743145406779e-13,-12.3194034274292
front,F,28750.0,164.16673092961452,15.0,0.7,1733.369486670031,0.016384,598.5082183333008,2499.5490524203756,417.62986302527463,28.489641309296726,0.4053796966899054,False,6.869743145406779e-13,-12.3194034274292
front,G,28750.0,164.16673092961452,15.0,0.7,1733.369486670031,0.065536,598.5082183333008,4999.098104840751,835.2597260505493,56.97928261859345,0.4523511952632745,False,6.869743145406779e-13,-12.3194034274292
front,H,28750.0,164.16673092961452,15.0,0.7,1733.369486670031,0.262144,598.5082183333008,9998.196209681502,1670.5194521010985,113.9585652371869,0.47613292408007707,False,6.869743145406779e-13,-12.3194034274292
front,A,29000.0,165.59426772030682,15.0,0.7,1740.8895631356236,1.6e-05,598.5082183333008,78.27620896474518,13.078552067793707,0.8882774464918158,1.0357817843262673e-14,True,6.871575132268503e-13,-12.301795522279743
front,B,29000.0,165.59426772030682,15.0,0.7,1740.8895631356236,6.4e-05,598.5082183333008,156.55241792949036,26.157104135587414,1.7765548929836317,6.590467008389985e-05,True,6.871575132268503e-13,-12.301795522279743
front,C,29000.0,165.59426772030682,15.0,0.7,1740.8895631356236,0.000256,598.5082183333008,313.1048358589807,52.31420827117483,3.5531097859672633,0.02796847171750319,False,6.871575132268503e-13,-12.301795522279743
front,D,29000.0,165.59426772030682,15.0,0.7,1740.8895631356236,0.001024,598.5082183333008,626.2096717179614,104.62841654234965,7.106219571934527,0.16959591852640177,False,6.871575132268503e-13,-12.301795522279743
front,E,29000.0,165.59426772030682,15.0,0.7,1740.8895631356236,0.004096,598.5082183333008,1252.4193434359229,209.2568330846993,14.212439143869053,0.3163672224512587,False,6.871575132268503e-13,-12.301795522279743
front,F,29000.0,165.59426772030682,15.0,0.7,1740.8895631356236,0.016384,598.5082183333008,2504.8386868718458,418.5136661693986,28.424878287738107,0.4055757348590858,False,6.871575132268503e-13,-12.301795522279743
front,G,29000.0,165.59426772030682,15.0,0.7,1740.8895631356236,0.065536,598.5082183333008,5009.6773737436915,837.0273323387972,56.84975657547621,0.4524513400803183,False,6.871575132268503e-13,-12.301795522279743
front,H,29000.0,165.59426772030682,15.0,0.7,1740.8895631356236,0.262144,598.5082183333008,10019.354747487383,1674.0546646775945,113.69951315095243,0.4761832657874265,False,6.871575132268503e-13,-12.301795522279743
front,A,29250.0,167.02180451099912,15.0,0.7,1748.3772947365674,1.6e-05,598.5082183333008,78.44117667380793,13.106115216303538,0.8862746393314505,1.173531761143354e-14,True,6.877051924301287e-13,-12.283350246470707
front,B,29250.0,167.02180451099912,15.0,0.7,1748.3772947365674,6.4e-05,598.5082183333008,156.88235334761586,26.212230432607075,1.772549278662901,6.808788075788534e-05,True,6.877051924301287e-13,-12.283350246470707
front,C,29250.0,167.02180451099912,15.0,0.7,1748.3772947365674,0.000256,598.5082183333008,313.7647066952317,52.42446086521415,3.545098557325802,0.028227514891575673,False,6.877051924301287e-13,-12.283350246470707
front,D,29250.0,167.02180451099912,15.0,0.7,1748.3772947365674,0.001024,598.5082183333008,627.5294133904634,104.8489217304283,7.090197114651604,0.17010427900729713,False,6.877051924301287e-13,-12.283350246470707
front,E,29250.0,167.02180451099912,15.0,0.7,1748.3772947365674,0.004096,598.5082183333008,1255.058826780927,209.6978434608566,14.180394229303207,0.31672498871027716,False,6.877051924301287e-13,-12.283350246470707
front,F,29250.0,167.02180451099912,15.0,0.7,1748.3772947365674,0.016384,598.5082183333008,2510.117653561854,419.3956869217132,28.360788458606415,0.4057705774043679,False,6.877051924301287e-13,-12.283350246470707
front,G,29250.0,167.02180451099912,15.0,0.7,1748.3772947365674,0.065536,598.5082183333008,5020.235307123708,838.7913738434264,56.72157691721283,0.45255086512972315,False,6.877051924301287e-13,-12.283350246470707
front,H,29250.0,167.02180451099912,15.0,0.7,1748.3772947365674,0.262144,598.5082183333008,10040.470614247415,1677.5827476868528,113.44315383442566,0.47623329481448884,False,6.877051924301287e-13,-12.283350246470707
front,A,29500.0,168.44934130169142,15.0,0.7,1755.8330952759068,1.6e-05,598.5082183333008,78.60581213239908,13.13362285171239,0.8842924687082335,1.328237612040109e-14,True,6.878919093192163e-13,-12.264100097535085
front,B,29500.0,168.44934130169142,15.0,0.7,1755.8330952759068,6.4e-05,598.5082183333008,157.21162426479816,26.26724570342478,1.768584937416467,7.032492699637652e-05,True,6.878919093192163e-13,-12.264100097535085
front,C,29500.0,168.44934130169142,15.0,0.7,1755.8330952759068,0.000256,598.5082183333008,314.4232485295963,52.53449140684956,3.537169874832934,0.028486927872279636,False,6.878919093192163e-13,-12.264100097535085
front,D,29500.0,168.44934130169142,15.0,0.7,1755.8330952759068,0.001024,598.5082183333008,628.8464970591926,105.06898281369912,7.074339749665868,0.17061045476586628,False,6.878919093192163e-13,-12.264100097535085
front,E,29500.0,168.44934130169142,15.0,0.7,1755.8330952759068,0.004096,598.5082183333008,1257.6929941183853,210.13796562739824,14.148679499331736,0.31708070719987846,False,6.878919093192163e-13,-12.264100097535085
front,F,29500.0,168.44934130169142,15.0,0.7,1755.8330952759068,0.016384,598.5082183333008,2515.3859882367706,420.2759312547965,28.297358998663473,0.40596423530908593,False,6.878919093192163e-13,-12.264100097535085
front,G,29500.0,168.44934130169142,15.0,0.7,1755.8330952759068,0.065536,598.5082183333008,5030.771976473541,840.551862509593,56.594717997326946,0.45264977620654134,False,6.878919093192163e-13,-12.264100097535085
front,H,29500.0,168.44934130169142,15.0,0.7,1755.8330952759068,0.262144,598.5082183333008,10061.543952947082,1681.103725019186,113.18943599465389,0.4762830140976575,False,6.878919093192163e-13,-12.264100097535085
front,A,29750.0,169.87687809238372,15.0,0.7,1763.2573698079323,1.6e-05,598.5082183333008,78.77011650003512,13.161075167754698,0.8823305448386516,1.501814341754039e-14,True,6.882611470870616e-13,-12.24407709420424
front,B,29750.0,169.87687809238372,15.0,0.7,1763.2573698079323,6.4e-05,598.5082183333008,157.54023300007023,26.322150335509395,1.7646610896773032,7.261660309857768e-05,True,6.882611470870616e-13,-12.24407709420424
front,C,29750.0,169.87687809238372,15.0,0.7,1763.2573698079323,0.000256,598.5082183333008,315.08046600014046,52.64430067101879,3.5293221793546063,0.028746700017755936,False,6.882611470870616e-13,-12.24407709420424
front,D,29750.0,169.87687809238372,15.0,0.7,1763.2573698079323,0.001024,598.5082183333008,630.1609320002809,105.28860134203758,7.058644358709213,0.1711144574180935,False,6.882611470870616e-13,-12.24407709420424
front,E,29750.0,169.87687809238372,15.0,0.7,1763.2573698079323,0.004096,598.5082183333008,1260.3218640005618,210.57720268407516,14.117288717418425,0.31743439539642454,False,6.882611470870616e-13,-12.24407709420424
front,F,29750.0,169.87687809238372,15.0,0.7,1763.2573698079323,0.016384,598.5082183333008,2520.6437280011237,421.1544053681503,28.23457743483685,0.40615671947847853,False,6.882611470870616e-13,-12.24407709420424
front,G,29750.0,169.87687809238372,15.0,0.7,1763.2573698079323,0.065536,598.5082183333008,5041.287456002247,842.3088107363006,56.4691548696737,0.452748079062175,False,6.882611470870616e-13,-12.24407709420424
front,H,29750.0,169.87687809238372,15.0,0.7,1763.2573698079323,0.262144,598.5082183333008,10082.574912004495,1684.6176214726013,112.9383097393474,0.47633242655090613,False,6.882611470870616e-13,-12.24407709420424
front,A,30000.0,171.30441488307602,15.0,0.7,1770.6505148949645,1.6e-05,598.5082183333008,78.93409097542668,13.18847236471353,0.88038848849419,1.6963732081082003e-14,True,6.884516912705057e-13,-12.223312738479141
front,B,30000.0,171.30441488307602,15.0,0.7,1770.6505148949645,6.4e-05,598.5082183333008,157.86818195085337,26.37694472942706,1.76077697698838,7.496370432337636e-05,True,6.884516912705057e-13,-12.223312738479141
front,C,30000.0,171.30441488307602,15.0,0.7,1770.6505148949645,0.000256,598.5082183333008,315.73636390170674,52.75388945885412,3.52155395397676,0.029006820870920987,False,6.884516912705057e-13,-12.223312738479141
front,D,30000.0,171.30441488307602,15.0,0.7,1770.6505148949645,0.001024,598.5082183333008,631.4727278034135,105.50777891770824,7.04310790795352,0.17161629867692973,False,6.884516912705057e-13,-12.223312738479141
front,E,30000.0,171.30441488307602,15.0,0.7,1770.6505148949645,0.004096,598.5082183333008,1262.945455606827,211.01555783541647,14.08621581590704,0.3177860706781699,False,6.884516912705057e-13,-12.223312738479141
front,F,30000.0,171.30441488307602,15.0,0.7,1770.6505148949645,0.016384,598.5082183333008,2525.890911213654,422.03111567083295,28.17243163181408,0.4063480407367699,False,6.884516912705057e-13,-12.223312738479141
front,G,30000.0,171.30441488307602,15.0,0.7,1770.6505148949645,0.065536,598.5082183333008,5051.781822427308,844.0622313416659,56.34486326362816,0.4528457794029573,False,6.884516912705057e-13,-12.223312738479141
front,H,30000.0,171.30441488307602,15.0,0.7,1770.6505148949645,0.262144,598.5082183333008,10103.563644854616,1688.1244626833318,112.68972652725633,0.47638153506508446,False,6.884516912705057e-13,-12.223312738479141
front,A,30250.0,172.73195167376832,15.0,0.7,1778.0129188545336,1.6e-05,598.5082183333008,79.09773679342574,13.215814648910523,0.8784659306304852,1.9142397038606725e-14,True,6.888239687613033e-13,-12.201837981503138
front,B,30250.0,172.73195167376832,15.0,0.7,1778.0129188545336,6.4e-05,598.5082183333008,158.19547358685148,26.431629297821047,1.7569318612609703,7.736702674984503e-05,True,6.888239687613033e-13,-12.201837981503138
front,C,30250.0,172.73195167376832,15.0,0.7,1778.0129188545336,0.000256,598.5082183333008,316.39094717370295,52.863258595642094,3.5138637225219407,0.029267280155292497,False,6.888239687613033e-13,-12.201837981503138
front,D,30250.0,172.73195167376832,15.0,0.7,1778.0129188545336,0.001024,598.5082183333008,632.7818943474059,105.72651719128419,7.027727445043881,0.17211599034047914,False,6.888239687613033e-13,-12.201837981503138
front,E,30250.0,172.73195167376832,15.0,0.7,1778.0129188545336,0.004096,598.5082183333008,1265.5637886948118,211.45303438256838,14.055454890087763,0.3181357503195219,False,6.888239687613033e-13,-12.201837981503138
front,F,30250.0,172.73195167376832,15.0,0.7,1778.0129188545336,0.016384,598.5082183333008,2531.1275773896236,422.90606876513675,28.110909780175525,0.40653820982455946,False,6.888239687613033e-13,-12.201837981503138
front,G,30250.0,172.73195167376832,15.0,0.7,1778.0129188545336,0.065536,598.5082183333008,5062.255154779247,845.8121375302735,56.22181956035105,0.45294288288889095,False,6.888239687613033e-13,-12.201837981503138
front,H,30250.0,172.73195167376832,15.0,0.7,1778.0129188545336,0.262144,598.5082183333008,10124.510309558495,1691.624275060547,112.4436391207021,0.4764303425072939,False,6.888239687613033e-13,-12.201837981503138
front,A,30500.0,174.15948846446062,15.0,0.7,1785.344961997382,1.6e-05,598.5082183333008,79.26105522215545,13.24310223222634,0.876562512032446,2.157972981149098e-14,True,6.890182639816255e-13,-12.179683193159107
front,B,30500.0,174.15948846446062,15.0,0.7,1785.344961997382,6.4e-05,598.5082183333008,158.5221104443109,26.48620446445268,1.753125024064892,7.982736713898891e-05,True,6.890182639816255e-13,-12.179683193159107
front,C,30500.0,174.15948846446062,15.0,0.7,1785.344961997382,0.000256,598.5082183333008,317.0442208886218,52.97240892890536,3.506250048129784,0.02952806777095368,False,6.890182639816255e-13,-12.179683193159107
front,D,30500.0,174.15948846446062,15.0,0.7,1785.344961997382,0.001024,598.5082183333008,634.0884417772436,105.94481785781072,7.012500096259568,0.17261354428092285,False,6.890182639816255e-13,-12.179683193159107
front,E,30500.0,174.15948846446062,15.0,0.7,1785.344961997382,0.004096,598.5082183333008,1268.1768835544872,211.88963571562144,14.025000192519135,0.31848345148583307,False,6.890182639816255e-13,-12.179683193159107
front,F,30500.0,174.15948846446062,15.0,0.7,1785.344961997382,0.016384,598.5082183333008,2536.3537671089744,423.7792714312429,28.05000038503827,0.4067272373964987,False,6.890182639816255e-13,-12.179683193159107
front,G,30500.0,174.15948846446062,15.0,0.7,1785.344961997382,0.065536,598.5082183333008,5072.707534217949,847.5585428624858,56.10000077007654,0.4530393951325324,False,6.890182639816255e-13,-12.179683193159107
front,H,30500.0,174.15948846446062,15.0,0.7,1785.344961997382,0.262144,598.5082183333008,10145.415068435897,1695.1170857249715,112.20000154015308,0.47647885172033505,False,6.890182639816255e-13,-12.179683193159107
front,A,30750.0,175.58702525515292,15.0,0.7,1792.647016856706,1.6e-05,598.5082183333008,79.42404756031205,13.270335331649852,0.8746778829745333,2.4303868166569295e-14,True,6.892145898430847e-13,-12.156878135294079
front,B,30750.0,175.58702525515292,15.0,0.7,1792.647016856706,6.4e-05,598.5082183333008,158.8480951206241,26.540670663299704,1.7493557659490666,8.234552279678293e-05,True,6.892145898430847e-13,-12.156878135294079
front,C,30750.0,175.58702525515292,15.0,0.7,1792.647016856706,0.000256,598.5082183333008,317.6961902412482,53.08134132659941,3.498711531898133,0.029789173790650134,False,6.892145898430847e-13,-12.156878135294079
front,D,30750.0,175.58702525515292,15.0,0.7,1792.647016856706,0.001024,598.5082183333008,635.3923804824964,106.16268265319881,6.997423063796266,0.17310897243413703,False,6.892145898430847e-13,-12.156878135294079
front,E,30750.0,175.58702525515292,15.0,0.7,1792.647016856706,0.004096,598.5082183333008,1270.7847609649928,212.32536530639763,13.994846127592533,0.3188291912286873,False,6.892145898430847e-13,-12.156878135294079
front,F,30750.0,175.58702525515292,15.0,0.7,1792.647016856706,0.016384,598.5082183333008,2541.5695219299855,424.65073061279526,27.989692255185066,0.40691513401923207,False,6.892145898430847e-13,-12.156878135294079
front,G,30750.0,175.58702525515292,15.0,0.7,1792.647016856706,0.065536,598.5082183333008,5083.139043859971,849.3014612255905,55.97938451037013,0.4531353216980106,False,6.892145898430847e-13,-12.156878135294079
front,H,30750.0,175.58702525515292,15.0,0.7,1792.647016856706,0.262144,598.5082183333008,10166.278087719942,1698.602922451181,111.95876902074026,0.4765270655222242,False,6.892145898430847e-13,-12.156878135294079
front,A,31000.0,177.01456204584522,15.0,0.7,1799.919448409029,1.6e-05,598.5082183333008,79.58671513462795,13.297514168854274,0.8728117028954311,2.7345722209746022e-14,True,6.895914829161104e-13,-12.133451938452025
front,B,31000.0,177.01456204584522,15.0,0.7,1799.919448409029,6.4e-05,598.5082183333008,159.1734302692559,26.59502833770855,1.7456234057908622,8.492229143852369e-05,True,6.895914829161104e-13,-12.133451938452025
front,C,31000.0,177.01456204584522,15.0,0.7,1799.919448409029,0.000256,598.5082183333008,318.3468605385118,53.1900566754171,3.4912468115817243,0.030050588456012547,False,6.895914829161104e-13,-12.133451938452025
front,D,31000.0,177.01456204584522,15.0,0.7,1799.919448409029,0.001024,598.5082183333008,636.6937210770236,106.3801133508342,6.982493623163449,0.17360228678996087,False,6.895914829161104e-13,-12.133451938452025
front,E,31000.0,177.01456204584522,15.0,0.7,1799.919448409029,0.004096,598.5082183333008,1273.3874421540472,212.7602267016684,13.964987246326897,0.3191729864816456,False,6.895914829161104e-13,-12.133451938452025
front,F,31000.0,177.01456204584522,15.0,0.7,1799.919448409029,0.016384,598.5082183333008,2546.7748843080944,425.5204534033368,27.929974492653795,0.4071019101695843,False,6.895914829161104e-13,-12.133451938452025
front,G,31000.0,177.01456204584522,15.0,0.7,1799.919448409029,0.065536,598.5082183333008,5093.549768616189,851.0409068066735,55.85994898530759,0.45323066810017026,False,6.895914829161104e-13,-12.133451938452025
front,H,31000.0,177.01456204584522,15.0,0.7,1799.919448409029,0.262144,598.5082183333008,10187.099537232378,1702.081813613347,111.71989797061518,0.476574986705771,False,6.895914829161104e-13,-12.133451938452025
front,A,31250.0,178.44209883653753,15.0,0.7,1807.1626142870703,1.6e-05,598.5082183333008,79.74905929748626,13.324638969798595,0.8709636400863917,3.07392180118316e-14,True,6.899696365320834e-13,-12.109433081981228
front,B,31250.0,178.44209883653753,15.0,0.7,1807.1626142870703,6.4e-05,598.5082183333008,159.4981185949725,26.64927793959719,1.7419272801727834,8.755847105452853e-05,True,6.899696365320834e-13,-12.109433081981228
front,C,31250.0,178.44209883653753,15.0,0.7,1807.1626142870703,0.000256,598.5082183333008,318.996237189945,53.29855587919438,3.483854560345567,0.030312302173899797,False,6.899696365320834e-13,-12.109433081981228
front,D,31250.0,178.44209883653753,15.0,0.7,1807.1626142870703,0.001024,598.5082183333008,637.99247437989,106.59711175838876,6.967709120691134,0.17409349938307556,False,6.899696365320834e-13,-12.109433081981228
front,E,31250.0,178.44209883653753,15.0,0.7,1807.1626142870703,0.004096,598.5082183333008,1275.98494875978,213.19422351677753,13.935418241382267,0.3195148540564181,False,6.899696365320834e-13,-12.109433081981228
front,F,31250.0,178.44209883653753,15.0,0.7,1807.1626142870703,0.016384,598.5082183333008,2551.96989751956,426.38844703355505,27.870836482764535,0.407287576232974,False,6.899696365320834e-13,-12.109433081981228
front,G,31250.0,178.44209883653753,15.0,0.7,1807.1626142870703,0.065536,598.5082183333008,5103.93979503912,852.7768940671101,55.74167296552907,0.45332543980383094,False,6.899696365320834e-13,-12.109433081981228
front,H,31250.0,178.44209883653753,15.0,0.7,1807.1626142870703,0.262144,598.5082183333008,10207.87959007824,1705.5537881342202,111.48334593105814,0.47662261803821504,False,6.899696365320834e-13,-12.109433081981228
front,A,31500.0,179.86963562722983,15.0,0.7,1814.3768649849712,1.6e-05,598.5082183333008,79.91108142467776,13.351709964352805,0.8691333713925721,3.4521559914508383e-14,True,6.901712023717789e-13,-12.084849377368272
front,B,31500.0,179.86963562722983,15.0,0.7,1814.3768649849712,6.4e-05,598.5082183333008,159.82216284935552,26.70341992870561,1.7382667427851441,9.025485977721644e-05,True,6.901712023717789e-13,-12.084849377368272
front,C,31500.0,179.86963562722983,15.0,0.7,1814.3768649849712,0.000256,598.5082183333008,319.64432569871104,53.40683985741122,3.4765334855702883,0.030574305512857395,False,6.901712023717789e-13,-12.084849377368272
front,D,31500.0,179.86963562722983,15.0,0.7,1814.3768649849712,0.001024,598.5082183333008,639.2886513974221,106.81367971482244,6.953066971140577,0.17458262228445853,False,6.901712023717789e-13,-12.084849377368272
front,E,31500.0,179.86963562722983,15.0,0.7,1814.3768649849712,0.004096,598.5082183333008,1278.5773027948442,213.62735942964488,13.906133942281153,0.31985481063943355,False,6.901712023717789e-13,-12.084849377368272
front,F,31500.0,179.86963562722983,15.0,0.7,1814.3768649849712,0.016384,598.5082183333008,2557.1546055896883,427.25471885928977,27.812267884562306,0.40747214250203884,False,6.901712023717789e-13,-12.084849377368272
front,G,31500.0,179.86963562722983,15.0,0.7,1814.3768649849712,0.065536,598.5082183333008,5114.309211179377,854.5094377185795,55.62453576912461,0.45341964222315195,False,6.901712023717789e-13,-12.084849377368272
front,H,31500.0,179.86963562722983,15.0,0.7,1814.3768649849712,0.262144,598.5082183333008,10228.618422358753,1709.018875437159,111.24907153824923,0.47666996226091546,False,6.901712023717789e-13,-12.084849377368272
front,A,31750.0,181.29717241792213,15.0,0.7,1821.5625440562033,1.6e-05,598.5082183333008,80.07278291329159,13.378727385945467,0.8673205819267251,3.873351272405533e-14,True,6.903747169871326e-13,-12.059727954641305
front,B,31750.0,181.29717241792213,15.0,0.7,1821.5625440562033,6.4e-05,598.5082183333008,160.14556582658318,26.757454771890934,1.7346411638534502,9.301225574958795e-05,True,6.903747169871326e-13,-12.059727954641305
front,C,31750.0,181.29717241792213,15.0,0.7,1821.5625440562033,0.000256,598.5082183333008,320.29113165316636,53.51490954378187,3.4692823277069005,0.030836589199685308,False,6.903747169871326e-13,-12.059727954641305
front,D,31750.0,181.29717241792213,15.0,0.7,1821.5625440562033,0.001024,598.5082183333008,640.5822633063327,107.02981908756374,6.938564655413801,0.17506966759337556,False,6.903747169871326e-13,-12.059727954641305
front,E,31750.0,181.29717241792213,15.0,0.7,1821.5625440562033,0.004096,598.5082183333008,1281.1645266126654,214.05963817512747,13.877129310827602,0.3201928727887766,False,6.903747169871326e-13,-12.059727954641305
front,F,31750.0,181.29717241792213,15.0,0.7,1821.5625440562033,0.016384,598.5082183333008,2562.329053225331,428.11927635025495,27.754258621655204,0.4076556191754547,False,6.903747169871326e-13,-12.059727954641305
front,G,31750.0,181.29717241792213,15.0,0.7,1821.5625440562033,0.065536,598.5082183333008,5124.658106450662,856.2385527005099,55.50851724331041,0.4535132807210965,False,6.903747169871326e-13,-12.059727954641305
front,H,31750.0,181.29717241792213,15.0,0.7,1821.5625440562033,0.262144,598.5082183333008,10249.316212901324,1712.4771054010198,111.01703448662082,0.4767170220890898,False,6.903747169871326e-13,-12.059727954641305
front,A,32000.0,182.72470920861443,15.0,0.7,1828.719988304476,1.6e-05,598.5082183333008,80.23416517973155,13.405691471232275,0.8655249647946411,4.341970506237063e-14,True,6.907572760947527e-13,-12.03409525167584
front,B,32000.0,182.72470920861443,15.0,0.7,1828.719988304476,6.4e-05,598.5082183333008,160.4683303594631,26.81138294246455,1.7310499295892823,9.583145699513716e-05,True,6.907572760947527e-13,-12.03409525167584
front,C,32000.0,182.72470920861443,15.0,0.7,1828.719988304476,0.000256,598.5082183333008,320.9366607189262,53.6227658849291,3.4620998591785646,0.03109914411611091,False,6.907572760947527e-13,-12.03409525167584
front,D,32000.0,182.72470920861443,15.0,0.7,1828.719988304476,0.001024,598.5082183333008,641.8733214378524,107.2455317698582,6.924199718357129,0.17555464742988014,False,6.907572760947527e-13,-12.03409525167584
front,E,32000.0,182.72470920861443,15.0,0.7,1828.719988304476,0.004096,598.5082183333008,1283.7466428757048,214.4910635397164,13.848399436714258,0.32052905693146816,False,6.907572760947527e-13,-12.03409525167584
front,F,32000.0,182.72470920861443,15.0,0.7,1828.719988304476,0.016384,598.5082183333008,2567.4932857514095,428.9821270794328,27.696798873428516,0.4078380163569349,False,6.907572760947527e-13,-12.03409525167584
front,G,32000.0,182.72470920861443,15.0,0.7,1828.719988304476,0.065536,598.5082183333008,5134.986571502819,857.9642541588656,55.39359774685703,0.4536063606089863,False,6.907572760947527e-13,-12.03409525167584
front,H,32000.0,182.72470920861443,15.0,0.7,1828.719988304476,0.262144,598.5082183333008,10269.973143005638,1715.9285083177313,110.78719549371407,0.4767638002115988,False,6.907572760947527e-13,-12.03409525167584
front,A,32250.0,184.15224599930673,15.0,0.7,1835.8495279679482,1.6e-05,598.5082183333008,80.39522965785085,13.432602459784418,0.8637462208317678,4.86289552088861e-14,True,6.911410312889602e-13,-12.007977006233272
front,B,32250.0,184.15224599930673,15.0,0.7,1835.8495279679482,6.4e-05,598.5082183333008,160.7904593157017,26.865204919568836,1.7274924416635355,9.871326128921883e-05,True,6.911410312889602e-13,-12.007977006233272
front,C,32250.0,184.15224599930673,15.0,0.7,1835.8495279679482,0.000256,598.5082183333008,321.5809186314034,53.73040983913767,3.454984883327071,0.031361961295562464,False,6.911410312889602e-13,-12.007977006233272
front,D,32250.0,184.15224599930673,15.0,0.7,1835.8495279679482,0.001024,598.5082183333008,643.1618372628068,107.46081967827534,6.909969766654142,0.1760375739277899,False,6.911410312889602e-13,-12.007977006233272
front,E,32250.0,184.15224599930673,15.0,0.7,1835.8495279679482,0.004096,598.5082183333008,1286.3236745256136,214.92163935655068,13.819939533308284,0.3208633793610628,False,6.911410312889602e-13,-12.007977006233272
front,F,32250.0,184.15224599930673,15.0,0.7,1835.8495279679482,0.016384,598.5082183333008,2572.647349051227,429.84327871310137,27.63987906661657,0.4080193440543969,False,6.911410312889602e-13,-12.007977006233272
front,G,32250.0,184.15224599930673,15.0,0.7,1835.8495279679482,0.065536,598.5082183333008,5145.294698102454,859.6865574262027,55.27975813323314,0.4536988871461412,False,6.911410312889602e-13,-12.007977006233272
front,H,32250.0,184.15224599930673,15.0,0.7,1835.8495279679482,0.262144,598.5082183333008,10290.589396204909,1719.3731148524055,110.55951626646628,0.47681029929077345,False,6.911410312889602e-13,-12.007977006233272
front,A,32500.0,185.57978278999903,15.0,0.7,1842.9514868970246,1.6e-05,598.5082183333008,80.55597779719781,13.459460593795443,0.8619840583504742,5.441462083322469e-14,True,6.911731481223265e-13,-11.981398250556893
front,B,32500.0,185.57978278999903,15.0,0.7,1842.9514868970246,6.4e-05,598.5082183333008,161.11195559439562,26.918921187590886,1.7239681167009484,0.00010165846603188932,True,6.911731481223265e-13,-11.981398250556893
front,C,32500.0,185.57978278999903,15.0,0.7,1842.9514868970246,0.000256,598.5082183333008,322.22391118879125,53.83784237518177,3.447936233401897,0.031625031920038515,False,6.911731481223265e-13,-11.981398250556893
front,D,32500.0,185.57978278999903,15.0,0.7,1842.9514868970246,0.001024,598.5082183333008,644.4478223775825,107.67568475036354,6.895872466803794,0.17651845922810994,False,6.911731481223265e-13,-11.981398250556893
front,E,32500.0,185.57978278999903,15.0,0.7,1842.9514868970246,0.004096,598.5082183333008,1288.895644755165,215.3513695007271,13.791744933607587,0.3211958562355422,False,6.911731481223265e-13,-11.981398250556893
front,F,32500.0,185.57978278999903,15.0,0.7,1842.9514868970246,0.016384,598.5082183333008,2577.79128951033,430.7027390014542,27.583489867215174,0.4081996121792819,False,6.911731481223265e-13,-11.981398250556893
front,G,32500.0,185.57978278999903,15.0,0.7,1842.9514868970246,0.065536,598.5082183333008,5155.58257902066,861.4054780029084,55.16697973443035,0.4537908655395952,False,6.911731481223265e-13,-11.981398250556893
front,H,32500.0,185.57978278999903,15.0,0.7,1842.9514868970246,0.262144,598.5082183333008,10311.16515804132,1722.8109560058167,110.3339594688607,0.47685652196228057,False,6.911731481223265e-13,-11.981398250556893
front,A,32750.0,187.00731958069133,15.0,0.7,1850.0261827260088,1.6e-05,598.5082183333008,80.71641106136649,13.486266117805698,0.8602381928974471,6.083497408695189e-14,True,6.91559951530487e-13,-11.954383308350339
front,B,32750.0,187.00731958069133,15.0,0.7,1850.0261827260088,6.4e-05,598.5082183333008,161.43282212273297,26.972532235611396,1.7204763857948941,0.0001046678681222494,True,6.91559951530487e-13,-11.954383308350339
front,C,32750.0,187.00731958069133,15.0,0.7,1850.0261827260088,0.000256,598.5082183333008,322.86564424546594,53.94506447122279,3.4409527715897883,0.031888347317069604,False,6.91559951530487e-13,-11.954383308350339
front,D,32750.0,187.00731958069133,15.0,0.7,1850.0261827260088,0.001024,598.5082183333008,645.7312884909319,107.89012894244559,6.881905543179577,0.1769973154728785,False,6.91559951530487e-13,-11.954383308350339
front,E,32750.0,187.00731958069133,15.0,0.7,1850.0261827260088,0.004096,598.5082183333008,1291.4625769818638,215.78025788489117,13.763811086359153,0.32152650357548307,False,6.91559951530487e-13,-11.954383308350339
front,F,32750.0,187.00731958069133,15.0,0.7,1850.0261827260088,0.016384,598.5082183333008,2582.9251539637276,431.56051576978234,27.527622172718306,0.4083788305460177,False,6.91559951530487e-13,-11.954383308350339
front,G,32750.0,187.00731958069133,15.0,0.7,1850.0261827260088,0.065536,598.5082183333008,5165.850307927455,863.1210315395647,55.05524434543661,0.4538823009438852,False,6.91559951530487e-13,-11.954383308350339
front,H,32750.0,187.00731958069133,15.0,0.7,1850.0261827260088,0.262144,598.5082183333008,10331.70061585491,1726.2420630791294,110.11048869087323,0.47690247083502435,False,6.91559951530487e-13,-11.954383308350339
front,A,33000.0,188.43485637138363,15.0,0.7,1857.0739270388733,1.6e-05,598.5082183333008,80.87653092644547,13.513019278443135,0.8585083470207415,6.795360359347739e-14,True,6.91772191176613e-13,-11.9269557939636
front,B,33000.0,188.43485637138363,15.0,0.7,1857.0739270388733,6.4e-05,598.5082183333008,161.75306185289094,27.02603855688627,1.717016694041483,0.00010774226383430352,True,6.91772191176613e-13,-11.9269557939636
front,C,33000.0,188.43485637138363,15.0,0.7,1857.0739270388733,0.000256,598.5082183333008,323.5061237057819,54.05207711377254,3.434033388082966,0.03215189895676817,False,6.91772191176613e-13,-11.9269557939636
front,D,33000.0,188.43485637138363,15.0,0.7,1857.0739270388733,0.001024,598.5082183333008,647.0122474115637,108.10415422754508,6.868066776165932,0.17747415479940803,False,6.91772191176613e-13,-11.9269557939636
front,E,33000.0,188.43485637138363,15.0,0.7,1857.0739270388733,0.004096,598.5082183333008,1294.0244948231275,216.20830845509016,13.736133552331864,0.3218553372624791,False,6.91772191176613e-13,-11.9269557939636
front,F,33000.0,188.43485637138363,15.0,0.7,1857.0739270388733,0.016384,598.5082183333008,2588.048989646255,432.4166169101803,27.47226710466373,0.40855700887161256,False,6.91772191176613e-13,-11.9269557939636
front,G,33000.0,188.43485637138363,15.0,0.7,1857.0739270388733,0.065536,598.5082183333008,5176.09797929251,864.8332338203606,54.94453420932746,0.4539731984609055,False,6.91772191176613e-13,-11.9269557939636
front,H,33000.0,188.43485637138363,15.0,0.7,1857.0739270388733,0.262144,598.5082183333008,10352.19595858502,1729.6664676407213,109.88906841865492,0.4769481484910814,False,6.91772191176613e-13,-11.9269557939636
front,A,33250.0,189.86239316207593,15.0,0.7,1864.0950255293847,1.6e-05,598.5082183333008,81.03633887955954,13.539720324179667,0.8567942500460317,7.583984494815268e-14,True,6.92161619545357e-13,-11.899138613614085
front,B,33250.0,189.86239316207593,15.0,0.7,1864.0950255293847,6.4e-05,598.5082183333008,162.07267775911907,27.079440648359334,1.7135885000920634,0.00011088244869435401,True,6.92161619545357e-13,-11.899138613614085
front,C,33250.0,189.86239316207593,15.0,0.7,1864.0950255293847,0.000256,598.5082183333008,324.14535551823815,54.15888129671867,3.427177000184127,0.0324156784489629,False,6.92161619545357e-13,-11.899138613614085
front,D,33250.0,189.86239316207593,15.0,0.7,1864.0950255293847,0.001024,598.5082183333008,648.2907110364763,108.31776259343734,6.854354000368254,0.17794898933489944,False,6.92161619545357e-13,-11.899138613614085
front,E,33250.0,189.86239316207593,15.0,0.7,1864.0950255293847,0.004096,598.5082183333008,1296.5814220729526,216.63552518687467,13.708708000736507,0.3221823730377995,False,6.92161619545357e-13,-11.899138613614085
front,F,33250.0,189.86239316207593,15.0,0.7,1864.0950255293847,0.016384,598.5082183333008,2593.162844145905,433.27105037374935,27.417416001473015,0.4087341567753705,False,6.92161619545357e-13,-11.899138613614085
front,G,33250.0,189.86239316207593,15.0,0.7,1864.0950255293847,0.065536,598.5082183333008,5186.32568829181,866.5421007474987,54.83483200294603,0.454063563139823,False,6.92161619545357e-13,-11.899138613614085
front,H,33250.0,189.86239316207593,15.0,0.7,1864.0950255293847,0.262144,598.5082183333008,10372.65137658362,1733.0842014949974,109.66966400589206,0.47699355748566574,False,6.92161619545357e-13,-11.899138613614085
front,A,33500.0,191.28992995276823,15.0,0.7,1871.0897781558247,1.6e-05,598.5082183333008,81.19583641749847,13.566369505102042,0.8550956378616318,8.456924141587079e-14,True,6.923771431366595e-13,-11.87095396847218
front,B,33500.0,191.28992995276823,15.0,0.7,1871.0897781558247,6.4e-05,598.5082183333008,162.39167283499694,27.132739010204084,1.7101912757232636,0.00011408921735994901,True,6.923771431366595e-13,-11.87095396847218
front,C,33500.0,191.28992995276823,15.0,0.7,1871.0897781558247,0.000256,598.5082183333008,324.7833456699939,54.26547802040817,3.420382551446527,0.03267967754041426,False,6.923771431366595e-13,-11.87095396847218
front,D,33500.0,191.28992995276823,15.0,0.7,1871.0897781558247,0.001024,598.5082183333008,649.5666913399878,108.53095604081633,6.840765102893054,0.1784218311914071,False,6.923771431366595e-13,-11.87095396847218
front,E,33500.0,191.28992995276823,15.0,0.7,1871.0897781558247,0.004096,598.5082183333008,1299.1333826799755,217.06191208163267,13.681530205786109,0.32250762650126624,False,6.923771431366595e-13,-11.87095396847218
front,F,33500.0,191.28992995276823,15.0,0.7,1871.0897781558247,0.016384,598.5082183333008,2598.266765359951,434.12382416326534,27.363060411572217,0.40891028377871874,False,6.923771431366595e-13,-11.87095396847218
front,G,33500.0,191.28992995276823,15.0,0.7,1871.0897781558247,0.065536,598.5082183333008,5196.533530719902,868.2476483265307,54.726120823144434,0.4541533999770488,False,6.923771431366595e-13,-11.87095396847218
front,H,33500.0,191.28992995276823,15.0,0.7,1871.0897781558247,0.262144,598.5082183333008,10393.067061439804,1736.4952966530614,109.45224164628887,0.4770387003471223,False,6.923771431366595e-13,-11.87095396847218
front,A,33750.0,192.71746674346053,15.0,0.7,1878.058479290522,1.6e-05,598.5082183333008,81.35502504542816,13.592967072696519,0.8534122527118804,9.422403659102381e-14,True,6.925944514713461e-13,-11.842423359447887
front,B,33750.0,192.71746674346053,15.0,0.7,1878.058479290522,6.4e-05,598.5082183333008,162.71005009085633,27.185934145393038,1.7068245054237607,0.00011736336350040303,True,6.925944514713461e-13,-11.842423359447887
front,C,33750.0,192.71746674346053,15.0,0.7,1878.058479290522,0.000256,598.5082183333008,325.42010018171266,54.371868290786075,3.4136490108475215,0.03294388811210828,False,6.925944514713461e-13,-11.842423359447887
front,D,33750.0,192.71746674346053,15.0,0.7,1878.058479290522,0.001024,598.5082183333008,650.8402003634253,108.74373658157215,6.827298021695043,0.1788926924611336,False,6.925944514713461e-13,-11.842423359447887
front,E,33750.0,192.71746674346053,15.0,0.7,1878.058479290522,0.004096,598.5082183333008,1301.6804007268506,217.4874731631443,13.654596043390086,0.32283111311033585,False,6.925944514713461e-13,-11.842423359447887
front,F,33750.0,192.71746674346053,15.0,0.7,1878.058479290522,0.016384,598.5082183333008,2603.3608014537012,434.9749463262886,27.309192086780172,0.40908539930513793,False,6.925944514713461e-13,-11.842423359447887
front,G,33750.0,192.71746674346053,15.0,0.7,1878.058479290522,0.065536,598.5082183333008,5206.7216029074025,869.9498926525772,54.618384173560344,0.4542427139162613,False,6.925944514713461e-13,-11.842423359447887
front,H,33750.0,192.71746674346053,15.0,0.7,1878.058479290522,0.262144,598.5082183333008,10413.443205814805,1739.8997853051544,109.23676834712069,0.4770835795769457,False,6.925944514713461e-13,-11.842423359447887
front,A,34000.0,194.14500353415283,15.0,0.7,1885.0014178644117,1.6e-05,598.5082183333008,81.513906275679,13.619513279646405,0.8517438429985045,1.048937008644832e-13,True,6.92813523709913e-13,-11.813567593517647
front,B,34000.0,194.14500353415283,15.0,0.7,1885.0014178644117,6.4e-05,598.5082183333008,163.027812551358,27.23902655929281,1.703487685997009,0.00012070567967889626,True,6.92813523709913e-13,-11.813567593517647
front,C,34000.0,194.14500353415283,15.0,0.7,1885.0014178644117,0.000256,598.5082183333008,326.055625102716,54.47805311858562,3.406975371994018,0.033208302176624745,False,6.92813523709913e-13,-11.813567593517647
front,D,34000.0,194.14500353415283,15.0,0.7,1885.0014178644117,0.001024,598.5082183333008,652.111250205432,108.95610623717124,6.813950743988036,0.1793615852120362,False,6.92813523709913e-13,-11.813567593517647
front,E,34000.0,194.14500353415283,15.0,0.7,1885.0014178644117,0.004096,598.5082183333008,1304.222500410864,217.91221247434248,13.627901487976072,0.32315284817936796,False,6.92813523709913e-13,-11.813567593517647
front,F,34000.0,194.14500353415283,15.0,0.7,1885.0014178644117,0.016384,598.5082183333008,2608.445000821728,435.82442494868496,27.255802975952143,0.409259512680188,False,6.92813523709913e-13,-11.813567593517647
front,G,34000.0,194.14500353415283,15.0,0.7,1885.0014178644117,0.065536,598.5082183333008,5216.890001643456,871.6488498973699,54.511605951904286,0.4543315098484768,False,6.92813523709913e-13,-11.813567593517647
front,H,34000.0,194.14500353415283,15.0,0.7,1885.0014178644117,0.262144,598.5082183333008,10433.780003286913,1743.2976997947399,109.02321190380857,0.4771281976498234,False,6.92813523709913e-13,-11.813567593517647
front,A,34250.0,195.57254032484514,15.0,0.7,1891.9188775068178,1.6e-05,598.5082183333008,81.67248162660728,13.646008379641836,0.8500901630895997,1.16675493624459e-13,True,6.930343391477139e-13,-11.784406791438455
front,B,34250.0,195.57254032484514,15.0,0.7,1891.9188775068178,6.4e-05,598.5082183333008,163.34496325321456,27.292016759283673,1.7001803261791995,0.00012411695723617503,True,6.930343391477139e-13,-11.784406791438455
front,C,34250.0,195.57254032484514,15.0,0.7,1891.9188775068178,0.000256,598.5082183333008,326.6899265064291,54.584033518567345,3.400360652358399,0.03347291187557763,False,6.930343391477139e-13,-11.784406791438455
front,D,34250.0,195.57254032484514,15.0,0.7,1891.9188775068178,0.001024,598.5082183333008,653.3798530128582,109.16806703713469,6.800721304716798,0.17982852148372452,False,6.930343391477139e-13,-11.784406791438455
front,E,34250.0,195.57254032484514,15.0,0.7,1891.9188775068178,0.004096,598.5082183333008,1306.7597060257165,218.33613407426938,13.601442609433596,0.32347284687906985,False,6.930343391477139e-13,-11.784406791438455
front,F,34250.0,195.57254032484514,15.0,0.7,1891.9188775068178,0.016384,598.5082183333008,2613.519412051433,436.67226814853876,27.20288521886719,0.40943263313162115,False,6.930343391477139e-13,-11.784406791438455
front,G,34250.0,195.57254032484514,15.0,0.7,1891.9188775068178,0.065536,598.5082183333008,5227.038824102866,873.3445362970775,54.40577043773438,0.4544197926121636,False,6.930343391477139e-13,-11.784406791438455
front,H,34250.0,195.57254032484514,15.0,0.7,1891.9188775068178,0.262144,598.5082183333008,10454.077648205732,1746.689072594155,108.81154087546876,0.4771725570137002,False,6.930343391477139e-13,-11.784406791438455
front,A,34500.0,197.00007711553744,15.0,0.7,1898.811136680653,1.6e-05,598.5082183333008,81.8307526215253,13.672452627201006,0.8484509731358783,1.2967506320250498e-13,True,6.93430538763923e-13,-11.75496039670243
front,B,34500.0,197.00007711553744,15.0,0.7,1898.811136680653,6.4e-05,598.5082183333008,163.6615052430506,27.34490525440201,1.6969019462717565,0.00012759798617585947,True,6.93430538763923e-13,-11.75496039670243
front,C,34500.0,197.00007711553744,15.0,0.7,1898.811136680653,0.000256,598.5082183333008,327.3230104861012,54.68981050880402,3.393803892543513,0.03373770947712456,False,6.93430538763923e-13,-11.75496039670243
front,D,34500.0,197.00007711553744,15.0,0.7,1898.811136680653,0.001024,598.5082183333008,654.6460209722025,109.37962101760805,6.787607785087026,0.18029351328363497,False,6.93430538763923e-13,-11.75496039670243
front,E,34500.0,197.00007711553744,15.0,0.7,1898.811136680653,0.004096,598.5082183333008,1309.292041944405,218.7592420352161,13.575215570174052,0.32379112423610246,False,6.93430538763923e-13,-11.75496039670243
front,F,34500.0,197.00007711553744,15.0,0.7,1898.811136680653,0.016384,598.5082183333008,2618.58408388881,437.5184840704322,27.150431140348104,0.40960476978957516,False,6.93430538763923e-13,-11.75496039670243
front,G,34500.0,197.00007711553744,15.0,0.7,1898.811136680653,0.065536,598.5082183333008,5237.16816777762,875.0369681408644,54.30086228069621,0.4545075669933965,False,6.93430538763923e-13,-11.75496039670243
front,H,34500.0,197.00007711553744,15.0,0.7,1898.811136680653,0.262144,598.5082183333008,10474.33633555524,1750.0739362817287,108.60172456139242,0.47721666008986274,False,6.93430538763923e-13,-11.75496039670243
front,A,34750.0,198.42761390622974,15.0,0.7,1905.6784688132173,1.6e-05,598.5082183333008,81.98872078769622,13.698846277502218,0.8468260388938621,1.4400708666272158e-13,True,6.93654444463207e-13,-11.725247185591902
front,B,34750.0,198.42761390622974,15.0,0.7,1905.6784688132173,6.4e-05,598.5082183333008,163.97744157539245,27.397692555004436,1.6936520777877242,0.00013114955505136964,True,6.93654444463207e-13,-11.725247185591902
front,C,34750.0,198.42761390622974,15.0,0.7,1905.6784688132173,0.000256,598.5082183333008,327.9548831507849,54.79538511000887,3.3873041555754484,0.0340026873735426,False,6.93654444463207e-13,-11.725247185591902
front,D,34750.0,198.42761390622974,15.0,0.7,1905.6784688132173,0.001024,598.5082183333008,655.9097663015698,109.59077022001775,6.774608311150897,0.1807565725834634,False,6.93654444463207e-13,-11.725247185591902
front,E,34750.0,198.42761390622974,15.0,0.7,1905.6784688132173,0.004096,598.5082183333008,1311.8195326031396,219.1815404400355,13.549216622301794,0.3241076951328349,False,6.93654444463207e-13,-11.725247185591902
front,F,34750.0,198.42761390622974,15.0,0.7,1905.6784688132173,0.016384,598.5082183333008,2623.639065206279,438.363080880071,27.098433244603587,0.40977593168684123,False,6.93654444463207e-13,-11.725247185591902
front,G,34750.0,198.42761390622974,15.0,0.7,1905.6784688132173,0.065536,598.5082183333008,5247.278130412558,876.726161760142,54.196866489207174,0.45459483772604736,False,6.93654444463207e-13,-11.725247185591902
front,H,34750.0,198.42761390622974,15.0,0.7,1905.6784688132173,0.262144,598.5082183333008,10494.556260825117,1753.452323520284,108.39373297841435,0.4772605092730425,False,6.93654444463207e-13,-11.725247185591902
front,A,35000.0,199.85515069692204,15.0,0.7,1912.5211424227716,1.6e-05,598.5082183333008,82.14638765539004,13.72518958622618,0.8452151315557067,1.5979595162129386e-13,True,6.938800340410975e-13,-11.695285278203285
front,B,35000.0,199.85515069692204,15.0,0.7,1912.5211424227716,6.4e-05,598.5082183333008,164.2927753107801,27.45037917245236,1.6904302631114134,0.00013477245085448473,True,6.938800340410975e-13,-11.695285278203285
front,C,35000.0,199.85515069692204,15.0,0.7,1912.5211424227716,0.000256,598.5082183333008,328.5855506215602,54.90075834490472,3.380860526222827,0.0342678380788685,False,6.938800340410975e-13,-11.695285278203285
front,D,35000.0,199.85515069692204,15.0,0.7,1912.5211424227716,0.001024,598.5082183333008,657.1711012431203,109.80151668980945,6.761721052445654,0.18121771131584308,False,6.938800340410975e-13,-11.695285278203285
front,E,35000.0,199.85515069692204,15.0,0.7,1912.5211424227716,0.004096,598.5082183333008,1314.3422024862407,219.6030333796189,13.523442104891307,0.3244225743072396,False,6.938800340410975e-13,-11.695285278203285
front,F,35000.0,199.85515069692204,15.0,0.7,1912.5211424227716,0.016384,598.5082183333008,2628.6844049724814,439.2060667592378,27.046884209782615,0.40994612775919914,False,6.938800340410975e-13,-11.695285278203285
front,G,35000.0,199.85515069692204,15.0,0.7,1912.5211424227716,0.065536,598.5082183333008,5257.368809944963,878.4121335184756,54.09376841956523,0.4546816094920098,False,6.938800340410975e-13,-11.695285278203285
front,H,35000.0,199.85515069692204,15.0,0.7,1912.5211424227716,0.262144,598.5082183333008,10514.737619889926,1756.8242670369511,108.18753683913046,0.47730410693153524,False,6.938800340410975e-13,-11.695285278203285
front,A,35250.0,201.28268748761434,15.0,0.7,1919.3394212410474,1.6e-05,598.5082183333008,82.30375475699714,13.751482809407863,0.8436180275853655,1.7717648237486365e-13,True,6.941072873744596e-13,-11.66509215031451
front,B,35250.0,201.28268748761434,15.0,0.7,1919.3394212410474,6.4e-05,598.5082183333008,164.60750951399427,27.502965618815725,1.687236055170731,0.0001384674589055404,True,6.941072873744596e-13,-11.66509215031451
front,C,35250.0,201.28268748761434,15.0,0.7,1919.3394212410474,0.000256,598.5082183333008,329.21501902798855,55.00593123763145,3.374472110341462,0.03453315422660032,False,6.941072873744596e-13,-11.66509215031451
front,D,35250.0,201.28268748761434,15.0,0.7,1919.3394212410474,0.001024,598.5082183333008,658.4300380559771,110.0118624752629,6.748944220682924,0.18167694137125234,False,6.941072873744596e-13,-11.66509215031451
front,E,35250.0,201.28268748761434,15.0,0.7,1919.3394212410474,0.004096,598.5082183333008,1316.8600761119542,220.0237249505258,13.497888441365848,0.32473577635291384,False,6.941072873744596e-13,-11.66509215031451
front,F,35250.0,201.28268748761434,15.0,0.7,1919.3394212410474,0.016384,598.5082183333008,2633.7201522239084,440.0474499010516,26.995776882731697,0.41011536684581457,False,6.941072873744596e-13,-11.66509215031451
front,G,35250.0,201.28268748761434,15.0,0.7,1919.3394212410474,0.065536,598.5082183333008,5267.440304447817,880.0948998021032,53.991553765463394,0.4547678869214543,False,6.941072873744596e-13,-11.66509215031451
front,H,35250.0,201.28268748761434,15.0,0.7,1919.3394212410474,0.262144,598.5082183333008,10534.880608895633,1760.1897996042064,107.98310753092679,0.4773474554073363,False,6.941072873744596e-13,-11.66509215031451
front,A,35500.0,202.71022427830664,15.0,0.7,1926.1335643318541,1.6e-05,598.5082183333008,82.46082362619607,13.77772620329748,0.8420345085608115,1.9629471270989426e-13,True,6.945085191226574e-13,-11.634684645979414
front,B,35500.0,202.71022427830664,15.0,0.7,1926.1335643318541,6.4e-05,598.5082183333008,164.92164725239215,27.55545240659496,1.684069017121623,0.00014223536274526722,True,6.945085191226574e-13,-11.634684645979414
front,C,35500.0,202.71022427830664,15.0,0.7,1926.1335643318541,0.000256,598.5082183333008,329.8432945047843,55.11090481318992,3.368138034243246,0.03479862856745828,False,6.945085191226574e-13,-11.634684645979414
front,D,35500.0,202.71022427830664,15.0,0.7,1926.1335643318541,0.001024,598.5082183333008,659.6865890095686,110.22180962637984,6.736276068486492,0.18213427459513887,False,6.945085191226574e-13,-11.634684645979414
front,E,35500.0,202.71022427830664,15.0,0.7,1926.1335643318541,0.004096,598.5082183333008,1319.3731780191372,220.44361925275967,13.472552136972984,0.3250473157192199,False,6.945085191226574e-13,-11.634684645979414
front,F,35500.0,202.71022427830664,15.0,0.7,1926.1335643318541,0.016384,598.5082183333008,2638.7463560382744,440.88723850551935,26.94510427394597,0.41028365768969355,False,6.945085191226574e-13,-11.634684645979414
front,G,35500.0,202.71022427830664,15.0,0.7,1926.1335643318541,0.065536,598.5082183333008,5277.492712076549,881.7744770110387,53.89020854789194,0.45485367459311116,False,6.945085191226574e-13,-11.634684645979414
front,H,35500.0,202.71022427830664,15.0,0.7,1926.1335643318541,0.262144,598.5082183333008,10554.985424153097,1763.5489540220774,107.78041709578387,0.47739055701628885,False,6.945085191226574e-13,-11.634684645979414
front,A,35750.0,204.13776106899894,15.0,0.7,1932.9038262059362,1.6e-05,598.5082183333008,82.61759579717267,13.803920024229994,0.8404643610220542,2.1730870786123565e-13,True,6.947387132350461e-13,-11.604078990740119
front,B,35750.0,204.13776106899894,15.0,0.7,1932.9038262059362,6.4e-05,598.5082183333008,165.23519159434534,27.607840048459988,1.6809287220441085,0.00014607694402828876,True,6.947387132350461e-13,-11.604078990740119
front,C,35750.0,204.13776106899894,15.0,0.7,1932.9038262059362,0.000256,598.5082183333008,330.4703831886907,55.215680096919975,3.361857444088217,0.03506425396720327,False,6.947387132350461e-13,-11.604078990740119
front,D,35750.0,204.13776106899894,15.0,0.7,1932.9038262059362,0.001024,598.5082183333008,660.9407663773814,110.43136019383995,6.723714888176434,0.1825897227852485,False,6.947387132350461e-13,-11.604078990740119
front,E,35750.0,204.13776106899894,15.0,0.7,1932.9038262059362,0.004096,598.5082183333008,1321.8815327547627,220.8627203876799,13.447429776352868,0.3253572067115347,False,6.947387132350461e-13,-11.604078990740119
front,F,35750.0,204.13776106899894,15.0,0.7,1932.9038262059362,0.016384,598.5082183333008,2643.7630655095254,441.7254407753598,26.894859552705736,0.4104510089381889,False,6.947387132350461e-13,-11.604078990740119
front,G,35750.0,204.13776106899894,15.0,0.7,1932.9038262059362,0.065536,598.5082183333008,5287.526131019051,883.4508815507196,53.78971910541147,0.45493897703457953,False,6.947387132350461e-13,-11.604078990740119
front,H,35750.0,204.13776106899894,15.0,0.7,1932.9038262059362,0.262144,598.5082183333008,10575.052262038102,1766.9017631014392,107.57943821082294,0.47743341404824585,False,6.947387132350461e-13,-11.604078990740119
front,A,36000.0,205.56529785969124,15.0,0.7,1939.6504569322183,1.6e-05,598.5082183333008,82.77407280388736,13.830064528502707,0.8389073763247009,2.4038943818622955e-13,True,6.94970513574102e-13,-11.573290805355182
front,B,36000.0,205.56529785969124,15.0,0.7,1939.6504569322183,6.4e-05,598.5082183333008,165.54814560777473,27.660129057005413,1.6778147526494018,0.00014999298241827154,True,6.94970513574102e-13,-11.573290805355182
front,C,36000.0,205.56529785969124,15.0,0.7,1939.6504569322183,0.000256,598.5082183333008,331.09629121554946,55.32025811401083,3.3556295052988037,0.035330023404510136,False,6.94970513574102e-13,-11.573290805355182
front,D,36000.0,205.56529785969124,15.0,0.7,1939.6504569322183,0.001024,598.5082183333008,662.1925824310989,110.64051622802165,6.711259010597607,0.18304329768914618,False,6.94970513574102e-13,-11.573290805355182
front,E,36000.0,205.56529785969124,15.0,0.7,1939.6504569322183,0.004096,598.5082183333008,1324.3851648621978,221.2810324560433,13.422518021195215,0.32566546349159986,False,6.94970513574102e-13,-11.573290805355182
front,F,36000.0,205.56529785969124,15.0,0.7,1939.6504569322183,0.016384,598.5082183333008,2648.7703297243957,442.5620649120866,26.84503604239043,0.41061742914355365,False,6.94970513574102e-13,-11.573290805355182
front,G,36000.0,205.56529785969124,15.0,0.7,1939.6504569322183,0.065536,598.5082183333008,5297.540659448791,885.1241298241732,53.69007208478086,0.4550237987226587,False,6.94970513574102e-13,-11.573290805355182
front,H,36000.0,205.56529785969124,15.0,0.7,1939.6504569322183,0.262144,598.5082183333008,10595.081318897583,1770.2482596483464,107.38014416956172,0.47747602876724304,False,6.94970513574102e-13,-11.573290805355182
front,A,36250.0,206.99283465038354,15.0,0.7,1946.373702245583,1.6e-05,598.5082183333008,82.93025617938821,13.856159972260485,0.8373633504988183,2.6572170722129955e-13,True,6.952039006712236e-13,-11.542335119949644
front,B,36250.0,206.99283465038354,15.0,0.7,1946.373702245583,6.4e-05,598.5082183333008,165.86051235877642,27.71231994452097,1.6747267009976365,0.00015398425548474216,True,6.952039006712236e-13,-11.542335119949644
front,C,36250.0,206.99283465038354,15.0,0.7,1946.373702245583,0.000256,598.5082183333008,331.72102471755284,55.42463988904194,3.349453401995273,0.035595929968894456,False,6.952039006712236e-13,-11.542335119949644
front,D,36250.0,206.99283465038354,15.0,0.7,1946.373702245583,0.001024,598.5082183333008,663.4420494351057,110.84927977808388,6.698906803990546,0.18349501100191845,False,6.952039006712236e-13,-11.542335119949644
front,E,36250.0,206.99283465038354,15.0,0.7,1946.373702245583,0.004096,598.5082183333008,1326.8840988702113,221.69855955616777,13.397813607981092,0.3259721000779645,False,6.952039006712236e-13,-11.542335119949644
front,F,36250.0,206.99283465038354,15.0,0.7,1946.373702245583,0.016384,598.5082183333008,2653.7681977404227,443.39711911233553,26.795627215962185,0.41078292676353817,False,6.952039006712236e-13,-11.542335119949644
front,G,36250.0,206.99283465038354,15.0,0.7,1946.373702245583,0.065536,598.5082183333008,5307.536395480845,886.7942382246711,53.59125443192437,0.4551081440837015,False,6.952039006712236e-13,-11.542335119949644
front,H,36250.0,206.99283465038354,15.0,0.7,1946.373702245583,0.262144,598.5082183333008,10615.07279096169,1773.5884764493421,107.18250886384874,0.47751840341168206,False,6.952039006712236e-13,-11.542335119949644
front,A,36500.0,208.42037144107584,15.0,0.7,1953.0738036513092,1.6e-05,598.5082183333008,83.08614745516684,13.882206611388138,0.8358320841128732,2.9350513689065783e-13,True,6.952678176403257e-13,-11.51122638850076
front,B,36500.0,208.42037144107584,15.0,0.7,1953.0738036513092,6.4e-05,598.5082183333008,166.17229491033368,27.764413222776277,1.6716641682257465,0.00015805153860156966,True,6.952678176403257e-13,-11.51122638850076
front,C,36500.0,208.42037144107584,15.0,0.7,1953.0738036513092,0.000256,598.5082183333008,332.34458982066735,55.52882644555255,3.343328336451493,0.03586196685869076,False,6.952678176403257e-13,-11.51122638850076
front,D,36500.0,208.42037144107584,15.0,0.7,1953.0738036513092,0.001024,598.5082183333008,664.6891796413347,111.0576528911051,6.686656672902986,0.18394487436404716,False,6.952678176403257e-13,-11.51122638850076
front,E,36500.0,208.42037144107584,15.0,0.7,1953.0738036513092,0.004096,598.5082183333008,1329.3783592826694,222.1153057822102,13.373313345805972,0.3262771303465135,False,6.952678176403257e-13,-11.51122638850076
front,F,36500.0,208.42037144107584,15.0,0.7,1953.0738036513092,0.016384,598.5082183333008,2658.756718565339,444.2306115644204,26.746626691611944,0.41094751016202624,False,6.952678176403257e-13,-11.51122638850076
front,G,36500.0,208.42037144107584,15.0,0.7,1953.0738036513092,0.065536,598.5082183333008,5317.513437130678,888.4612231288409,53.49325338322389,0.4551920174939856,False,6.952678176403257e-13,-11.51122638850076
front,H,36500.0,208.42037144107584,15.0,0.7,1953.0738036513092,0.262144,598.5082183333008,10635.026874261355,1776.9224462576817,106.98650676644777,0.4775605401945239,False,6.952678176403257e-13,-11.51122638850076
front,A,36750.0,209.84790823176814,15.0,0.7,1959.7509985262946,1.6e-05,598.5082183333008,83.24174816055508,13.908204701409616,0.8343133821425333,3.2395521274171877e-13,True,6.955046402685605e-13,-11.479978503578227
front,B,36750.0,209.84790823176814,15.0,0.7,1959.7509985262946,6.4e-05,598.5082183333008,166.48349632111015,27.816409402819232,1.6686267642850665,0.000162195604847115,True,6.955046402685605e-13,-11.479978503578227
front,C,36750.0,209.84790823176814,15.0,0.7,1959.7509985262946,0.000256,598.5082183333008,332.9669926422203,55.632818805638465,3.337253528570133,0.036128127379080104,False,6.955046402685605e-13,-11.479978503578227
front,D,36750.0,209.84790823176814,15.0,0.7,1959.7509985262946,0.001024,598.5082183333008,665.9339852844406,111.26563761127693,6.674507057140266,0.18439289935944297,False,6.955046402685605e-13,-11.479978503578227
front,E,36750.0,209.84790823176814,15.0,0.7,1959.7509985262946,0.004096,598.5082183333008,1331.8679705688812,222.53127522255386,13.349014114280532,0.326580568031074,False,6.955046402685605e-13,-11.479978503578227
front,F,36750.0,209.84790823176814,15.0,0.7,1959.7509985262946,0.016384,598.5082183333008,2663.7359411377624,445.0625504451077,26.698028228561064,0.41111118760970666,False,6.955046402685605e-13,-11.479978503578227
front,G,36750.0,209.84790823176814,15.0,0.7,1959.7509985262946,0.065536,598.5082183333008,5327.471882275525,890.1251008902154,53.39605645712213,0.4552754232801029,False,6.955046402685605e-13,-11.479978503578227
front,H,36750.0,209.84790823176814,15.0,0.7,1959.7509985262946,0.262144,598.5082183333008,10654.94376455105,1780.2502017804309,106.79211291424426,0.4776024413034897,False,6.955046402685605e-13,-11.479978503578227
front,A,37000.0,211.27544502246045,15.0,0.7,1966.4055202171862,1.6e-05,598.5082183333008,83.3970598221598,13.934154497393578,0.8328070538441226,3.57304392188987e-13,True,6.957429905310913e-13,-11.448604811267383
front,B,37000.0,211.27544502246045,15.0,0.7,1966.4055202171862,6.4e-05,598.5082183333008,166.7941196443196,27.868308994787157,1.6656141076882451,0.00016641722490605258,True,6.957429905310913e-13,-11.448604811267383
front,C,37000.0,211.27544502246045,15.0,0.7,1966.4055202171862,0.000256,598.5082183333008,333.5882392886392,55.73661798957431,3.3312282153764903,0.03639440494016562,False,6.957429905310913e-13,-11.448604811267383
front,D,37000.0,211.27544502246045,15.0,0.7,1966.4055202171862,0.001024,598.5082183333008,667.1764785772784,111.47323597914863,6.6624564307529806,0.1848390975136318,False,6.957429905310913e-13,-11.448604811267383
front,E,37000.0,211.27544502246045,15.0,0.7,1966.4055202171862,0.004096,598.5082183333008,1334.3529571545569,222.94647195829725,13.324912861505961,0.32688242672409407,False,6.957429905310913e-13,-11.448604811267383
front,F,37000.0,211.27544502246045,15.0,0.7,1966.4055202171862,0.016384,598.5082183333008,2668.7059143091137,445.8929439165945,26.649825723011922,0.41127396728477666,False,6.957429905310913e-13,-11.448604811267383
front,G,37000.0,211.27544502246045,15.0,0.7,1966.4055202171862,0.065536,598.5082183333008,5337.411828618227,891.785887833189,53.299651446023844,0.45535836571936383,False,6.957429905310913e-13,-11.448604811267383
front,H,37000.0,211.27544502246045,15.0,0.7,1966.4055202171862,0.262144,598.5082183333008,10674.823657236455,1783.571775666378,106.59930289204769,0.47764410890127024,False,6.957429905310913e-13,-11.448604811267383
front,A,37250.0,212.70298181315275,15.0,0.7,1973.0375981355344,1.6e-05,598.5082183333008,83.55208396333414,13.960056253865032,0.8313129126325371,3.9380327885753343e-13,True,6.959828496931974e-13,-11.417118126207853
front,B,37250.0,212.70298181315275,15.0,0.7,1973.0375981355344,6.4e-05,598.5082183333008,167.10416792666828,27.920112507730064,1.6626258252650743,0.00017071716697286685,True,6.959828496931974e-13,-11.417118126207853
front,C,37250.0,212.70298181315275,15.0,0.7,1973.0375981355344,0.000256,598.5082183333008,334.20833585333656,55.84022501546013,3.3252516505301486,0.03666079305509475,False,6.959828496931974e-13,-11.417118126207853
front,D,37250.0,212.70298181315275,15.0,0.7,1973.0375981355344,0.001024,598.5082183333008,668.4166717066731,111.68045003092026,6.650503301060297,0.18528348029208414,False,6.959828496931974e-13,-11.417118126207853
front,E,37250.0,212.70298181315275,15.0,0.7,1973.0375981355344,0.004096,598.5082183333008,1336.8333434133463,223.3609000618405,13.301006602120594,0.327182719877387,False,6.959828496931974e-13,-11.417118126207853
front,F,37250.0,212.70298181315275,15.0,0.7,1973.0375981355344,0.016384,598.5082183333008,2673.6666868266925,446.721800123681,26.60201320424119,0.41143585727367527,False,6.959828496931974e-13,-11.417118126207853
front,G,37250.0,212.70298181315275,15.0,0.7,1973.0375981355344,0.065536,598.5082183333008,5347.333373653385,893.443600247362,53.20402640848238,0.4554408490402154,False,6.959828496931974e-13,-11.417118126207853
front,H,37250.0,212.70298181315275,15.0,0.7,1973.0375981355344,0.262144,598.5082183333008,10694.66674730677,1786.887200494724,106.40805281696476,0.47768554512574146,False,6.959828496931974e-13,-11.417118126207853
front,A,37500.0,214.13051860384505,15.0,0.7,1979.6474578500722,1.6e-05,598.5082183333008,83.70682210368263,13.985910224722675,0.8298307759634336,4.3372186622847325e-13,True,6.963939685770733e-13,-11.385530746687675
front,B,37500.0,214.13051860384505,15.0,0.7,1979.6474578500722,6.4e-05,598.5082183333008,167.41364420736525,27.97182044944535,1.6596615519268672,0.0001750961966570148,True,6.963939685770733e-13,-11.385530746687675
front,C,37500.0,214.13051860384505,15.0,0.7,1979.6474578500722,0.000256,598.5082183333008,334.8272884147305,55.9436408988907,3.3193231038537343,0.03692728533822568,False,6.963939685770733e-13,-11.385530746687675
front,D,37500.0,214.13051860384505,15.0,0.7,1979.6474578500722,0.001024,598.5082183333008,669.654576829461,111.8872817977814,6.638646207707469,0.18572605909867784,False,6.963939685770733e-13,-11.385530746687675
front,E,37500.0,214.13051860384505,15.0,0.7,1979.6474578500722,0.004096,598.5082183333008,1339.309153658922,223.7745635955628,13.277292415414937,0.3274814608029364,False,6.963939685770733e-13,-11.385530746687675
front,F,37500.0,214.13051860384505,15.0,0.7,1979.6474578500722,0.016384,598.5082183333008,2678.618307317844,447.5491271911256,26.554584830829874,0.4115968655718413,False,6.963939685770733e-13,-11.385530746687675
front,G,37500.0,214.13051860384505,15.0,0.7,1979.6474578500722,0.065536,598.5082183333008,5357.236614635688,895.0982543822512,53.10916966165975,0.45552287742267195,False,6.963939685770733e-13,-11.385530746687675
front,H,37500.0,214.13051860384505,15.0,0.7,1979.6474578500722,0.262144,598.5082183333008,10714.473229271376,1790.1965087645024,106.2183393233195,0.47772675209018645,False,6.963939685770733e-13,-11.385530746687675
front,A,37750.0,215.55805539453735,15.0,0.7,1986.2353211762365,1.6e-05,598.5082183333008,83.86127575859877,14.011716663161609,0.8283604652195171,4.773508539026184e-13,True,6.964670206974699e-13,-11.353854469738762
front,B,37750.0,215.55805539453735,15.0,0.7,1986.2353211762365,6.4e-05,598.5082183333008,167.72255151719753,28.023433326323218,1.6567209304390342,0.00017955507688976663,True,6.964670206974699e-13,-11.353854469738762
front,C,37750.0,215.55805539453735,15.0,0.7,1986.2353211762365,0.000256,598.5082183333008,335.44510303439506,56.046866652646436,3.3134418608780685,0.037193875503337435,False,6.964670206974699e-13,-11.353854469738762
front,D,37750.0,215.55805539453735,15.0,0.7,1986.2353211762365,0.001024,598.5082183333008,670.8902060687901,112.09373330529287,6.626883721756137,0.18616684527429017,False,6.964670206974699e-13,-11.353854469738762
front,E,37750.0,215.55805539453735,15.0,0.7,1986.2353211762365,0.004096,598.5082183333008,1341.7804121375802,224.18746661058574,13.253767443512274,0.3277786626737559,False,6.964670206974699e-13,-11.353854469738762
front,F,37750.0,215.55805539453735,15.0,0.7,1986.2353211762365,0.016384,598.5082183333008,2683.5608242751605,448.3749332211715,26.507534887024548,0.41175700008449534,False,6.964670206974699e-13,-11.353854469738762
front,G,37750.0,215.55805539453735,15.0,0.7,1986.2353211762365,0.065536,598.5082183333008,5367.121648550321,896.749866442343,53.015069774049095,0.4556044549987565,False,6.964670206974699e-13,-11.353854469738762
front,H,37750.0,215.55805539453735,15.0,0.7,1986.2353211762365,0.262144,598.5082183333008,10734.243297100642,1793.499732884686,106.03013954809819,0.4777677318835227,False,6.964670206974699e-13,-11.353854469738762
front,A,38000.0,216.98559218522965,15.0,0.7,1992.8014062630232,1.6e-05,598.5082183333008,84.01544643883302,14.037475821601168,0.8269018056007547,5.250030399138433e-13,True,6.967112959940381e-13,-11.322100606183467
front,B,38000.0,216.98559218522965,15.0,0.7,1992.8014062630232,6.4e-05,598.5082183333008,168.03089287766605,28.074951643202336,1.6538036112015093,0.00018409456783271286,True,6.967112959940381e-13,-11.322100606183467
front,C,38000.0,216.98559218522965,15.0,0.7,1992.8014062630232,0.000256,598.5082183333008,336.0617857553321,56.14990328640467,3.3076072224030186,0.037460557361881884,False,6.967112959940381e-13,-11.322100606183467
front,D,38000.0,216.98559218522965,15.0,0.7,1992.8014062630232,0.001024,598.5082183333008,672.1235715106642,112.29980657280935,6.615214444806037,0.18660585009550712,False,6.967112959940381e-13,-11.322100606183467
front,E,38000.0,216.98559218522965,15.0,0.7,1992.8014062630232,0.004096,598.5082183333008,1344.2471430213284,224.5996131456187,13.230428889612075,0.32807433852479995,False,6.967112959940381e-13,-11.322100606183467
front,F,38000.0,216.98559218522965,15.0,0.7,1992.8014062630232,0.016384,598.5082183333008,2688.4942860426568,449.1992262912374,26.46085777922415,0.4119162686274428,False,6.967112959940381e-13,-11.322100606183467
front,G,38000.0,216.98559218522965,15.0,0.7,1992.8014062630232,0.065536,598.5082183333008,5376.9885720853135,898.3984525824748,52.9217155584483,0.45568558585295177,False,6.967112959940381e-13,-11.322100606183467
front,H,38000.0,216.98559218522965,15.0,0.7,1992.8014062630232,0.262144,598.5082183333008,10753.977144170627,1796.7969051649495,105.8434311168966,0.4778084865705341,False,6.967112959940381e-13,-11.322100606183467
front,A,38250.0,218.41312897592195,15.0,0.7,1999.3459276772737,1.6e-05,598.5082183333008,84.16933565008945,14.063187951617524,0.8254546260183583,5.770147926414418e-13,True,6.97125843585136e-13,-11.290279995590545
front,B,38250.0,218.41312897592195,15.0,0.7,1999.3459276772737,6.4e-05,598.5082183333008,168.3386713001789,28.126375903235047,1.6509092520367166,0.00018871542678794,True,6.97125843585136e-13,-11.290279995590545
front,C,38250.0,218.41312897592195,15.0,0.7,1999.3459276772737,0.000256,598.5082183333008,336.6773426003578,56.252751806470094,3.301818504073433,0.037727324821276005,False,6.97125843585136e-13,-11.290279995590545
front,D,38250.0,218.41312897592195,15.0,0.7,1999.3459276772737,0.001024,598.5082183333008,673.3546852007156,112.50550361294019,6.603637008146866,0.1870430847734474,False,6.97125843585136e-13,-11.290279995590545
front,E,38250.0,218.41312897592195,15.0,0.7,1999.3459276772737,0.004096,598.5082183333008,1346.7093704014312,225.01100722588038,13.207274016293733,0.3283685012539191,False,6.97125843585136e-13,-11.290279995590545
front,F,38250.0,218.41312897592195,15.0,0.7,1999.3459276772737,0.016384,598.5082183333008,2693.4187408028624,450.02201445176075,26.414548032587465,0.412074678927894,False,6.97125843585136e-13,-11.290279995590545
front,G,38250.0,218.41312897592195,15.0,0.7,1999.3459276772737,0.065536,598.5082183333008,5386.837481605725,900.0440289035215,52.82909606517493,0.4557662740226598,False,6.97125843585136e-13,-11.290279995590545
front,H,38250.0,218.41312897592195,15.0,0.7,1999.3459276772737,0.262144,598.5082183333008,10773.67496321145,1800.088057807043,105.65819213034986,0.47784901819210707,False,6.97125843585136e-13,-11.290279995590545
front,A,38500.0,219.84066576661425,15.0,0.7,2005.8690964854893,1.6e-05,598.5082183333008,84.32294489264966,14.088853303880851,0.8240187589923825,6.337476059902727e-13,True,6.97035607294106e-13,-11.258403021099262
front,B,38500.0,219.84066576661425,15.0,0.7,2005.8690964854893,6.4e-05,598.5082183333008,168.64588978529932,28.177706607761703,1.648037517984765,0.00019341840810987152,True,6.97035607294106e-13,-11.258403021099262
front,C,38500.0,219.84066576661425,15.0,0.7,2005.8690964854893,0.000256,598.5082183333008,337.29177957059864,56.355413215523406,3.29607503596953,0.037994171883233535,False,6.97035607294106e-13,-11.258403021099262
front,D,38500.0,219.84066576661425,15.0,0.7,2005.8690964854893,0.001024,598.5082183333008,674.5835591411973,112.71082643104681,6.59215007193906,0.1874785604526913,False,6.97035607294106e-13,-11.258403021099262
front,E,38500.0,219.84066576661425,15.0,0.7,2005.8690964854893,0.004096,598.5082183333008,1349.1671182823945,225.42165286209362,13.18430014387812,0.32866116362285736,False,6.97035607294106e-13,-11.258403021099262
front,F,38500.0,219.84066576661425,15.0,0.7,2005.8690964854893,0.016384,598.5082183333008,2698.334236564789,450.84330572418725,26.36860028775624,0.4122322386253016,False,6.97035607294106e-13,-11.258403021099262
front,G,38500.0,219.84066576661425,15.0,0.7,2005.8690964854893,0.065536,598.5082183333008,5396.668473129578,901.6866114483745,52.73720057551248,0.4558465234986688,False,6.97035607294106e-13,-11.258403021099262
front,H,38500.0,219.84066576661425,15.0,0.7,2005.8690964854893,0.262144,598.5082183333008,10793.336946259156,1803.373222896749,105.47440115102496,0.4778893287654701,False,6.97035607294106e-13,-11.258403021099262
front,A,38750.0,221.26820255730655,15.0,0.7,2012.371120333257,1.6e-05,598.5082183333008,84.47627566102237,14.114472128096782,0.822594040552791,6.955897416289924e-13,True,6.972844426863246e-13,-11.226479624079412
front,B,38750.0,221.26820255730655,15.0,0.7,2012.371120333257,6.4e-05,598.5082183333008,168.95255132204474,28.228944256193564,1.645188081105582,0.00019820426311877257,True,6.972844426863246e-13,-11.226479624079412
front,C,38750.0,221.26820255730655,15.0,0.7,2012.371120333257,0.000256,598.5082183333008,337.9051026440895,56.45788851238713,3.290376162211164,0.03826109264213484,False,6.972844426863246e-13,-11.226479624079412
front,D,38750.0,221.26820255730655,15.0,0.7,2012.371120333257,0.001024,598.5082183333008,675.810205288179,112.91577702477426,6.580752324422328,0.1879122882103108,False,6.972844426863246e-13,-11.226479624079412
front,E,38750.0,221.26820255730655,15.0,0.7,2012.371120333257,0.004096,598.5082183333008,1351.620410576358,225.83155404954852,13.161504648844655,0.3289523382582873,False,6.972844426863246e-13,-11.226479624079412
front,F,38750.0,221.26820255730655,15.0,0.7,2012.371120333257,0.016384,598.5082183333008,2703.240821152716,451.66310809909703,26.32300929768931,0.41238895527221137,False,6.972844426863246e-13,-11.226479624079412
front,G,38750.0,221.26820255730655,15.0,0.7,2012.371120333257,0.065536,598.5082183333008,5406.481642305432,903.3262161981941,52.64601859537862,0.4559263382256261,False,6.972844426863246e-13,-11.226479624079412
front,H,38750.0,221.26820255730655,15.0,0.7,2012.371120333257,0.262144,598.5082183333008,10812.963284610863,1806.6524323963881,105.29203719075724,0.4779294202844366,False,6.972844426863246e-13,-11.226479624079412
front,A,39000.0,222.69573934799882,15.0,0.7,2018.8522035223737,1.6e-05,598.5082183333008,84.62932944361715,14.14004467295189,0.821180310143852,7.629579621999896e-13,True,6.975346593792654e-13,-11.19451931859527
front,B,39000.0,222.69573934799882,15.0,0.7,2018.8522035223737,6.4e-05,598.5082183333008,169.2586588872343,28.28008934590378,1.642360620287704,0.00020307374001591173,True,6.975346593792654e-13,-11.19451931859527
front,C,39000.0,222.69573934799882,15.0,0.7,2018.8522035223737,0.000256,598.5082183333008,338.5173177744686,56.56017869180756,3.284721240575408,0.0385280812834333,False,6.975346593792654e-13,-11.19451931859527
front,D,39000.0,222.69573934799882,15.0,0.7,2018.8522035223737,0.001024,598.5082183333008,677.0346355489372,113.12035738361512,6.569442481150816,0.18834427905499374,False,6.975346593792654e-13,-11.19451931859527
front,E,39000.0,222.69573934799882,15.0,0.7,2018.8522035223737,0.004096,598.5082183333008,1354.0692710978744,226.24071476723023,13.138884962301631,0.3292420376528783,False,6.975346593792654e-13,-11.19451931859527
front,F,39000.0,222.69573934799882,15.0,0.7,2018.8522035223737,0.016384,598.5082183333008,2708.138542195749,452.48142953446046,26.277769924603263,0.4125448363351253,False,6.975346593792654e-13,-11.19451931859527
front,G,39000.0,222.69573934799882,15.0,0.7,2018.8522035223737,0.065536,598.5082183333008,5416.277084391498,904.9628590689209,52.555539849206525,0.45600572210251694,False,6.975346593792654e-13,-11.19451931859527
front,H,39000.0,222.69573934799882,15.0,0.7,2018.8522035223737,0.262144,598.5082183333008,10832.554168782995,1809.9257181378418,105.11107969841305,0.4779692947196502,False,6.975346593792654e-13,-11.19451931859527
front,A,39250.0,224.12327613869112,15.0,0.7,2025.3125470857476,1.6e-05,598.5082183333008,84.78210772244107,14.165571186062998,0.819777410531733,8.362993595397139e-13,True,6.979538563469602e-13,-11.162531205648618
front,B,39250.0,224.12327613869112,15.0,0.7,2025.3125470857476,6.4e-05,598.5082183333008,169.56421544488214,28.331142372125996,1.639554821063466,0.00020802758380037106,True,6.979538563469602e-13,-11.162531205648618
front,C,39250.0,224.12327613869112,15.0,0.7,2025.3125470857476,0.000256,598.5082183333008,339.1284308897643,56.66228474425199,3.279109642126932,0.03879513208209735,False,6.979538563469602e-13,-11.162531205648618
front,D,39250.0,224.12327613869112,15.0,0.7,2025.3125470857476,0.001024,598.5082183333008,678.2568617795285,113.32456948850398,6.558219284253864,0.1887745439262558,False,6.979538563469602e-13,-11.162531205648618
front,E,39250.0,224.12327613869112,15.0,0.7,2025.3125470857476,0.004096,598.5082183333008,1356.513723559057,226.64913897700796,13.116438568507728,0.32953027416639535,False,6.979538563469602e-13,-11.162531205648618
front,F,39250.0,224.12327613869112,15.0,0.7,2025.3125470857476,0.016384,598.5082183333008,2713.027447118114,453.29827795401593,26.232877137015457,0.41269988919537515,False,6.979538563469602e-13,-11.162531205648618
front,G,39250.0,224.12327613869112,15.0,0.7,2025.3125470857476,0.065536,598.5082183333008,5426.054894236228,906.5965559080319,52.465754274030914,0.45608467898314714,False,6.979538563469602e-13,-11.162531205648618
front,H,39250.0,224.12327613869112,15.0,0.7,2025.3125470857476,0.262144,598.5082183333008,10852.109788472457,1813.1931118160637,104.93150854806183,0.47800895401883214,False,6.979538563469602e-13,-11.162531205648618
front,A,39500.0,225.55081292938343,15.0,0.7,2031.752348860159,1.6e-05,598.5082183333008,84.93461197281704,14.191051913930137,0.8183851877151656,9.160932820752676e-13,True,6.980391679519008e-13,-11.13052398717717
front,B,39500.0,225.55081292938343,15.0,0.7,2031.752348860159,6.4e-05,598.5082183333008,169.86922394563408,28.382103827860274,1.636770375430331,0.0002130665361875115,True,6.980391679519008e-13,-11.13052398717717
front,C,39500.0,225.55081292938343,15.0,0.7,2031.752348860159,0.000256,598.5082183333008,339.73844789126815,56.76420765572055,3.273540750860662,0.039062239401087544,False,6.980391679519008e-13,-11.13052398717717
front,D,39500.0,225.55081292938343,15.0,0.7,2031.752348860159,0.001024,598.5082183333008,679.4768957825363,113.5284153114411,6.547081501721324,0.18920309369373794,False,6.980391679519008e-13,-11.13052398717717
front,E,39500.0,225.55081292938343,15.0,0.7,2031.752348860159,0.004096,598.5082183333008,1358.9537915650726,227.0568306228822,13.094163003442649,0.329817060026825,False,6.980391679519008e-13,-11.13052398717717
front,F,39500.0,225.55081292938343,15.0,0.7,2031.752348860159,0.016384,598.5082183333008,2717.907583130145,454.1136612457644,26.188326006885298,0.4128541211500044,False,6.980391679519008e-13,-11.13052398717717
front,G,39500.0,225.55081292938343,15.0,0.7,2031.752348860159,0.065536,598.5082183333008,5435.81516626029,908.2273224915288,52.376652013770595,0.45616321267662974,False,6.980391679519008e-13,-11.13052398717717
front,H,39500.0,225.55081292938343,15.0,0.7,2031.752348860159,0.262144,598.5082183333008,10871.63033252058,1816.4546449830575,104.75330402754119,0.47804840010703054,False,6.980391679519008e-13,-11.13052398717717
front,A,39750.0,226.97834972007573,15.0,0.7,2038.1718035569493,1.6e-05,598.5082183333008,85.08684366312254,14.216487101892874,0.8170034908390591,1.002853365691364e-12,True,6.984604418312937e-13,-11.098505979789463
front,B,39750.0,226.97834972007573,15.0,0.7,2038.1718035569493,6.4e-05,598.5082183333008,170.17368732624507,28.432974203785747,1.6340069816781182,0.00021819133552907716,True,6.984604418312937e-13,-11.098505979789463
front,C,39750.0,226.97834972007573,15.0,0.7,2038.1718035569493,0.000256,598.5082183333008,340.34737465249015,56.865948407571494,3.2680139633562364,0.03932939768986683,False,6.984604418312937e-13,-11.098505979789463
front,D,39750.0,226.97834972007573,15.0,0.7,2038.1718035569493,0.001024,598.5082183333008,680.6947493049803,113.73189681514299,6.536027926712473,0.18962993915658194,False,6.984604418312937e-13,-11.098505979789463
front,E,39750.0,226.97834972007573,15.0,0.7,2038.1718035569493,0.004096,598.5082183333008,1361.3894986099606,227.46379363028598,13.072055853424946,0.33010240733152535,False,6.984604418312937e-13,-11.098505979789463
front,F,39750.0,226.97834972007573,15.0,0.7,2038.1718035569493,0.016384,598.5082183333008,2722.778997219921,454.92758726057195,26.14411170684989,0.4130075394126582,False,6.984604418312937e-13,-11.098505979789463
front,G,39750.0,226.97834972007573,15.0,0.7,2038.1718035569493,0.065536,598.5082183333008,5445.557994439842,909.8551745211439,52.28822341369978,0.4562413269478746,False,6.984604418312937e-13,-11.098505979789463
front,H,39750.0,226.97834972007573,15.0,0.7,2038.1718035569493,0.262144,598.5082183333008,10891.115988879685,1819.7103490422878,104.57644682739956,0.47808763488687056,False,6.984604418312937e-13,-11.098505979789463
front,A,40000.0,228.40588651076803,15.0,0.7,2044.5711028307142,1.6e-05,598.5082183333008,85.23880425454753,14.241876994089871,0.8156321721109516,1.0971296724920542e-12,True,6.985489974599183e-13,-11.066485128220052
front,B,40000.0,228.40588651076803,15.0,0.7,2044.5711028307142,6.4e-05,598.5082183333008,170.47760850909506,28.483753988179743,1.6312643442219033,0.0002234027167349284,True,6.985489974599183e-13,-11.066485128220052
front,C,40000.0,228.40588651076803,15.0,0.7,2044.5711028307142,0.000256,598.5082183333008,340.9552170181901,56.967507976359485,3.2625286884438065,0.039596601482943306,False,6.985489974599183e-13,-11.066485128220052
front,D,40000.0,228.40588651076803,15.0,0.7,2044.5711028307142,0.001024,598.5082183333008,681.9104340363803,113.93501595271897,6.525057376887613,0.19005509104287943,False,6.985489974599183e-13,-11.066485128220052
front,E,40000.0,228.40588651076803,15.0,0.7,2044.5711028307142,0.004096,598.5082183333008,1363.8208680727605,227.87003190543794,13.050114753775226,0.33038632804839707,False,6.985489974599183e-13,-11.066485128220052
front,F,40000.0,228.40588651076803,15.0,0.7,2044.5711028307142,0.016384,598.5082183333008,2727.641736145521,455.7400638108759,26.100229507550452,0.41316015111447796,False,6.985489974599183e-13,-11.066485128220052
front,G,40000.0,228.40588651076803,15.0,0.7,2044.5711028307142,0.065536,598.5082183333008,5455.283472291042,911.4801276217518,52.200459015100904,0.45631902551807974,False,6.985489974599183e-13,-11.066485128220052
front,H,40000.0,228.40588651076803,15.0,0.7,2044.5711028307142,0.262144,598.5082183333008,10910.566944582084,1822.9602552435035,104.40091803020181,0.4781266602388063,False,6.985489974599183e-13,-11.066485128220052
front,A,40250.0,229.83342330146033,15.0,0.7,2050.950435346066,1.6e-05,598.5082183333008,85.39049520087087,14.267221833421527,0.8142710867201827,1.199510942013703e-12,True,6.986394440514919e-13,-11.034469018491059
front,B,40250.0,229.83342330146033,15.0,0.7,2050.950435346066,6.4e-05,598.5082183333008,170.78099040174175,28.534443666843053,1.6285421734403653,0.0002287014111964142,True,6.986394440514919e-13,-11.034469018491059
front,C,40250.0,229.83342330146033,15.0,0.7,2050.950435346066,0.000256,598.5082183333008,341.5619808034835,57.068887333686106,3.2570843468807307,0.039863845398444904,False,6.986394440514919e-13,-11.034469018491059
front,D,40250.0,229.83342330146033,15.0,0.7,2050.950435346066,0.001024,598.5082183333008,683.123961606967,114.13777466737221,6.514168693761461,0.19047856000919228,False,6.986394440514919e-13,-11.034469018491059
front,E,40250.0,229.83342330146033,15.0,0.7,2050.950435346066,0.004096,598.5082183333008,1366.247923213934,228.27554933474443,13.028337387522923,0.33066883401707375,False,6.986394440514919e-13,-11.034469018491059
front,F,40250.0,229.83342330146033,15.0,0.7,2050.950435346066,0.016384,598.5082183333008,2732.495846427868,456.55109866948885,26.056674775045845,0.4133119633050015,False,6.986394440514919e-13,-11.034469018491059
front,G,40250.0,229.83342330146033,15.0,0.7,2050.950435346066,0.065536,598.5082183333008,5464.991692855736,913.1021973389777,52.11334955009169,0.4563963120652247,False,6.986394440514919e-13,-11.034469018491059
front,H,40250.0,229.83342330146033,15.0,0.7,2050.950435346066,0.262144,598.5082183333008,10929.983385711472,1826.2043946779554,104.22669910018338,0.47816547802137277,False,6.986394440514919e-13,-11.034469018491059
front,A,40500.0,231.26096009215263,15.0,0.7,2057.3099868425356,1.6e-05,598.5082183333008,85.54191794825363,14.29252186151545,0.812920092759688,1.3106269595783715e-12,True,6.99064015349107e-13,-11.002464890769131
front,B,40500.0,231.26096009215263,15.0,0.7,2057.3099868425356,6.4e-05,598.5082183333008,171.08383589650725,28.5850437230309,1.625840185519376,0.00023408814671135482,True,6.99064015349107e-13,-11.002464890769131
front,C,40500.0,231.26096009215263,15.0,0.7,2057.3099868425356,0.000256,598.5082183333008,342.1676717930145,57.1700874460618,3.251680371038752,0.04013112413672452,False,6.99064015349107e-13,-11.002464890769131
front,D,40500.0,231.26096009215263,15.0,0.7,2057.3099868425356,0.001024,598.5082183333008,684.335343586029,114.3401748921236,6.503360742077504,0.19090035664013805,False,6.99064015349107e-13,-11.002464890769131
front,E,40500.0,231.26096009215263,15.0,0.7,2057.3099868425356,0.004096,598.5082183333008,1368.670687172058,228.6803497842472,13.006721484155008,0.3309499369501278,False,6.99064015349107e-13,-11.002464890769131
front,F,40500.0,231.26096009215263,15.0,0.7,2057.3099868425356,0.016384,598.5082183333008,2737.341374344116,457.3606995684944,26.013442968310017,0.4134629829530658,False,6.99064015349107e-13,-11.002464890769131
front,G,40500.0,231.26096009215263,15.0,0.7,2057.3099868425356,0.065536,598.5082183333008,5474.682748688232,914.7213991369888,52.02688593662003,0.4564731902245645,False,6.99064015349107e-13,-11.002464890769131
front,H,40500.0,231.26096009215263,15.0,0.7,2057.3099868425356,0.262144,598.5082183333008,10949.365497376464,1829.4427982739776,104.05377187324007,0.47820409007143844,False,6.99064015349107e-13,-11.002464890769131
front,A,40750.0,232.68849688284493,15.0,0.7,2063.6499401976703,1.6e-05,598.5082183333008,85.69307393504883,14.317777318694658,0.8115790511503123,1.431151046611896e-12,True,6.993234293290579e-13,-10.97047965190953
front,B,40750.0,232.68849688284493,15.0,0.7,2063.6499401976703,6.4e-05,598.5082183333008,171.38614787009766,28.635554637389316,1.6231581023006245,0.0002395636474106442,True,6.993234293290579e-13,-10.97047965190953
front,C,40750.0,232.68849688284493,15.0,0.7,2063.6499401976703,0.000256,598.5082183333008,342.7722957401953,57.27110927477863,3.246316204601249,0.040398432478994904,False,6.993234293290579e-13,-10.97047965190953
front,D,40750.0,232.68849688284493,15.0,0.7,2063.6499401976703,0.001024,598.5082183333008,685.5445914803906,114.54221854955726,6.492632409202498,0.19132049144803692,False,6.993234293290579e-13,-10.97047965190953
front,E,40750.0,232.68849688284493,15.0,0.7,2063.6499401976703,0.004096,598.5082183333008,1371.0891829607813,229.08443709911452,12.985264818404996,0.33122964843429076,False,6.993234293290579e-13,-10.97047965190953
front,F,40750.0,232.68849688284493,15.0,0.7,2063.6499401976703,0.016384,598.5082183333008,2742.1783659215625,458.16887419822905,25.970529636809992,0.4136132169477128,False,6.993234293290579e-13,-10.97047965190953
front,G,40750.0,232.68849688284493,15.0,0.7,2063.6499401976703,0.065536,598.5082183333008,5484.356731843125,916.3377483964581,51.941059273619985,0.45654966358912435,False,6.993234293290579e-13,-10.97047965190953
front,H,40750.0,232.68849688284493,15.0,0.7,2063.6499401976703,0.262144,598.5082183333008,10968.71346368625,1832.6754967929162,103.88211854723997,0.47824249820445774,False,6.993234293290579e-13,-10.97047965190953
front,A,41000.0,234.11603367353723,15.0,0.7,2069.970475488398,1.6e-05,598.5082183333008,85.84396459162663,14.342988443948373,0.8102478255675448,1.5618026778865774e-12,True,6.994185491939052e-13,-10.938519887679952
front,B,41000.0,234.11603367353723,15.0,0.7,2069.970475488398,6.4e-05,598.5082183333008,171.68792918325326,28.685976887896746,1.6204956511350896,0.000245128633686449,True,6.994185491939052e-13,-10.938519887679952
front,C,41000.0,234.11603367353723,15.0,0.7,2069.970475488398,0.000256,598.5082183333008,343.3758583665065,57.37195377579349,3.2409913022701793,0.040665765285992514,False,6.994185491939052e-13,-10.938519887679952
front,D,41000.0,234.11603367353723,15.0,0.7,2069.970475488398,0.001024,598.5082183333008,686.751716733013,114.74390755158699,6.481982604540359,0.19173897487261837,False,6.994185491939052e-13,-10.938519887679952
front,E,41000.0,234.11603367353723,15.0,0.7,2069.970475488398,0.004096,598.5082183333008,1373.503433466026,229.48781510317397,12.963965209080717,0.33150797993168546,False,6.994185491939052e-13,-10.938519887679952
front,F,41000.0,234.11603367353723,15.0,0.7,2069.970475488398,0.016384,598.5082183333008,2747.006866932052,458.97563020634794,25.927930418161434,0.41376267209909473,False,6.994185491939052e-13,-10.938519887679952
front,G,41000.0,234.11603367353723,15.0,0.7,2069.970475488398,0.065536,598.5082183333008,5494.013733864104,917.9512604126959,51.85586083632287,0.45662573571019344,False,6.994185491939052e-13,-10.938519887679952
front,H,41000.0,234.11603367353723,15.0,0.7,2069.970475488398,0.262144,598.5082183333008,10988.027467728209,1835.9025208253918,103.71172167264574,0.47828070421472374,False,6.994185491939052e-13,-10.938519887679952
front,A,41250.0,235.54357046422953,15.0,0.7,2076.271770050703,1.6e-05,598.5082183333008,85.99459134021386,14.368155474905224,0.8089262823705871,1.7033502307860047e-12,True,6.996807348746411e-13,-10.90659187465993
front,B,41250.0,235.54357046422953,15.0,0.7,2076.271770050703,6.4e-05,598.5082183333008,171.98918268042772,28.73631094981045,1.6178525647411741,0.0002507838221220137,True,6.996807348746411e-13,-10.90659187465993
front,C,41250.0,235.54357046422953,15.0,0.7,2076.271770050703,0.000256,598.5082183333008,343.97836536085543,57.4726218996209,3.2357051294823482,0.04093311749666975,False,6.996807348746411e-13,-10.90659187465993
front,D,41250.0,235.54357046422953,15.0,0.7,2076.271770050703,0.001024,598.5082183333008,687.9567307217109,114.9452437992418,6.4714102589646965,0.19215581728078113,False,6.996807348746411e-13,-10.90659187465993
front,E,41250.0,235.54357046422953,15.0,0.7,2076.271770050703,0.004096,598.5082183333008,1375.9134614434217,229.8904875984836,12.942820517929393,0.331784942781068,False,6.996807348746411e-13,-10.90659187465993
front,F,41250.0,235.54357046422953,15.0,0.7,2076.271770050703,0.016384,598.5082183333008,2751.8269228868435,459.7809751969672,25.885641035858786,0.4139113551393817,False,6.996807348746411e-13,-10.90659187465993
front,G,41250.0,235.54357046422953,15.0,0.7,2076.271770050703,0.065536,598.5082183333008,5503.653845773687,919.5619503939344,51.77128207171757,0.456701410097819,False,6.996807348746411e-13,-10.90659187465993
front,H,41250.0,235.54357046422953,15.0,0.7,2076.271770050703,0.262144,598.5082183333008,11007.307691547374,1839.1239007878687,103.54256414343514,0.4783187098756199,False,6.996807348746411e-13,-10.90659187465993
front,A,41500.0,236.97110725492183,15.0,0.7,2082.5539985376836,1.6e-05,598.5082183333008,86.14495559474736,14.393278647808717,0.8076142905336628,1.856613871827198e-12,True,6.997791720443186e-13,-10.874701591812514
front,B,41500.0,236.97110725492183,15.0,0.7,2082.5539985376836,6.4e-05,598.5082183333008,172.28991118949472,28.786557295617435,1.6152285810673257,0.00025652992542303673,True,6.997791720443186e-13,-10.874701591812514
front,C,41500.0,236.97110725492183,15.0,0.7,2082.5539985376836,0.000256,598.5082183333008,344.57982237898943,57.57311459123487,3.2304571621346514,0.041200484126913885,False,6.997791720443186e-13,-10.874701591812514
front,D,41500.0,236.97110725492183,15.0,0.7,2082.5539985376836,0.001024,598.5082183333008,689.1596447579789,115.14622918246974,6.460914324269303,0.1925710289664061,False,6.997791720443186e-13,-10.874701591812514
front,E,41500.0,236.97110725492183,15.0,0.7,2082.5539985376836,0.004096,598.5082183333008,1378.3192895159577,230.29245836493948,12.921828648538606,0.3320605481990782,False,6.997791720443186e-13,-10.874701591812514
front,F,41500.0,236.97110725492183,15.0,0.7,2082.5539985376836,0.016384,598.5082183333008,2756.6385790319155,460.58491672987896,25.84365729707721,0.414059272723667,False,6.997791720443186e-13,-10.874701591812514
front,G,41500.0,236.97110725492183,15.0,0.7,2082.5539985376836,0.065536,598.5082183333008,5513.277158063831,921.1698334597579,51.68731459415442,0.45677669022129896,False,6.997791720443186e-13,-10.874701591812514
front,H,41500.0,236.97110725492183,15.0,0.7,2082.5539985376836,0.262144,598.5082183333008,11026.554316127662,1842.3396669195158,103.37462918830884,0.47835651693987197,False,6.997791720443186e-13,-10.874701591812514
front,A,41750.0,238.39864404561413,15.0,0.7,2088.8173329760334,1.6e-05,598.5082183333008,86.29505876074025,14.418358197494918,0.8063117215794887,2.0224685858157318e-12,True,7.002087386784299e-13,-10.842854731726272
front,B,41750.0,238.39864404561413,15.0,0.7,2088.8173329760334,6.4e-05,598.5082183333008,172.5901175214805,28.836716394989836,1.6126234431589774,0.0002623676523506352,True,7.002087386784299e-13,-10.842854731726272
front,C,41750.0,238.39864404561413,15.0,0.7,2088.8173329760334,0.000256,598.5082183333008,345.180235042961,57.67343278997967,3.225246886317955,0.041467860268293175,False,7.002087386784299e-13,-10.842854731726272
front,D,41750.0,238.39864404561413,15.0,0.7,2088.8173329760334,0.001024,598.5082183333008,690.360470085922,115.34686557995934,6.45049377263591,0.19298462015021667,False,7.002087386784299e-13,-10.842854731726272
front,E,41750.0,238.39864404561413,15.0,0.7,2088.8173329760334,0.004096,598.5082183333008,1380.720940171844,230.69373115991868,12.90098754527182,0.33233480728149606,False,7.002087386784299e-13,-10.842854731726272
front,F,41750.0,238.39864404561413,15.0,0.7,2088.8173329760334,0.016384,598.5082183333008,2761.441880343688,461.38746231983737,25.80197509054364,0.41420643143087155,False,7.002087386784299e-13,-10.842854731726272
front,G,41750.0,238.39864404561413,15.0,0.7,2088.8173329760334,0.065536,598.5082183333008,5522.883760687376,922.7749246396747,51.60395018108728,0.4568515795096729,False,7.002087386784299e-13,-10.842854731726272
front,H,41750.0,238.39864404561413,15.0,0.7,2088.8173329760334,0.262144,598.5082183333008,11045.767521374752,1845.5498492793495,103.20790036217456,0.478394127139798,False,7.002087386784299e-13,-10.842854731726272
front,A,42000.0,239.82618083630643,15.0,0.7,2095.061942821005,1.6e-05,598.5082183333008,86.44490223516033,14.443394357372114,0.8050184495148232,2.2018473531488383e-12,True,7.001457421676391e-13,-10.811056711528753
front,B,42000.0,239.82618083630643,15.0,0.7,2095.061942821005,6.4e-05,598.5082183333008,172.88980447032066,28.886788714744227,1.6100368990296463,0.0002682977076558654,True,7.001457421676391e-13,-10.811056711528753
front,C,42000.0,239.82618083630643,15.0,0.7,2095.061942821005,0.000256,598.5082183333008,345.7796089406413,57.773577429488455,3.2200737980592926,0.041735241086828384,False,7.001457421676391e-13,-10.811056711528753
front,D,42000.0,239.82618083630643,15.0,0.7,2095.061942821005,0.001024,598.5082183333008,691.5592178812826,115.54715485897691,6.440147596118585,0.19339660097968492,False,7.001457421676391e-13,-10.811056711528753
front,E,42000.0,239.82618083630643,15.0,0.7,2095.061942821005,0.004096,598.5082183333008,1383.1184357625652,231.09430971795382,12.88029519223717,0.3326077310045032,False,7.001457421676391e-13,-10.811056711528753
front,F,42000.0,239.82618083630643,15.0,0.7,2095.061942821005,0.016384,598.5082183333008,2766.2368715251305,462.18861943590764,25.76059038447434,0.41435283776464604,False,7.001457421676391e-13,-10.811056711528753
front,G,42000.0,239.82618083630643,15.0,0.7,2095.061942821005,0.065536,598.5082183333008,5532.473743050261,924.3772388718153,51.52118076894868,0.4569260813522117,False,7.001457421676391e-13,-10.811056711528753
front,H,42000.0,239.82618083630643,15.0,0.7,2095.061942821005,0.262144,598.5082183333008,11064.947486100522,1848.7544777436306,103.04236153789736,0.4784315421875585,False,7.001457421676391e-13,-10.811056711528753
front,A,42250.0,241.25371762699874,15.0,0.7,2101.287995009903,1.6e-05,598.5082183333008,86.5944874063203,14.468387359402483,0.8037343507680172,2.3957444809238873e-12,True,7.004132681089735e-13,-10.779312683469659
front,B,42250.0,241.25371762699874,15.0,0.7,2101.287995009903,6.4e-05,598.5082183333008,173.1889748126406,28.936774718804966,1.6074687015360345,0.0002743207920158083,True,7.004132681089735e-13,-10.779312683469659
front,C,42250.0,241.25371762699874,15.0,0.7,2101.287995009903,0.000256,598.5082183333008,346.3779496252812,57.87354943760993,3.214937403072069,0.042002621821789723,False,7.004132681089735e-13,-10.779312683469659
front,D,42250.0,241.25371762699874,15.0,0.7,2101.287995009903,0.001024,598.5082183333008,692.7558992505624,115.74709887521986,6.429874806144138,0.19380698152898207,False,7.004132681089735e-13,-10.779312683469659
front,E,42250.0,241.25371762699874,15.0,0.7,2101.287995009903,0.004096,598.5082183333008,1385.5117985011248,231.49419775043972,12.859749612288276,0.3328793302259483,False,7.004132681089735e-13,-10.779312683469659
front,F,42250.0,241.25371762699874,15.0,0.7,2101.287995009903,0.016384,598.5082183333008,2771.0235970022495,462.98839550087945,25.719499224576552,0.41449849815427026,False,7.004132681089735e-13,-10.779312683469659
front,G,42250.0,241.25371762699874,15.0,0.7,2101.287995009903,0.065536,598.5082183333008,5542.047194004499,925.9767910017589,51.438998449153104,0.45700019909890444,False,7.004132681089735e-13,-10.779312683469659
front,H,42250.0,241.25371762699874,15.0,0.7,2101.287995009903,0.262144,598.5082183333008,11084.094388008998,1851.9535820035178,102.87799689830621,0.47846876377540465,False,7.004132681089735e-13,-10.779312683469659
front,A,42500.0,242.68125441769104,15.0,0.7,2107.4956540141557,1.6e-05,598.5082183333008,86.74381565377848,14.493337434085504,0.8024593041284958,2.60521909365056e-12,True,7.00681946705113e-13,-10.747627545179157
front,B,42500.0,242.68125441769104,15.0,0.7,2107.4956540141557,6.4e-05,598.5082183333008,173.48763130755697,28.986674868171008,1.6049186082569915,0.0002804376019711857,True,7.00681946705113e-13,-10.747627545179157
front,C,42500.0,242.68125441769104,15.0,0.7,2107.4956540141557,0.000256,598.5082183333008,346.97526261511393,57.973349736342016,3.209837216513983,0.04226999778451783,False,7.00681946705113e-13,-10.747627545179157
front,D,42500.0,242.68125441769104,15.0,0.7,2107.4956540141557,0.001024,598.5082183333008,693.9505252302279,115.94669947268403,6.419674433027966,0.19421577179896626,False,7.00681946705113e-13,-10.747627545179157
front,E,42500.0,242.68125441769104,15.0,0.7,2107.4956540141557,0.004096,598.5082183333008,1387.9010504604557,231.89339894536806,12.839348866055932,0.33314961568661344,False,7.00681946705113e-13,-10.747627545179157
front,F,42500.0,242.68125441769104,15.0,0.7,2107.4956540141557,0.016384,598.5082183333008,2775.8021009209115,463.7867978907361,25.678697732111864,0.4146434189555487,False,7.00681946705113e-13,-10.747627545179157
front,G,42500.0,242.68125441769104,15.0,0.7,2107.4956540141557,0.065536,598.5082183333008,5551.604201841823,927.5735957814722,51.35739546422373,0.45707393606094354,False,7.00681946705113e-13,-10.747627545179157
front,H,42500.0,242.68125441769104,15.0,0.7,2107.4956540141557,0.262144,598.5082183333008,11103.208403683646,1855.1471915629445,102.71479092844746,0.47850579357592543,False,7.00681946705113e-13,-10.747627545179157
front,A,42750.0,244.10879120838334,15.0,0.7,2113.685081890008,1.6e-05,598.5082183333008,86.89288834825018,14.518244810443148,0.8011931906880938,2.831398789509362e-12,True,7.007882188308779e-13,-10.71600594960149
front,B,42750.0,244.10879120838334,15.0,0.7,2113.685081890008,6.4e-05,598.5082183333008,173.78577669650036,29.036489620886297,1.6023863813761876,0.000286648829865523,True,7.007882188308779e-13,-10.71600594960149
front,C,42750.0,244.10879120838334,15.0,0.7,2113.685081890008,0.000256,598.5082183333008,347.5715533930007,58.07297924177259,3.204772762752375,0.04253736435726896,False,7.007882188308779e-13,-10.71600594960149
front,D,42750.0,244.10879120838334,15.0,0.7,2113.685081890008,0.001024,598.5082183333008,695.1431067860015,116.14595848354519,6.40954552550475,0.19462298171721104,False,7.007882188308779e-13,-10.71600594960149
front,E,42750.0,244.10879120838334,15.0,0.7,2113.685081890008,0.004096,598.5082183333008,1390.286213572003,232.29191696709037,12.8190910510095,0.33341859801148266,False,7.007882188308779e-13,-10.71600594960149
front,F,42750.0,244.10879120838334,15.0,0.7,2113.685081890008,0.016384,598.5082183333008,2780.572427144006,464.58383393418075,25.638182102019,0.41478760645170165,False,7.007882188308779e-13,-10.71600594960149
front,G,42750.0,244.10879120838334,15.0,0.7,2113.685081890008,0.065536,598.5082183333008,5561.144854288012,929.1676678683615,51.276364204038,0.45714729551120653,False,7.007882188308779e-13,-10.71600594960149
front,H,42750.0,244.10879120838334,15.0,0.7,2113.685081890008,0.262144,598.5082183333008,11122.289708576023,1858.335335736723,102.552728408076,0.4785426332422934,False,7.007882188308779e-13,-10.71600594960149
front,A,43000.0,245.53632799907564,15.0,0.7,2119.8564383278845,1.6e-05,598.5082183333008,87.04170685152857,14.543109716006654,0.7999358937841865,3.0754834682410532e-12,True,7.010594386799502e-13,-10.684452314608873
front,B,43000.0,245.53632799907564,15.0,0.7,2119.8564383278845,6.4e-05,598.5082183333008,174.08341370305715,29.08621943201331,1.599871787568373,0.0002929551637858236,True,7.010594386799502e-13,-10.684452314608873
front,C,43000.0,245.53632799907564,15.0,0.7,2119.8564383278845,0.000256,598.5082183333008,348.1668274061143,58.17243886402662,3.199743575136746,0.042804716992083026,False,7.010594386799502e-13,-10.684452314608873
front,D,43000.0,245.53632799907564,15.0,0.7,2119.8564383278845,0.001024,598.5082183333008,696.3336548122286,116.34487772805323,6.399487150273492,0.19502862113806763,False,7.010594386799502e-13,-10.684452314608873
front,E,43000.0,245.53632799907564,15.0,0.7,2119.8564383278845,0.004096,598.5082183333008,1392.6673096244572,232.68975545610647,12.798974300546984,0.33368628771100917,False,7.010594386799502e-13,-10.684452314608873
front,F,43000.0,245.53632799907564,15.0,0.7,2119.8564383278845,0.016384,598.5082183333008,2785.3346192489144,465.37951091221294,25.597948601093968,0.4149310668542527,False,7.010594386799502e-13,-10.684452314608873
front,G,43000.0,245.53632799907564,15.0,0.7,2119.8564383278845,0.065536,598.5082183333008,5570.669238497829,930.7590218244259,51.195897202187936,0.4572202806847353,False,7.010594386799502e-13,-10.684452314608873
front,H,43000.0,245.53632799907564,15.0,0.7,2119.8564383278845,0.262144,598.5082183333008,11141.338476995657,1861.5180436488517,102.39179440437587,0.4785792844085089,False,7.010594386799502e-13,-10.684452314608873
front,A,43250.0,246.96386478976794,15.0,0.7,2126.0098807004633,1.6e-05,598.5082183333008,87.1902725164148,14.567932376804851,0.7986872989445424,3.338749336896445e-12,True,7.013317664307335e-13,-10.652970832300317
front,B,43250.0,246.96386478976794,15.0,0.7,2126.0098807004633,6.4e-05,598.5082183333008,174.3805450328296,29.135864753609702,1.5973745978890848,0.0002993572875047534,True,7.013317664307335e-13,-10.652970832300317
front,C,43250.0,246.96386478976794,15.0,0.7,2126.0098807004633,0.000256,598.5082183333008,348.7610900656592,58.271729507219405,3.1947491957781695,0.0430720512096742,False,7.013317664307335e-13,-10.652970832300317
front,D,43250.0,246.96386478976794,15.0,0.7,2126.0098807004633,0.001024,598.5082183333008,697.5221801313184,116.54345901443881,6.389498391556339,0.19543269984276085,False,7.013317664307335e-13,-10.652970832300317
front,E,43250.0,246.96386478976794,15.0,0.7,2126.0098807004633,0.004096,598.5082183333008,1395.0443602626367,233.08691802887762,12.778996783112678,0.33395269518238113,False,7.013317664307335e-13,-10.652970832300317
front,F,43250.0,246.96386478976794,15.0,0.7,2126.0098807004633,0.016384,598.5082183333008,2790.0887205252734,466.17383605775524,25.557993566225356,0.4150738063039099,False,7.013317664307335e-13,-10.652970832300317
front,G,43250.0,246.96386478976794,15.0,0.7,2126.0098807004633,0.065536,598.5082183333008,5580.177441050547,932.3476721155105,51.11598713245071,0.45729289477921164,False,7.013317664307335e-13,-10.652970832300317
front,H,43250.0,246.96386478976794,15.0,0.7,2126.0098807004633,0.262144,598.5082183333008,11160.354882101094,1864.695344231021,102.23197426490142,0.47861574868964213,False,7.013317664307335e-13,-10.652970832300317
front,A,43500.0,248.39140158046024,15.0,0.7,2132.145564109499,1.6e-05,598.5082183333008,87.33858668665673,14.59271301735394,0.7974472938338415,3.6225530998204468e-12,True,7.012797681540455e-13,-10.621565477989261
front,B,43500.0,248.39140158046024,15.0,0.7,2132.145564109499,6.4e-05,598.5082183333008,174.67717337331345,29.18542603470788,1.594894587667683,0.0003058558804243284,True,7.012797681540455e-13,-10.621565477989261
front,C,43500.0,248.39140158046024,15.0,0.7,2132.145564109499,0.000256,598.5082183333008,349.3543467466269,58.37085206941576,3.189789175335366,0.04333936259834359,False,7.012797681540455e-13,-10.621565477989261
front,D,43500.0,248.39140158046024,15.0,0.7,2132.145564109499,0.001024,598.5082183333008,698.7086934932538,116.74170413883152,6.379578350670732,0.19583522753951638,False,7.012797681540455e-13,-10.621565477989261
front,E,43500.0,248.39140158046024,15.0,0.7,2132.145564109499,0.004096,598.5082183333008,1397.4173869865076,233.48340827766305,12.759156701341464,0.3342178307107859,False,7.012797681540455e-13,-10.621565477989261
front,F,43500.0,248.39140158046024,15.0,0.7,2132.145564109499,0.016384,598.5082183333008,2794.834773973015,466.9668165553261,25.518313402682928,0.415215830871442,False,7.012797681540455e-13,-10.621565477989261
front,G,43500.0,248.39140158046024,15.0,0.7,2132.145564109499,0.065536,598.5082183333008,5589.66954794603,933.9336331106522,51.036626805365856,0.45736514095542996,False,7.012797681540455e-13,-10.621565477989261
front,H,43500.0,248.39140158046024,15.0,0.7,2132.145564109499,0.262144,598.5082183333008,11179.33909589206,1867.8672662213044,102.07325361073171,0.4786520276820741,False,7.012797681540455e-13,-10.621565477989261
front,A,43750.0,249.81893837115254,15.0,0.7,2138.263641431437,1.6e-05,598.5082183333008,87.48665069689592,14.617451860648611,0.7962157682017988,3.928336339388072e-12,True,7.015548203759861e-13,-10.59024001888709
front,B,43750.0,249.81893837115254,15.0,0.7,2138.263641431437,6.4e-05,598.5082183333008,174.97330139379184,29.234903721297222,1.5924315364035977,0.0003124516175210822,True,7.015548203759861e-13,-10.59024001888709
front,C,43750.0,249.81893837115254,15.0,0.7,2138.263641431437,0.000256,598.5082183333008,349.9466027875837,58.469807442594444,3.1848630728071954,0.04360664681291331,False,7.015548203759861e-13,-10.59024001888709
front,D,43750.0,249.81893837115254,15.0,0.7,2138.263641431437,0.001024,598.5082183333008,699.8932055751674,116.93961488518889,6.369726145614391,0.19623621386371687,False,7.015548203759861e-13,-10.59024001888709
front,E,43750.0,249.81893837115254,15.0,0.7,2138.263641431437,0.004096,598.5082183333008,1399.7864111503347,233.87922977037778,12.739452291228782,0.33448170447067016,False,7.015548203759861e-13,-10.59024001888709
front,F,43750.0,249.81893837115254,15.0,0.7,2138.263641431437,0.016384,598.5082183333008,2799.5728223006695,467.75845954075555,25.478904582457563,0.4153571465585483,False,7.015548203759861e-13,-10.59024001888709
front,G,43750.0,249.81893837115254,15.0,0.7,2138.263641431437,0.065536,598.5082183333008,5599.145644601339,935.5169190815111,50.957809164915126,0.45743702233776573,False,7.015548203759861e-13,-10.59024001888709
front,H,43750.0,249.81893837115254,15.0,0.7,2138.263641431437,0.262144,598.5082183333008,11198.291289202678,1871.0338381630222,101.91561832983025,0.47868812296373525,False,7.015548203759861e-13,-10.59024001888709
front,A,44000.0,251.24647516184484,15.0,0.7,2144.364263361858,1.6e-05,598.5082183333008,87.63446587262212,14.642149128154447,0.7949926138328329,4.257630094155288e-12,True,7.016687754114477e-13,-10.558998022487351
front,B,44000.0,251.24647516184484,15.0,0.7,2144.364263361858,6.4e-05,598.5082183333008,175.26893174524423,29.284298256308894,1.5899852276656659,0.0003191451692926983,True,7.016687754114477e-13,-10.558998022487351
front,C,44000.0,251.24647516184484,15.0,0.7,2144.364263361858,0.000256,598.5082183333008,350.53786349048846,58.56859651261779,3.1799704553313317,0.043873899573680875,False,7.016687754114477e-13,-10.558998022487351
front,D,44000.0,251.24647516184484,15.0,0.7,2144.364263361858,0.001024,598.5082183333008,701.0757269809769,117.13719302523558,6.359940910662663,0.19663566837808577,False,7.016687754114477e-13,-10.558998022487351
front,E,44000.0,251.24647516184484,15.0,0.7,2144.364263361858,0.004096,598.5082183333008,1402.1514539619538,234.27438605047115,12.719881821325327,0.3347443265269957,False,7.016687754114477e-13,-10.558998022487351
front,F,44000.0,251.24647516184484,15.0,0.7,2144.364263361858,0.016384,598.5082183333008,2804.3029079239077,468.5487721009423,25.439763642650654,0.4154977592987225,False,7.016687754114477e-13,-10.558998022487351
front,G,44000.0,251.24647516184484,15.0,0.7,2144.364263361858,0.065536,598.5082183333008,5608.605815847815,937.0975442018846,50.87952728530131,0.4575085420146404,False,7.016687754114477e-13,-10.558998022487351
front,H,44000.0,251.24647516184484,15.0,0.7,2144.364263361858,0.262144,598.5082183333008,11217.21163169563,1874.1950884037692,101.75905457060261,0.478724036094342,False,7.016687754114477e-13,-10.558998022487351
front,A,44250.0,252.67401195253714,15.0,0.7,2150.4475784587867,1.6e-05,598.5082183333008,87.78203353013525,14.666805039801588,0.7937777244972289,4.612059641233775e-12,True,7.019462134465427e-13,-10.527842864657316
front,B,44250.0,252.67401195253714,15.0,0.7,2150.4475784587867,6.4e-05,598.5082183333008,175.5640670602705,29.333610079603176,1.5875554489944579,0.0003259372017061201,True,7.019462134465427e-13,-10.527842864657316
front,C,44250.0,252.67401195253714,15.0,0.7,2150.4475784587867,0.000256,598.5082183333008,351.128134120541,58.66722015920635,3.1751108979889158,0.04414111666539479,False,7.019462134465427e-13,-10.527842864657316
front,D,44250.0,252.67401195253714,15.0,0.7,2150.4475784587867,0.001024,598.5082183333008,702.256268241082,117.3344403184127,6.3502217959778315,0.19703360057289648,False,7.019462134465427e-13,-10.527842864657316
front,E,44250.0,252.67401195253714,15.0,0.7,2150.4475784587867,0.004096,598.5082183333008,1404.512536482164,234.6688806368254,12.700443591955663,0.33500570683649133,False,7.019462134465427e-13,-10.527842864657316
front,F,44250.0,252.67401195253714,15.0,0.7,2150.4475784587867,0.016384,598.5082183333008,2809.025072964328,469.3377612736508,25.400887183911326,0.4156376749581099,False,7.019462134465427e-13,-10.527842864657316
front,G,44250.0,252.67401195253714,15.0,0.7,2150.4475784587867,0.065536,598.5082183333008,5618.050145928656,938.6755225473016,50.80177436782265,0.4575797030389827,False,7.019462134465427e-13,-10.527842864657316
front,H,44250.0,252.67401195253714,15.0,0.7,2150.4475784587867,0.262144,598.5082183333008,11236.100291857312,1877.3510450946033,101.6035487356453,0.4787597686156315,False,7.019462134465427e-13,-10.527842864657316
front,A,44500.0,254.10154874322944,15.0,0.7,2156.5137331848996,1.6e-05,598.5082183333008,87.92935497651402,14.691419813979465,0.7925709959037427,4.9933494898406445e-12,True,7.022246865571247e-13,-10.49677773744423
front,B,44500.0,254.10154874322944,15.0,0.7,2156.5137331848996,6.4e-05,598.5082183333008,175.85870995302804,29.38283962795893,1.5851419918074854,0.0003328283761470861,True,7.022246865571247e-13,-10.49677773744423
front,C,44500.0,254.10154874322944,15.0,0.7,2156.5137331848996,0.000256,598.5082183333008,351.7174199060561,58.76567925591786,3.1702839836149708,0.04440829393624904,False,7.022246865571247e-13,-10.49677773744423
front,D,44500.0,254.10154874322944,15.0,0.7,2156.5137331848996,0.001024,598.5082183333008,703.4348398121122,117.53135851183572,6.3405679672299415,0.1974300198662055,False,7.022246865571247e-13,-10.49677773744423
front,E,44500.0,254.10154874322944,15.0,0.7,2156.5137331848996,0.004096,598.5082183333008,1406.8696796242243,235.06271702367144,12.681135934459883,0.33526585524889796,False,7.022246865571247e-13,-10.49677773744423
front,F,44500.0,254.10154874322944,15.0,0.7,2156.5137331848996,0.016384,598.5082183333008,2813.7393592484486,470.1254340473429,25.362271868919766,0.41577689933635664,False,7.022246865571247e-13,-10.49677773744423
front,G,44500.0,254.10154874322944,15.0,0.7,2156.5137331848996,0.065536,598.5082183333008,5627.478718496897,940.2508680946858,50.72454373783953,0.45765050842868504,False,7.022246865571247e-13,-10.49677773744423
front,H,44500.0,254.10154874322944,15.0,0.7,2156.5137331848996,0.262144,598.5082183333008,11254.957436993795,1880.5017361893715,101.44908747567906,0.4787953220515944,False,7.022246865571247e-13,-10.49677773744423
front,A,44750.0,255.52908553392174,15.0,0.7,2162.562871948672,1.6e-05,598.5082183333008,88.07643150959116,14.715993667532674,0.791372325653591,5.403328593122024e-12,True,7.023428346837376e-13,-10.46580565660167
front,B,44750.0,255.52908553392174,15.0,0.7,2162.562871948672,6.4e-05,598.5082183333008,176.15286301918232,29.431987335065347,1.582744651307182,0.0003398193493711103,True,7.023428346837376e-13,-10.46580565660167
front,C,44750.0,255.52908553392174,15.0,0.7,2162.562871948672,0.000256,598.5082183333008,352.30572603836464,58.863974670130695,3.165489302614364,0.0446754272968974,False,7.023428346837376e-13,-10.46580565660167
front,D,44750.0,255.52908553392174,15.0,0.7,2162.562871948672,0.001024,598.5082183333008,704.6114520767293,117.72794934026139,6.330978605228728,0.1978249356041077,False,7.023428346837376e-13,-10.46580565660167
front,E,44750.0,255.52908553392174,15.0,0.7,2162.562871948672,0.004096,598.5082183333008,1409.2229041534586,235.45589868052278,12.661957210457455,0.3355247815082077,False,7.023428346837376e-13,-10.46580565660167
front,F,44750.0,255.52908553392174,15.0,0.7,2162.562871948672,0.016384,598.5082183333008,2818.445808306917,470.91179736104556,25.32391442091491,0.4159154381674533,False,7.023428346837376e-13,-10.46580565660167
front,G,44750.0,255.52908553392174,15.0,0.7,2162.562871948672,0.065536,598.5082183333008,5636.891616613834,941.8235947220911,50.64782884182982,0.4577209611670565,False,7.023428346837376e-13,-10.46580565660167
front,H,44750.0,255.52908553392174,15.0,0.7,2162.562871948672,0.262144,598.5082183333008,11273.783233227668,1883.6471894441822,101.29565768365964,0.4788306979087048,False,7.023428346837376e-13,-10.46580565660167
front,A,45000.0,256.95662232461405,15.0,0.7,2168.5951371444844,1.6e-05,598.5082183333008,88.22326441793463,14.74052681575783,0.7901816131957891,5.843935785491768e-12,True,7.02623607012096e-13,-10.4349294688446
front,B,45000.0,256.95662232461405,15.0,0.7,2168.5951371444844,6.4e-05,598.5082183333008,176.44652883586926,29.48105363151566,1.5803632263915781,0.000346910773455877,True,7.02623607012096e-13,-10.4349294688446
front,C,45000.0,256.95662232461405,15.0,0.7,2168.5951371444844,0.000256,598.5082183333008,352.8930576717385,58.96210726303132,3.1607264527831562,0.04494251271948628,False,7.02623607012096e-13,-10.4349294688446
front,D,45000.0,256.95662232461405,15.0,0.7,2168.5951371444844,0.001024,598.5082183333008,705.786115343477,117.92421452606264,6.3214529055663125,0.19821835706101287,False,7.02623607012096e-13,-10.4349294688446
front,E,45000.0,256.95662232461405,15.0,0.7,2168.5951371444844,0.004096,598.5082183333008,1411.572230686954,235.84842905212528,12.642905811132625,0.3357824952538966,False,7.02623607012096e-13,-10.4349294688446
front,F,45000.0,256.95662232461405,15.0,0.7,2168.5951371444844,0.016384,598.5082183333008,2823.144461373908,471.69685810425057,25.28581162226525,0.4160532971205692,False,7.02623607012096e-13,-10.4349294688446
front,G,45000.0,256.95662232461405,15.0,0.7,2168.5951371444844,0.065536,598.5082183333008,5646.288922747816,943.3937162085011,50.5716232445305,0.4577910642032709,False,7.02623607012096e-13,-10.4349294688446
front,H,45000.0,256.95662232461405,15.0,0.7,2168.5951371444844,0.262144,598.5082183333008,11292.577845495633,1886.7874324170023,101.143246489061,0.47886589767614846,False,7.02623607012096e-13,-10.4349294688446
front,A,45250.0,258.3841591153063,15.0,0.7,2174.6106691917335,1.6e-05,598.5082183333008,88.36985498083452,14.765019472401395,0.7889987597837791,6.317225452871282e-12,True,7.027445628251986e-13,-10.404151858839306
front,B,45250.0,258.3841591153063,15.0,0.7,2174.6106691917335,6.4e-05,598.5082183333008,176.73970996166904,29.53003894480279,1.5779975195675582,0.00035410329575503763,True,7.027445628251986e-13,-10.404151858839306
front,C,45250.0,258.3841591153063,15.0,0.7,2174.6106691917335,0.000256,598.5082183333008,353.47941992333807,59.06007788960558,3.1559950391351164,0.04520954623670599,False,7.027445628251986e-13,-10.404151858839306
front,D,45250.0,258.3841591153063,15.0,0.7,2174.6106691917335,0.001024,598.5082183333008,706.9588398466761,118.12015577921116,6.311990078270233,0.1986102934399414,False,7.027445628251986e-13,-10.404151858839306
front,E,45250.0,258.3841591153063,15.0,0.7,2174.6106691917335,0.004096,598.5082183333008,1413.9176796933523,236.24031155842232,12.623980156540465,0.33603900602214887,False,7.027445628251986e-13,-10.404151858839306
front,F,45250.0,258.3841591153063,15.0,0.7,2174.6106691917335,0.016384,598.5082183333008,2827.8353593867046,472.48062311684464,25.24796031308093,0.4161904818008804,False,7.027445628251986e-13,-10.404151858839306
front,G,45250.0,258.3841591153063,15.0,0.7,2174.6106691917335,0.065536,598.5082183333008,5655.670718773409,944.9612462336893,50.49592062616186,0.4578608204528106,False,7.027445628251986e-13,-10.404151858839306
front,H,45250.0,258.3841591153063,15.0,0.7,2174.6106691917335,0.262144,598.5082183333008,11311.341437546818,1889.9224924673786,100.99184125232372,0.4789009228260486,False,7.027445628251986e-13,-10.404151858839306
front,A,45500.0,259.81169590599865,15.0,0.7,2180.6096065729726,1.6e-05,598.5082183333008,88.5162044682955,14.78947184965839,0.7878236684333116,6.8253734433607225e-12,True,7.030275775116263e-13,-10.37347535593593
front,B,45500.0,259.81169590599865,15.0,0.7,2180.6096065729726,6.4e-05,598.5082183333008,177.032408936591,29.57894369931678,1.5756473368666233,0.00036139755885340855,True,7.030275775116263e-13,-10.37347535593593
front,C,45500.0,259.81169590599865,15.0,0.7,2180.6096065729726,0.000256,598.5082183333008,354.064817873182,59.15788739863356,3.1512946737332466,0.04547652394086009,False,7.030275775116263e-13,-10.37347535593593
front,D,45500.0,259.81169590599865,15.0,0.7,2180.6096065729726,0.001024,598.5082183333008,708.129635746364,118.31577479726712,6.302589347466493,0.19900075387283805,False,7.030275775116263e-13,-10.37347535593593
front,E,45500.0,259.81169590599865,15.0,0.7,2180.6096065729726,0.004096,598.5082183333008,1416.259271492728,236.63154959453425,12.605178694932986,0.3362943232470738,False,7.030275775116263e-13,-10.37347535593593
front,F,45500.0,259.81169590599865,15.0,0.7,2180.6096065729726,0.016384,598.5082183333008,2832.518542985456,473.2630991890685,25.210357389865973,0.4163269977503889,False,7.030275775116263e-13,-10.37347535593593
front,G,45500.0,259.81169590599865,15.0,0.7,2180.6096065729726,0.065536,598.5082183333008,5665.037085970912,946.526198378137,50.420714779731945,0.45793023279790585,False,7.030275775116263e-13,-10.37347535593593
front,H,45500.0,259.81169590599865,15.0,0.7,2180.6096065729726,0.262144,598.5082183333008,11330.074171941824,1893.052396756274,100.84142955946389,0.4789357748136896,False,7.030275775116263e-13,-10.37347535593593
front,A,45750.0,261.2392326966909,15.0,0.7,2186.5920858711047,1.6e-05,598.5082183333008,88.66231414103414,14.81388415817197,0.7866562438815347,7.37068322601277e-12,True,7.031512795438979e-13,-10.34290234065065
front,B,45750.0,261.2392326966909,15.0,0.7,2186.5920858711047,6.4e-05,598.5082183333008,177.3246282820683,29.62776831634394,1.5733124877630693,0.0003687942005235304,True,7.031512795438979e-13,-10.34290234065065
front,C,45750.0,261.2392326966909,15.0,0.7,2186.5920858711047,0.000256,598.5082183333008,354.6492565641366,59.25553663268788,3.1466249755261386,0.04574344198295166,False,7.031512795438979e-13,-10.34290234065065
front,D,45750.0,261.2392326966909,15.0,0.7,2186.5920858711047,0.001024,598.5082183333008,709.2985131282732,118.51107326537576,6.293249951052277,0.19938974742090254,False,7.031512795438979e-13,-10.34290234065065
front,E,45750.0,261.2392326966909,15.0,0.7,2186.5920858711047,0.004096,598.5082183333008,1418.5970262565463,237.0221465307515,12.586499902104554,0.3365484562619142,False,7.031512795438979e-13,-10.34290234065065
front,F,45750.0,261.2392326966909,15.0,0.7,2186.5920858711047,0.016384,598.5082183333008,2837.1940525130926,474.044293061503,25.17299980420911,0.4164628504487341,False,7.031512795438979e-13,-10.34290234065065
front,G,45750.0,261.2392326966909,15.0,0.7,2186.5920858711047,0.065536,598.5082183333008,5674.388105026185,948.088586123006,50.34599960841822,0.45799930408796957,False,7.031512795438979e-13,-10.34290234065065
front,H,45750.0,261.2392326966909,15.0,0.7,2186.5920858711047,0.262144,598.5082183333008,11348.77621005237,1896.177172246012,100.69199921683644,0.47897045507773756,False,7.031512795438979e-13,-10.34290234065065
front,A,46000.0,262.66676948738325,15.0,0.7,2192.5582418056683,1.6e-05,598.5082183333008,88.80818525048119,14.838256607033784,0.7854963925472503,7.95559230552553e-12,True,7.034364811287429e-13,-10.31243505090492
front,B,46000.0,262.66676948738325,15.0,0.7,2192.5582418056683,6.4e-05,598.5082183333008,177.61637050096238,29.67651321406757,1.5709927850945007,0.0003762938536836064,True,7.034364811287429e-13,-10.31243505090492
front,C,46000.0,262.66676948738325,15.0,0.7,2192.5582418056683,0.000256,598.5082183333008,355.23274100192475,59.35302642813514,3.1419855701890014,0.04601029657178727,False,7.034364811287429e-13,-10.31243505090492
front,D,46000.0,262.66676948738325,15.0,0.7,2192.5582418056683,0.001024,598.5082183333008,710.4654820038495,118.70605285627028,6.283971140378003,0.19977728307493636,False,7.034364811287429e-13,-10.31243505090492
front,E,46000.0,262.66676948738325,15.0,0.7,2192.5582418056683,0.004096,598.5082183333008,1420.930964007699,237.41210571254055,12.567942280756006,0.33680141430024546,False,7.034364811287429e-13,-10.31243505090492
front,F,46000.0,262.66676948738325,15.0,0.7,2192.5582418056683,0.016384,598.5082183333008,2841.861928015398,474.8242114250811,25.13588456151201,0.41659804531399597,False,7.034364811287429e-13,-10.31243505090492
front,G,46000.0,262.66676948738325,15.0,0.7,2192.5582418056683,0.065536,598.5082183333008,5683.723856030796,949.6484228501622,50.27176912302402,0.45806803714002714,False,7.034364811287429e-13,-10.31243505090492
front,H,46000.0,262.66676948738325,15.0,0.7,2192.5582418056683,0.262144,598.5082183333008,11367.447712061592,1899.2968457003244,100.54353824604804,0.4790049650404593,False,7.034364811287429e-13,-10.31243505090492
front,A,46250.0,264.0943062780755,15.0,0.7,2198.508207268233,1.6e-05,598.5082183333008,88.95381903878813,14.862589403785098,0.7843440224922983,8.58267890080876e-12,True,7.034031139658066e-13,-10.282075588029649
front,B,46250.0,264.0943062780755,15.0,0.7,2198.508207268233,6.4e-05,598.5082183333008,177.90763807757625,29.725178807570195,1.5686880449845966,0.0003838971463567729,True,7.034031139658066e-13,-10.282075588029649
front,C,46250.0,264.0943062780755,15.0,0.7,2198.508207268233,0.000256,598.5082183333008,355.8152761551525,59.45035761514039,3.137376089969193,0.046277083973097,False,7.034031139658066e-13,-10.282075588029649
front,D,46250.0,264.0943062780755,15.0,0.7,2198.508207268233,0.001024,598.5082183333008,711.630552310305,118.90071523028078,6.274752179938386,0.2001633697557026,False,7.034031139658066e-13,-10.282075588029649
front,E,46250.0,264.0943062780755,15.0,0.7,2198.508207268233,0.004096,598.5082183333008,1423.26110462061,237.80143046056156,12.549504359876773,0.3370532064971655,False,7.034031139658066e-13,-10.282075588029649
front,F,46250.0,264.0943062780755,15.0,0.7,2198.508207268233,0.016384,598.5082183333008,2846.52220924122,475.6028609211231,25.099008719753545,0.4167325877034897,False,7.034031139658066e-13,-10.282075588029649
front,G,46250.0,264.0943062780755,15.0,0.7,2198.508207268233,0.065536,598.5082183333008,5693.04441848244,951.2057218422462,50.19801743950709,0.45813643473914195,False,7.034031139658066e-13,-10.282075588029649
front,H,46250.0,264.0943062780755,15.0,0.7,2198.508207268233,0.262144,598.5082183333008,11386.08883696488,1902.4114436844925,100.39603487901418,0.47903930610793866,False,7.034031139658066e-13,-10.282075588029649
front,A,46500.0,265.52184306876785,15.0,0.7,2204.442113356936,1.6e-05,598.5082183333008,89.09921673883818,14.886882754418602,0.7831990433840303,9.254668895521936e-12,True,7.036907090580648e-13,-10.251825922540243
front,B,46500.0,265.52184306876785,15.0,0.7,2204.442113356936,6.4e-05,598.5082183333008,178.19843347767636,29.773765508837204,1.5663980867680607,0.00039160470163171924,True,7.036907090580648e-13,-10.251825922540243
front,C,46500.0,265.52184306876785,15.0,0.7,2204.442113356936,0.000256,598.5082183333008,356.3968669553527,59.54753101767441,3.1327961735361214,0.04654380050867102,False,7.036907090580648e-13,-10.251825922540243
front,D,46500.0,265.52184306876785,15.0,0.7,2204.442113356936,0.001024,598.5082183333008,712.7937339107054,119.09506203534882,6.265592347072243,0.20054801631430152,False,7.036907090580648e-13,-10.251825922540243
front,E,46500.0,265.52184306876785,15.0,0.7,2204.442113356936,0.004096,598.5082183333008,1425.5874678214109,238.19012407069764,12.531184694144486,0.3373038418904759,False,7.036907090580648e-13,-10.251825922540243
front,F,46500.0,265.52184306876785,15.0,0.7,2204.442113356936,0.016384,598.5082183333008,2851.1749356428218,476.38024814139527,25.06236938828897,0.4168664829145521,False,7.036907090580648e-13,-10.251825922540243
front,G,46500.0,265.52184306876785,15.0,0.7,2204.442113356936,0.065536,598.5082183333008,5702.3498712856435,952.7604962827905,50.12473877657794,0.4582044996388357,False,7.036907090580648e-13,-10.251825922540243
front,H,46500.0,265.52184306876785,15.0,0.7,2204.442113356936,0.262144,598.5082183333008,11404.699742571287,1905.520992565581,100.24947755315588,0.4790734796702899,False,7.036907090580648e-13,-10.251825922540243
front,A,46750.0,266.9493798594601,15.0,0.7,2210.360089410187,1.6e-05,598.5082183333008,89.2443795742611,14.91113686338091,0.7820613664588372,9.974443068818482e-12,True,7.039792197068252e-13,-10.221687899691577
front,B,46750.0,266.9493798594601,15.0,0.7,2210.360089410187,6.4e-05,598.5082183333008,178.4887591485222,29.82227372676182,1.5641227329176743,0.0003994171376246156,True,7.039792197068252e-13,-10.221687899691577
front,C,46750.0,266.9493798594601,15.0,0.7,2210.360089410187,0.000256,598.5082183333008,356.9775182970444,59.64454745352364,3.1282454658353487,0.046810442555512,False,7.039792197068252e-13,-10.221687899691577
front,D,46750.0,266.9493798594601,15.0,0.7,2210.360089410187,0.001024,598.5082183333008,713.9550365940888,119.28909490704729,6.256490931670697,0.20093123153255643,False,7.039792197068252e-13,-10.221687899691577
front,E,46750.0,266.9493798594601,15.0,0.7,2210.360089410187,0.004096,598.5082183333008,1427.9100731881776,238.57818981409457,12.512981863341395,0.33755332942185157,False,7.039792197068252e-13,-10.221687899691577
front,F,46750.0,266.9493798594601,15.0,0.7,2210.360089410187,0.016384,598.5082183333008,2855.8201463763553,477.15637962818914,25.02596372668279,0.416999736185319,False,7.039792197068252e-13,-10.221687899691577
front,G,46750.0,266.9493798594601,15.0,0.7,2210.360089410187,0.065536,598.5082183333008,5711.640292752711,954.3127592563783,50.05192745336558,0.4582722345615042,False,7.039792197068252e-13,-10.221687899691577
front,H,46750.0,266.9493798594601,15.0,0.7,2210.360089410187,0.262144,598.5082183333008,11423.280585505421,1908.6255185127566,100.10385490673116,0.47910748710186946,False,7.039792197068252e-13,-10.221687899691577
front,A,47000.0,268.37691665015245,15.0,0.7,2216.262263039558,1.6e-05,598.5082183333008,89.38930875945171,14.935351933575634,0.7809309044866942,1.0745044614670122e-11,True,7.041096570396584e-13,-10.191663244818365
front,B,47000.0,268.37691665015245,15.0,0.7,2216.262263039558,6.4e-05,598.5082183333008,178.77861751890342,29.870703867151267,1.5618618089733884,0.0004073350674423451,True,7.041096570396584e-13,-10.191663244818365
front,C,47000.0,268.37691665015245,15.0,0.7,2216.262263039558,0.000256,598.5082183333008,357.55723503780683,59.741407734302534,3.123723617946777,0.04707700654500262,False,7.041096570396584e-13,-10.191663244818365
front,D,47000.0,268.37691665015245,15.0,0.7,2216.262263039558,0.001024,598.5082183333008,715.1144700756137,119.48281546860507,6.247447235893554,0.2013130241234118,False,7.041096570396584e-13,-10.191663244818365
front,E,47000.0,268.37691665015245,15.0,0.7,2216.262263039558,0.004096,598.5082183333008,1430.2289401512273,238.96563093721014,12.494894471787108,0.3378016779380011,False,7.041096570396584e-13,-10.191663244818365
front,F,47000.0,268.37691665015245,15.0,0.7,2216.262263039558,0.016384,598.5082183333008,2860.4578803024547,477.9312618744203,24.989788943574215,0.41713235269549453,False,7.041096570396584e-13,-10.191663244818365
front,G,47000.0,268.37691665015245,15.0,0.7,2216.262263039558,0.065536,598.5082183333008,5720.915760604909,955.8625237488405,49.97957788714843,0.45833964219882806,False,7.041096570396584e-13,-10.191663244818365
front,H,47000.0,268.37691665015245,15.0,0.7,2216.262263039558,0.262144,598.5082183333008,11441.831521209819,1911.725047497681,99.95915577429686,0.4791413297614844,False,7.041096570396584e-13,-10.191663244818365
front,A,47250.0,269.8044534408447,15.0,0.7,2222.1487601618933,1.6e-05,598.5082183333008,89.53400549959203,14.959528166367098,0.7798075717366914,1.1569686958283957e-11,True,7.042415004167171e-13,-10.16175356846885
front,B,47250.0,269.8044534408447,15.0,0.7,2222.1487601618933,6.4e-05,598.5082183333008,179.06801099918405,29.919056332734197,1.5596151434733827,0.00041535909914703695,True,7.042415004167171e-13,-10.16175356846885
front,C,47250.0,269.8044534408447,15.0,0.7,2222.1487601618933,0.000256,598.5082183333008,358.1360219983681,59.838112665468394,3.1192302869467654,0.047343488962088856,False,7.042415004167171e-13,-10.16175356846885
front,D,47250.0,269.8044534408447,15.0,0.7,2222.1487601618933,0.001024,598.5082183333008,716.2720439967362,119.67622533093679,6.238460573893531,0.20169340273134284,False,7.042415004167171e-13,-10.16175356846885
front,E,47250.0,269.8044534408447,15.0,0.7,2222.1487601618933,0.004096,598.5082183333008,1432.5440879934724,239.35245066187358,12.476921147787062,0.3380488961918172,False,7.042415004167171e-13,-10.16175356846885
front,F,47250.0,269.8044534408447,15.0,0.7,2222.1487601618933,0.016384,598.5082183333008,2865.088175986945,478.70490132374715,24.953842295574123,0.41726433756711123,False,7.042415004167171e-13,-10.16175356846885
front,G,47250.0,269.8044534408447,15.0,0.7,2222.1487601618933,0.065536,598.5082183333008,5730.17635197389,957.4098026474943,49.90768459114825,0.4584067252121789,False,7.042415004167171e-13,-10.16175356846885
front,H,47250.0,269.8044534408447,15.0,0.7,2222.1487601618933,0.262144,598.5082183333008,11460.35270394778,1914.8196052949886,99.8153691822965,0.47917500899259885,False,7.042415004167171e-13,-10.16175356846885
front,A,47500.0,271.23199023153705,15.0,0.7,2228.0197050306474,1.6e-05,598.5082183333008,89.67847099067654,14.98366576158456,0.7786912839435169,1.2451761878255023e-11,True,7.043747346633521e-13,-10.13196037133882
front,B,47500.0,271.23199023153705,15.0,0.7,2228.0197050306474,6.4e-05,598.5082183333008,179.3569419813531,29.96733152316912,1.5573825678870339,0.00042348983572185786,True,7.043747346633521e-13,-10.13196037133882
front,C,47500.0,271.23199023153705,15.0,0.7,2228.0197050306474,0.000256,598.5082183333008,358.7138839627062,59.93466304633824,3.1147651357740678,0.047609886344477326,False,7.043747346633521e-13,-10.13196037133882
front,D,47500.0,271.23199023153705,15.0,0.7,2228.0197050306474,0.001024,598.5082183333008,717.4277679254124,119.86932609267647,6.2295302715481355,0.2020723759327735,False,7.043747346633521e-13,-10.13196037133882
front,E,47500.0,271.23199023153705,15.0,0.7,2228.0197050306474,0.004096,598.5082183333008,1434.8555358508247,239.73865218535295,12.459060543096271,0.3382949928435153,False,7.043747346633521e-13,-10.13196037133882
front,F,47500.0,271.23199023153705,15.0,0.7,2228.0197050306474,0.016384,598.5082183333008,2869.7110717016494,479.4773043707059,24.918121086192542,0.41739569586528147,False,7.043747346633521e-13,-10.13196037133882
front,G,47500.0,271.23199023153705,15.0,0.7,2228.0197050306474,0.065536,598.5082183333008,5739.422143403299,958.9546087414118,49.836242172385084,0.4584734862330203,False,7.043747346633521e-13,-10.13196037133882
front,H,47500.0,271.23199023153705,15.0,0.7,2228.0197050306474,0.262144,598.5082183333008,11478.844286806598,1917.9092174828236,99.67248434477017,0.4792085261235379,False,7.043747346633521e-13,-10.13196037133882
front,A,47750.0,272.6595270222293,15.0,0.7,2233.8752202664923,1.6e-05,598.5082183333008,89.82270641954067,15.007764917526941,0.7775819582748593,1.3394847943237447e-11,True,7.046675548371147e-13,-10.10228504901254
front,B,47750.0,272.6595270222293,15.0,0.7,2233.8752202664923,6.4e-05,598.5082183333008,179.64541283908133,30.015529835053883,1.5551639165497186,0.0004317278750380812,True,7.046675548371147e-13,-10.10228504901254
front,C,47750.0,272.6595270222293,15.0,0.7,2233.8752202664923,0.000256,598.5082183333008,359.29082567816266,60.031059670107766,3.1103278330994373,0.04787619528184769,False,7.046675548371147e-13,-10.10228504901254
front,D,47750.0,272.6595270222293,15.0,0.7,2233.8752202664923,0.001024,598.5082183333008,718.5816513563253,120.06211934021553,6.220655666198875,0.20244995223650414,False,7.046675548371147e-13,-10.10228504901254
front,E,47750.0,272.6595270222293,15.0,0.7,2233.8752202664923,0.004096,598.5082183333008,1437.1633027126506,240.12423868043106,12.44131133239775,0.3385399764617616,False,7.046675548371147e-13,-10.10228504901254
front,F,47750.0,272.6595270222293,15.0,0.7,2233.8752202664923,0.016384,598.5082183333008,2874.3266054253013,480.2484773608621,24.8826226647955,0.41752643259894034,False,7.046675548371147e-13,-10.10228504901254
front,G,47750.0,272.6595270222293,15.0,0.7,2233.8752202664923,0.065536,598.5082183333008,5748.653210850603,960.4969547217243,49.765245329591,0.4585399278633042,False,7.046675548371147e-13,-10.10228504901254
front,H,47750.0,272.6595270222293,15.0,0.7,2233.8752202664923,0.262144,598.5082183333008,11497.306421701205,1920.9939094434485,99.530490659182,0.47924188246768884,False,7.046675548371147e-13,-10.10228504901254
front,A,48000.0,274.08706381292166,15.0,0.7,2239.7154268871936,1.6e-05,598.5082183333008,89.9667129638919,15.031825830968073,0.7764795132997035,1.4402719272041749e-11,True,7.046453159843636e-13,-10.072728896516582
front,B,48000.0,274.08706381292166,15.0,0.7,2239.7154268871936,6.4e-05,598.5082183333008,179.9334259277838,30.063651661936145,1.552959026599407,0.0004400738098233776,True,7.046453159843636e-13,-10.072728896516582
front,C,48000.0,274.08706381292166,15.0,0.7,2239.7154268871936,0.000256,598.5082183333008,359.8668518555676,60.12730332387229,3.105918053198814,0.04814241241507844,False,7.046453159843636e-13,-10.072728896516582
front,D,48000.0,274.08706381292166,15.0,0.7,2239.7154268871936,0.001024,598.5082183333008,719.7337037111351,120.25460664774458,6.211836106397628,0.20282614008414673,False,7.046453159843636e-13,-10.072728896516582
front,E,48000.0,274.08706381292166,15.0,0.7,2239.7154268871936,0.004096,598.5082183333008,1439.4674074222703,240.50921329548916,12.423672212795257,0.3387838555247902,False,7.046453159843636e-13,-10.072728896516582
front,F,48000.0,274.08706381292166,15.0,0.7,2239.7154268871936,0.016384,598.5082183333008,2878.9348148445406,481.0184265909783,24.847344425590514,0.4176565527215791,False,7.046453159843636e-13,-10.072728896516582
front,G,48000.0,274.08706381292166,15.0,0.7,2239.7154268871936,0.065536,598.5082183333008,5757.869629689081,962.0368531819566,49.69468885118103,0.4586060526758618,False,7.046453159843636e-13,-10.072728896516582
front,H,48000.0,274.08706381292166,15.0,0.7,2239.7154268871936,0.262144,598.5082183333008,11515.739259378162,1924.0737063639133,99.38937770236205,0.4792750793236997,False,7.046453159843636e-13,-10.072728896516582
front,A,48250.0,275.5146006036139,15.0,0.7,2245.540444336797,1.6e-05,598.5082183333008,90.11049179234386,15.055848697162354,0.7753838689574879,1.5479354626204642e-11,True,7.049403383940923e-13,-10.043293112694847
front,B,48250.0,275.5146006036139,15.0,0.7,2245.540444336797,6.4e-05,598.5082183333008,180.22098358468773,30.111697394324707,1.5507677379149758,0.0004485282276313607,True,7.049403383940923e-13,-10.043293112694847
front,C,48250.0,275.5146006036139,15.0,0.7,2245.540444336797,0.000256,598.5082183333008,360.44196716937546,60.223394788649415,3.1015354758299516,0.04840853443548725,False,7.049403383940923e-13,-10.043293112694847
front,D,48250.0,275.5146006036139,15.0,0.7,2245.540444336797,0.001024,598.5082183333008,720.8839343387509,120.44678957729883,6.203070951659903,0.20320094785056886,False,7.049403383940923e-13,-10.043293112694847
front,E,48250.0,275.5146006036139,15.0,0.7,2245.540444336797,0.004096,598.5082183333008,1441.7678686775018,240.89357915459766,12.406141903319806,0.3390266384215094,False,7.049403383940923e-13,-10.043293112694847
front,F,48250.0,275.5146006036139,15.0,0.7,2245.540444336797,0.016384,598.5082183333008,2883.5357373550037,481.7871583091953,24.812283806639613,0.41778606113197037,False,7.049403383940923e-13,-10.043293112694847
front,G,48250.0,275.5146006036139,15.0,0.7,2245.540444336797,0.065536,598.5082183333008,5767.071474710007,963.5743166183906,49.624567613279225,0.45867186321479037,False,7.049403383940923e-13,-10.043293112694847
front,H,48250.0,275.5146006036139,15.0,0.7,2245.540444336797,0.262144,598.5082183333008,11534.142949420015,1927.1486332367813,99.24913522655845,0.479308117975676,False,7.049403383940923e-13,-10.043293112694847
front,A,48500.0,276.94213739430626,15.0,0.7,2251.3503905141274,1.6e-05,598.5082183333008,90.25404406445276,15.07983370985084,0.7742949465280952,1.6628946844197492e-11,True,7.050787371835693e-13,-10.013978804409238
front,B,48500.0,276.94213739430626,15.0,0.7,2251.3503905141274,6.4e-05,598.5082183333008,180.5080881289055,30.15966741970168,1.5485898930561903,0.0004570917108123301,True,7.050787371835693e-13,-10.013978804409238
front,C,48500.0,276.94213739430626,15.0,0.7,2251.3503905141274,0.000256,598.5082183333008,361.016176257811,60.31933483940336,3.0971797861123807,0.048674558084084156,False,7.050787371835693e-13,-10.013978804409238
front,D,48500.0,276.94213739430626,15.0,0.7,2251.3503905141274,0.001024,598.5082183333008,722.032352515622,120.63866967880672,6.194359572224761,0.20357438384434268,False,7.050787371835693e-13,-10.013978804409238
front,E,48500.0,276.94213739430626,15.0,0.7,2251.3503905141274,0.004096,598.5082183333008,1444.064705031244,241.27733935761344,12.388719144449523,0.33926833345259577,False,7.050787371835693e-13,-10.013978804409238
front,F,48500.0,276.94213739430626,15.0,0.7,2251.3503905141274,0.016384,598.5082183333008,2888.129410062488,482.5546787152269,24.777438288899045,0.41791496267488404,False,7.050787371835693e-13,-10.013978804409238
front,G,48500.0,276.94213739430626,15.0,0.7,2251.3503905141274,0.065536,598.5082183333008,5776.258820124976,965.1093574304538,49.55487657779809,0.4587373619958346,False,7.050787371835693e-13,-10.013978804409238
front,H,48500.0,276.94213739430626,15.0,0.7,2251.3503905141274,0.262144,598.5082183333008,11552.517640249953,1930.2187148609075,99.10975315559618,0.4793409996933743,False,7.050787371835693e-13,-10.013978804409238
front,A,48750.0,278.36967418499853,15.0,0.7,2257.145381800634,1.6e-05,598.5082183333008,90.3973709307561,15.103781061267746,0.7732126686026524,1.785591262657034e-11,True,7.052184548732979e-13,-9.984786990573504
front,B,48750.0,278.36967418499853,15.0,0.7,2257.145381800634,6.4e-05,598.5082183333008,180.7947418615122,30.207562122535492,1.5464253372053047,0.000465764836485215,True,7.052184548732979e-13,-9.984786990573504
front,C,48750.0,278.36967418499853,15.0,0.7,2257.145381800634,0.000256,598.5082183333008,361.5894837230244,60.415124245070984,3.0928506744106095,0.04894048015083821,False,7.052184548732979e-13,-9.984786990573504
front,D,48750.0,278.36967418499853,15.0,0.7,2257.145381800634,0.001024,598.5082183333008,723.1789674460488,120.83024849014197,6.185701348821219,0.20394645630820107,False,7.052184548732979e-13,-9.984786990573504
front,E,48750.0,278.36967418499853,15.0,0.7,2257.145381800634,0.004096,598.5082183333008,1446.3579348920975,241.66049698028394,12.371402697642438,0.33950894883157723,False,7.052184548732979e-13,-9.984786990573504
front,F,48750.0,278.36967418499853,15.0,0.7,2257.145381800634,0.016384,598.5082183333008,2892.715869784195,483.3209939605679,24.742805395284876,0.41804326214179466,False,7.052184548732979e-13,-9.984786990573504
front,G,48750.0,278.36967418499853,15.0,0.7,2257.145381800634,0.065536,598.5082183333008,5785.43173956839,966.6419879211358,49.48561079056975,0.45880255150676325,False,7.052184548732979e-13,-9.984786990573504
front,H,48750.0,278.36967418499853,15.0,0.7,2257.145381800634,0.262144,598.5082183333008,11570.86347913678,1933.2839758422715,98.9712215811395,0.4793737257323931,False,7.052184548732979e-13,-9.984786990573504
front,A,49000.0,279.79721097569086,15.0,0.7,2262.9255330875876,1.6e-05,598.5082183333008,90.54047353281375,15.127690942147272,0.7721369590551118,1.916490268145348e-11,True,7.053594773498983e-13,-9.95571860602562
front,B,49000.0,279.79721097569086,15.0,0.7,2262.9255330875876,6.4e-05,598.5082183333008,181.0809470656275,30.255381884294543,1.5442739181102236,0.00047454817651071206,True,7.053594773498983e-13,-9.95571860602562
front,C,49000.0,279.79721097569086,15.0,0.7,2262.9255330875876,0.000256,598.5082183333008,362.161894131255,60.51076376858909,3.0885478362204473,0.04920629747395702,False,7.053594773498983e-13,-9.95571860602562
front,D,49000.0,279.79721097569086,15.0,0.7,2262.9255330875876,0.001024,598.5082183333008,724.32378826251,121.02152753717817,6.1770956724408945,0.20431717341949962,False,7.053594773498983e-13,-9.95571860602562
front,E,49000.0,279.79721097569086,15.0,0.7,2262.9255330875876,0.004096,598.5082183333008,1448.64757652502,242.04305507435635,12.354191344881789,0.3397484926859048,False,7.053594773498983e-13,-9.95571860602562
front,F,49000.0,279.79721097569086,15.0,0.7,2262.9255330875876,0.016384,598.5082183333008,2897.29515305004,484.0861101487127,24.708382689763578,0.41817096427157935,False,7.053594773498983e-13,-9.95571860602562
front,G,49000.0,279.79721097569086,15.0,0.7,2262.9255330875876,0.065536,598.5082183333008,5794.59030610008,968.1722202974254,49.416765379527156,0.4588674342077408,False,7.053594773498983e-13,-9.95571860602562
front,H,49000.0,279.79721097569086,15.0,0.7,2262.9255330875876,0.262144,598.5082183333008,11589.18061220016,1936.3444405948508,98.83353075905431,0.4794062973343624,False,7.053594773498983e-13,-9.95571860602562
front,A,49250.0,281.22474776638313,15.0,0.7,2268.6909578026616,1.6e-05,598.5082183333008,90.68335300325094,15.151563541730795,0.7710677430145898,2.056081223995448e-11,True,7.056584991984204e-13,-9.926774505245076
front,B,49250.0,281.22474776638313,15.0,0.7,2268.6909578026616,6.4e-05,598.5082183333008,181.3667060065019,30.30312708346159,1.5421354860291796,0.0004834422974655792,True,7.056584991984204e-13,-9.926774505245076
front,C,49250.0,281.22474776638313,15.0,0.7,2268.6909578026616,0.000256,598.5082183333008,362.7334120130038,60.60625416692318,3.084270972058359,0.04947200693917866,False,7.056584991984204e-13,-9.926774505245076
front,D,49250.0,281.22474776638313,15.0,0.7,2268.6909578026616,0.001024,598.5082183333008,725.4668240260075,121.21250833384636,6.168541944116718,0.20468654329068237,False,7.056584991984204e-13,-9.926774505245076
front,E,49250.0,281.22474776638313,15.0,0.7,2268.6909578026616,0.004096,598.5082183333008,1450.933648052015,242.42501666769272,12.337083888233437,0.3399869730580122,False,7.056584991984204e-13,-9.926774505245076
front,F,49250.0,281.22474776638313,15.0,0.7,2268.6909578026616,0.016384,598.5082183333008,2901.86729610403,484.85003333538543,24.674167776466874,0.41829807375120776,False,7.056584991984204e-13,-9.926774505245076
front,G,49250.0,281.22474776638313,15.0,0.7,2268.6909578026616,0.065536,598.5082183333008,5803.73459220806,969.7000666707709,49.34833555293375,0.4589320125316947,False,7.056584991984204e-13,-9.926774505245076
front,H,49250.0,281.22474776638313,15.0,0.7,2268.6909578026616,0.262144,598.5082183333008,11607.46918441612,1939.4001333415417,98.6966711058675,0.4794387157271293,False,7.056584991984204e-13,-9.926774505245076
front,A,49500.0,282.65228455707546,15.0,0.7,2274.441767935898,1.6e-05,598.5082183333008,90.82601046580317,15.175399047774384,0.7700049468384387,2.204879195111458e-11,True,7.058018434533402e-13,-9.897955465920855
front,B,49500.0,282.65228455707546,15.0,0.7,2274.441767935898,6.4e-05,598.5082183333008,181.65202093160633,30.350798095548768,1.5400098936768774,0.0004924477606180914,True,7.058018434533402e-13,-9.897955465920855
front,C,49500.0,282.65228455707546,15.0,0.7,2274.441767935898,0.000256,598.5082183333008,363.30404186321266,60.701596191097536,3.0800197873537547,0.049737605479076116,False,7.058018434533402e-13,-9.897955465920855
front,D,49500.0,282.65228455707546,15.0,0.7,2274.441767935898,0.001024,598.5082183333008,726.6080837264253,121.40319238219507,6.160039574707509,0.20505457396975307,False,7.058018434533402e-13,-9.897955465920855
front,E,49500.0,282.65228455707546,15.0,0.7,2274.441767935898,0.004096,598.5082183333008,1453.2161674528506,242.80638476439015,12.320079149415019,0.34022439790636405,False,7.058018434533402e-13,-9.897955465920855
front,F,49500.0,282.65228455707546,15.0,0.7,2274.441767935898,0.016384,598.5082183333008,2906.4323349057013,485.6127695287803,24.640158298830038,0.4184245952164225,False,7.058018434533402e-13,-9.897955465920855
front,G,49500.0,282.65228455707546,15.0,0.7,2274.441767935898,0.065536,598.5082183333008,5812.864669811403,971.2255390575606,49.280316597660075,0.45899628888467703,False,7.058018434533402e-13,-9.897955465920855
front,H,49500.0,282.65228455707546,15.0,0.7,2274.441767935898,0.262144,598.5082183333008,11625.729339622805,1942.4510781151212,98.56063319532015,0.4794709821249422,False,7.058018434533402e-13,-9.897955465920855
front,A,49750.0,284.07982134776773,15.0,0.7,2280.1780740650916,1.6e-05,598.5082183333008,90.96844703536287,15.199197646556598,0.7689484980860287,2.3634259166199138e-11,True,7.059464523235574e-13,-9.86926219237462
front,B,49750.0,284.07982134776773,15.0,0.7,2280.1780740650916,6.4e-05,598.5082183333008,181.93689407072574,30.398395293113197,1.5378969961720574,0.0005015651219046322,True,7.059464523235574e-13,-9.86926219237462
front,C,49750.0,284.07982134776773,15.0,0.7,2280.1780740650916,0.000256,598.5082183333008,363.8737881414515,60.79679058622639,3.075793992344115,0.050003090072373656,False,7.059464523235574e-13,-9.86926219237462
front,D,49750.0,284.07982134776773,15.0,0.7,2280.1780740650916,0.001024,598.5082183333008,727.747576282903,121.59358117245279,6.15158798468823,0.20542127344074967,False,7.059464523235574e-13,-9.86926219237462
front,E,49750.0,284.07982134776773,15.0,0.7,2280.1780740650916,0.004096,598.5082183333008,1455.495152565806,243.18716234490557,12.30317596937646,0.3404607751064923,False,7.059464523235574e-13,-9.86926219237462
front,F,49750.0,284.07982134776773,15.0,0.7,2280.1780740650916,0.016384,598.5082183333008,2910.990305131612,486.37432468981115,24.60635193875292,0.4185505332524109,False,7.059464523235574e-13,-9.86926219237462
front,G,49750.0,284.07982134776773,15.0,0.7,2280.1780740650916,0.065536,598.5082183333008,5821.980610263224,972.7486493796223,49.21270387750584,0.4590602656462221,False,7.059464523235574e-13,-9.86926219237462
front,H,49750.0,284.07982134776773,15.0,0.7,2280.1780740650916,0.262144,598.5082183333008,11643.961220526448,1945.4972987592446,98.42540775501168,0.4795030977286321,False,7.059464523235574e-13,-9.86926219237462
front,A,50000.0,285.50735813846006,15.0,0.7,2285.8999853805954,1.6e-05,598.5082183333008,91.11066381802775,15.222959522886537,0.7678983254932178,2.5322909622214445e-11,True,7.060923123577354e-13,-9.840695318846278
front,B,50000.0,285.50735813846006,15.0,0.7,2285.8999853805954,6.4e-05,598.5082183333008,182.2213276360555,30.445919045773074,1.5357966509864356,0.0005107949319074043,True,7.060923123577354e-13,-9.840695318846278
front,C,50000.0,285.50735813846006,15.0,0.7,2285.8999853805954,0.000256,598.5082183333008,364.442655272111,60.89183809154615,3.071593301972871,0.050268457743274986,False,7.060923123577354e-13,-9.840695318846278
front,D,50000.0,285.50735813846006,15.0,0.7,2285.8999853805954,0.001024,598.5082183333008,728.885310544222,121.7836761830923,6.143186603945742,0.20578664962422233,False,7.060923123577354e-13,-9.840695318846278
front,E,50000.0,285.50735813846006,15.0,0.7,2285.8999853805954,0.004096,598.5082183333008,1457.770621088444,243.5673523661846,12.286373207891485,0.3406961124520209,False,7.060923123577354e-13,-9.840695318846278
front,F,50000.0,285.50735813846006,15.0,0.7,2285.8999853805954,0.016384,598.5082183333008,2915.541242176888,487.1347047323692,24.57274641578297,0.41867589239446823,False,7.060923123577354e-13,-9.840695318846278
front,G,50000.0,285.50735813846006,15.0,0.7,2285.8999853805954,0.065536,598.5082183333008,5831.082484353776,974.2694094647384,49.14549283156594,0.4591239451696987,False,7.060923123577354e-13,-9.840695318846278
front,H,50000.0,285.50735813846006,15.0,0.7,2285.8999853805954,0.262144,598.5082183333008,11662.164968707551,1948.5388189294767,98.29098566313188,0.4795350637257914,False,7.060923123577354e-13,-9.840695318846278
rear,A,5000.0,28.550735813846003,15.0,0.7,809.5958933774924,1.6e-05,731.5100446295893,62.34137724943333,8.52228588070869,1.457972286655526,4.2694166692525173e-32,True,6.452187302574374e-13,-6.019019295740085
rear,B,5000.0,28.550735813846003,15.0,0.7,809.5958933774924,6.4e-05,731.5100446295893,124.68275449886666,17.04457176141738,2.915944573311052,2.2191477846090357e-09,True,6.452187302574374e-13,-6.019019295740085
rear,C,5000.0,28.550735813846003,15.0,0.7,809.5958933774924,0.000256,731.5100446295893,249.36550899773331,34.08914352283476,5.831889146622104,0.0016758978537896303,True,6.452187302574374e-13,-6.019019295740085
rear,D,5000.0,28.550735813846003,15.0,0.7,809.5958933774924,0.001024,731.5100446295893,498.73101799546663,68.17828704566952,11.663778293244208,0.07122304081116271,False,6.452187302574374e-13,-6.019019295740085
rear,E,5000.0,28.550735813846003,15.0,0.7,809.5958933774924,0.004096,731.5100446295893,997.4620359909333,136.35657409133904,23.327556586488416,0.23166599494674,False,6.452187302574374e-13,-6.019019295740085
rear,F,5000.0,28.550735813846003,15.0,0.7,809.5958933774924,0.016384,731.5100446295893,1994.9240719818665,272.7131481826781,46.65511317297683,0.3569267531359978,False,6.452187302574374e-13,-6.019019295740085
rear,G,5000.0,28.550735813846003,15.0,0.7,809.5958933774924,0.065536,731.5100446295893,3989.848143963733,545.4262963653562,93.31022634595367,0.42726451574273777,False,6.452187302574374e-13,-6.019019295740085
rear,H,5000.0,28.550735813846003,15.0,0.7,809.5958933774924,0.262144,731.5100446295893,7979.696287927466,1090.8525927307123,186.62045269190733,0.4634795548972774,False,6.452187302574374e-13,-6.019019295740085
rear,A,5250.0,29.978272604538304,15.0,0.7,829.5889259762241,1.6e-05,731.5100446295893,62.45401708580821,8.537684143138828,1.4402417929285831,5.481383466018494e-32,True,6.457615949080047e-13,-6.164637442912733
rear,B,5250.0,29.978272604538304,15.0,0.7,829.5889259762241,6.4e-05,731.5100446295893,124.90803417161642,17.075368286277655,2.8804835858571662,2.3651966481379377e-09,True,6.457615949080047e-13,-6.164637442912733
rear,C,5250.0,29.978272604538304,15.0,0.7,829.5889259762241,0.000256,731.5100446295893,249.81606834323284,34.15073657255531,5.7609671717143325,0.0017046833155819404,True,6.457615949080047e-13,-6.164637442912733
rear,D,5250.0,29.978272604538304,15.0,0.7,829.5889259762241,0.001024,731.5100446295893,499.6321366864657,68.30147314511062,11.521934343428665,0.07158368728943278,False,6.457615949080047e-13,-6.164637442912733
rear,E,5250.0,29.978272604538304,15.0,0.7,829.5889259762241,0.004096,731.5100446295893,999.2642733729314,136.60294629022124,23.04386868685733,0.23206944250126893,False,6.457615949080047e-13,-6.164637442912733
rear,F,5250.0,29.978272604538304,15.0,0.7,829.5889259762241,0.016384,731.5100446295893,1998.5285467458627,273.2058925804425,46.08773737371466,0.35717346554068696,False,6.457615949080047e-13,-6.164637442912733
rear,G,5250.0,29.978272604538304,15.0,0.7,829.5889259762241,0.065536,731.5100446295893,3997.0570934917255,546.411785160885,92.17547474742932,0.4273942394845971,False,6.457615949080047e-13,-6.164637442912733
rear,H,5250.0,29.978272604538304,15.0,0.7,829.5889259762241,0.262144,731.5100446295893,7994.114186983451,1092.82357032177,184.35094949485864,0.46354523806523373,False,6.457615949080047e-13,-6.164637442912733
rear,A,5500.0,31.405809395230605,15.0,0.7,849.1113364165327,1.6e-05,731.5100446295893,62.579062226779605,8.554778254407623,1.423525093369169,7.222392619937683e-32,True,6.462879289066363e-13,-6.306461010033098
rear,B,5500.0,31.405809395230605,15.0,0.7,849.1113364165327,6.4e-05,731.5100446295893,125.15812445355921,17.109556508815245,2.847050186738338,2.537610373187103e-09,True,6.462879289066363e-13,-6.306461010033098
rear,C,5500.0,31.405809395230605,15.0,0.7,849.1113364165327,0.000256,731.5100446295893,250.31624890711842,34.21911301763049,5.694100373476676,0.0017370412192134154,True,6.462879289066363e-13,-6.306461010033098
rear,D,5500.0,31.405809395230605,15.0,0.7,849.1113364165327,0.001024,731.5100446295893,500.63249781423684,68.43822603526098,11.388200746953352,0.07198416184214361,False,6.462879289066363e-13,-6.306461010033098
rear,E,5500.0,31.405809395230605,15.0,0.7,849.1113364165327,0.004096,731.5100446295893,1001.2649956284737,136.87645207052196,22.776401493906704,0.2325160767238088,False,6.462879289066363e-13,-6.306461010033098
rear,F,5500.0,31.405809395230605,15.0,0.7,849.1113364165327,0.016384,731.5100446295893,2002.5299912569474,273.7529041410439,45.55280298781341,0.3574463782912731,False,6.462879289066363e-13,-6.306461010033098
rear,G,5500.0,31.405809395230605,15.0,0.7,849.1113364165327,0.065536,731.5100446295893,4005.0599825138947,547.5058082820879,91.10560597562682,0.42753771219103265,False,6.462879289066363e-13,-6.306461010033098
rear,H,5500.0,31.405809395230605,15.0,0.7,849.1113364165327,0.262144,731.5100446295893,8010.1199650277895,1095.0116165641757,182.21121195125363,0.4636178792903964,False,6.462879289066363e-13,-6.306461010033098
rear,A,5750.0,32.833346185922906,15.0,0.7,868.1948728020427,1.6e-05,731.5100446295893,62.71486003822782,8.57334229360916,1.4077219492232573,9.726708645984986e-32,True,6.467012655766837e-13,-6.444716301770227
rear,B,5750.0,32.833346185922906,15.0,0.7,868.1948728020427,6.4e-05,731.5100446295893,125.42972007645564,17.14668458721832,2.8154438984465147,2.737833352305355e-09,True,6.467012655766837e-13,-6.444716301770227
rear,C,5750.0,32.833346185922906,15.0,0.7,868.1948728020427,0.000256,731.5100446295893,250.85944015291128,34.29336917443664,5.630887796893029,0.0017726637837438444,True,6.467012655766837e-13,-6.444716301770227
rear,D,5750.0,32.833346185922906,15.0,0.7,868.1948728020427,0.001024,731.5100446295893,501.71888030582255,68.58673834887328,11.261775593786059,0.0724191955064975,False,6.467012655766837e-13,-6.444716301770227
rear,E,5750.0,32.833346185922906,15.0,0.7,868.1948728020427,0.004096,731.5100446295893,1003.4377606116451,137.17347669774657,22.523551187572117,0.23299963728719886,False,6.467012655766837e-13,-6.444716301770227
rear,F,5750.0,32.833346185922906,15.0,0.7,868.1948728020427,0.016384,731.5100446295893,2006.8755212232902,274.34695339549313,45.047102375144235,0.35774160826532836,False,6.467012655766837e-13,-6.444716301770227
rear,G,5750.0,32.833346185922906,15.0,0.7,868.1948728020427,0.065536,731.5100446295893,4013.7510424465804,548.6939067909863,90.09420475028847,0.42769288490257695,False,6.467012655766837e-13,-6.444716301770227
rear,H,5750.0,32.833346185922906,15.0,0.7,868.1948728020427,0.262144,731.5100446295893,8027.502084893161,1097.3878135819725,180.18840950057694,0.46369644021351974,False,6.467012655766837e-13,-6.444716301770227
rear,A,6000.0,34.26088297661521,15.0,0.7,886.8678665327999,1.6e-05,731.5100446295893,62.86000634990084,8.5931843057235,1.3927458484862505,1.3342274411644872e-31,True,6.472426493747485e-13,-6.579603793453607
rear,B,6000.0,34.26088297661521,15.0,0.7,886.8678665327999,6.4e-05,731.5100446295893,125.72001269980169,17.186368611447,2.785491696972501,2.9677518895167414e-09,True,6.472426493747485e-13,-6.579603793453607
rear,C,6000.0,34.26088297661521,15.0,0.7,886.8678665327999,0.000256,731.5100446295893,251.44002539960337,34.372737222894,5.570983393945002,0.0018112972558800393,True,6.472426493747485e-13,-6.579603793453607
rear,D,6000.0,34.26088297661521,15.0,0.7,886.8678665327999,0.001024,731.5100446295893,502.88005079920674,68.745474445788,11.141966787890004,0.07288430826840653,False,6.472426493747485e-13,-6.579603793453607
rear,E,6000.0,34.26088297661521,15.0,0.7,886.8678665327999,0.004096,731.5100446295893,1005.7601015984135,137.490948891576,22.283933575780008,0.23351478954930638,False,6.472426493747485e-13,-6.579603793453607
rear,F,6000.0,34.26088297661521,15.0,0.7,886.8678665327999,0.016384,731.5100446295893,2011.520203196827,274.981897783152,44.567867151560016,0.35805584541712476,False,6.472426493747485e-13,-6.579603793453607
rear,G,6000.0,34.26088297661521,15.0,0.7,886.8678665327999,0.065536,731.5100446295893,4023.040406393654,549.963795566304,89.13573430312003,0.42785801092413106,False,6.472426493747485e-13,-6.579603793453607
rear,H,6000.0,34.26088297661521,15.0,0.7,886.8678665327999,0.262144,731.5100446295893,8046.080812787308,1099.927591132608,178.27146860624006,0.4637800356400192,False,6.472426493747485e-13,-6.579603793453607
rear,A,6250.0,35.68841976730751,15.0,0.7,905.1557259483725,1.6e-05,731.5100446295893,63.01330129611462,8.614140264884854,1.3785216459185279,1.8585580934444478e-31,True,6.478105309479278e-13,-6.711301817202877
rear,B,6250.0,35.68841976730751,15.0,0.7,905.1557259483725,6.4e-05,731.5100446295893,126.02660259222924,17.22828052976971,2.7570432918370558,3.229656449692922e-09,True,6.478105309479278e-13,-6.711301817202877
rear,C,6250.0,35.68841976730751,15.0,0.7,905.1557259483725,0.000256,731.5100446295893,252.05320518445848,34.45656105953942,5.5140865836741115,0.0018527305031832274,True,6.478105309479278e-13,-6.711301817202877
rear,D,6250.0,35.68841976730751,15.0,0.7,905.1557259483725,0.001024,731.5100446295893,504.10641036891695,68.91312211907884,11.028173167348223,0.0733756679034496,False,6.478105309479278e-13,-6.711301817202877
rear,E,6250.0,35.68841976730751,15.0,0.7,905.1557259483725,0.004096,731.5100446295893,1008.2128207378339,137.82624423815767,22.056346334696446,0.23405696637576484,False,6.478105309479278e-13,-6.711301817202877
rear,F,6250.0,35.68841976730751,15.0,0.7,905.1557259483725,0.016384,731.5100446295893,2016.4256414756678,275.65248847631534,44.11269266939289,0.35838625596810225,False,6.478105309479278e-13,-6.711301817202877
rear,G,6250.0,35.68841976730751,15.0,0.7,905.1557259483725,0.065536,731.5100446295893,4032.8512829513356,551.3049769526307,88.22538533878578,0.42803159490926934,False,6.478105309479278e-13,-6.711301817202877
rear,H,6250.0,35.68841976730751,15.0,0.7,905.1557259483725,0.262144,731.5100446295893,8065.702565902671,1102.6099539052614,176.45077067757157,0.46386790775816295,False,6.478105309479278e-13,-6.711301817202877
rear,A,6500.0,37.11595655799981,15.0,0.7,923.0813418901988,1.6e-05,731.5100446295893,63.17371425839441,8.636069281917152,1.364983684939445,2.6223525085845895e-31,True,6.483026013271027e-13,-6.8399695898019806
rear,B,6500.0,37.11595655799981,15.0,0.7,923.0813418901988,6.4e-05,731.5100446295893,126.34742851678882,17.272138563834304,2.72996736987889,3.5262209881213482e-09,True,6.483026013271027e-13,-6.8399695898019806
rear,C,6500.0,37.11595655799981,15.0,0.7,923.0813418901988,0.000256,731.5100446295893,252.69485703357765,34.54427712766861,5.45993473975778,0.0018967863370634842,True,6.483026013271027e-13,-6.8399695898019806
rear,D,6500.0,37.11595655799981,15.0,0.7,923.0813418901988,0.001024,731.5100446295893,505.3897140671553,69.08855425533721,10.91986947951556,0.07388997817699446,False,6.483026013271027e-13,-6.8399695898019806
rear,E,6500.0,37.11595655799981,15.0,0.7,923.0813418901988,0.004096,731.5100446295893,1010.7794281343106,138.17710851067443,21.83973895903112,0.23462224114007524,False,6.483026013271027e-13,-6.8399695898019806
rear,F,6500.0,37.11595655799981,15.0,0.7,923.0813418901988,0.016384,731.5100446295893,2021.5588562686212,276.35421702134886,43.67947791806224,0.3587304043968266,False,6.483026013271027e-13,-6.8399695898019806
rear,G,6500.0,37.11595655799981,15.0,0.7,923.0813418901988,0.065536,731.5100446295893,4043.1177125372424,552.7084340426977,87.35895583612448,0.4282123517942016,False,6.483026013271027e-13,-6.8399695898019806
rear,H,6500.0,37.11595655799981,15.0,0.7,923.0813418901988,0.262144,731.5100446295893,8086.235425074485,1105.4168680853954,174.71791167224896,0.4639594053399739,False,6.483026013271027e-13,-6.8399695898019806
rear,A,6750.0,38.54349334869211,15.0,0.7,940.6654236626831,1.6e-05,731.5100446295893,63.34035578245107,8.658849765285776,1.3520742886260015,3.7395189039319815e-31,True,6.490649157747515e-13,-6.965749720544322
rear,B,6750.0,38.54349334869211,15.0,0.7,940.6654236626831,6.4e-05,731.5100446295893,126.68071156490214,17.317699530571552,2.704148577252003,3.860494126295198e-09,True,6.490649157747515e-13,-6.965749720544322
rear,C,6750.0,38.54349334869211,15.0,0.7,940.6654236626831,0.000256,731.5100446295893,253.36142312980428,34.635399061143104,5.408297154504006,0.0019433148390764136,True,6.490649157747515e-13,-6.965749720544322
rear,D,6750.0,38.54349334869211,15.0,0.7,940.6654236626831,0.001024,731.5100446295893,506.72284625960856,69.27079812228621,10.816594309008012,0.07442438948915733,False,6.490649157747515e-13,-6.965749720544322
rear,E,6750.0,38.54349334869211,15.0,0.7,940.6654236626831,0.004096,731.5100446295893,1013.4456925192171,138.54159624457242,21.633188618016025,0.23520722492859697,False,6.490649157747515e-13,-6.965749720544322
rear,F,6750.0,38.54349334869211,15.0,0.7,940.6654236626831,0.016384,731.5100446295893,2026.8913850384342,277.08319248914484,43.26637723603205,0.3590861900877016,False,6.490649157747515e-13,-6.965749720544322
rear,G,6750.0,38.54349334869211,15.0,0.7,940.6654236626831,0.065536,731.5100446295893,4053.7827700768685,554.1663849782897,86.5327544720641,0.4283991734205418,False,6.490649157747515e-13,-6.965749720544322
rear,H,6750.0,38.54349334869211,15.0,0.7,940.6654236626831,0.262144,731.5100446295893,8107.565540153737,1108.3327699565793,173.0655089441282,0.4640539668328153,False,6.490649157747515e-13,-6.965749720544322
rear,A,7000.0,39.9710301393844,15.0,0.7,957.9267794582111,1.6e-05,731.5100446295893,63.51245489531016,8.682376320269205,1.3397425365569915,5.37925903072011e-31,True,6.496555161283146e-13,-7.0887703042706764
rear,B,7000.0,39.9710301393844,15.0,0.7,957.9267794582111,6.4e-05,731.5100446295893,127.02490979062031,17.36475264053841,2.679485073113983,4.235898760268012e-09,True,6.496555161283146e-13,-7.0887703042706764
rear,C,7000.0,39.9710301393844,15.0,0.7,957.9267794582111,0.000256,731.5100446295893,254.04981958124063,34.72950528107682,5.358970146227966,0.0019921881756693144,True,6.496555161283146e-13,-7.0887703042706764
rear,D,7000.0,39.9710301393844,15.0,0.7,957.9267794582111,0.001024,731.5100446295893,508.09963916248125,69.45901056215364,10.717940292455932,0.07497642685746657,False,6.496555161283146e-13,-7.0887703042706764
rear,E,7000.0,39.9710301393844,15.0,0.7,957.9267794582111,0.004096,731.5100446295893,1016.1992783249625,138.91802112430727,21.435880584911864,0.23580898271771844,False,6.496555161283146e-13,-7.0887703042706764
rear,F,7000.0,39.9710301393844,15.0,0.7,957.9267794582111,0.016384,731.5100446295893,2032.398556649925,277.83604224861455,42.87176116982373,0.3594517955164439,False,6.496555161283146e-13,-7.0887703042706764
rear,G,7000.0,39.9710301393844,15.0,0.7,957.9267794582111,0.065536,731.5100446295893,4064.79711329985,555.6720844972291,85.74352233964746,0.4285911012156925,False,6.496555161283146e-13,-7.0887703042706764
rear,H,7000.0,39.9710301393844,15.0,0.7,957.9267794582111,0.262144,731.5100446295893,8129.5942265997,1111.3441689944582,171.4870446792949,0.4641511065170581,False,6.496555161283146e-13,-7.0887703042706764
rear,A,7250.0,41.398566930076704,15.0,0.7,974.8825520706918,1.6e-05,731.5100446295893,63.68934064407957,8.706557225243516,1.3279432652734957,7.7928331523604585e-31,True,6.501940547872207e-13,-7.2091466805929265
rear,B,7250.0,41.398566930076704,15.0,0.7,974.8825520706918,6.4e-05,731.5100446295893,127.37868128815914,17.413114450487033,2.6558865305469914,4.656237830685452e-09,True,6.501940547872207e-13,-7.2091466805929265
rear,C,7250.0,41.398566930076704,15.0,0.7,974.8825520706918,0.000256,731.5100446295893,254.7573625763183,34.826228900974066,5.311773061093983,0.00204329653153327,True,6.501940547872207e-13,-7.2091466805929265
rear,D,7250.0,41.398566930076704,15.0,0.7,974.8825520706918,0.001024,731.5100446295893,509.5147251526366,69.65245780194813,10.623546122187966,0.07554393142101842,False,6.501940547872207e-13,-7.2091466805929265
rear,E,7250.0,41.398566930076704,15.0,0.7,974.8825520706918,0.004096,731.5100446295893,1019.0294503052731,139.30491560389626,21.24709224437593,0.2364249645529507,False,6.501940547872207e-13,-7.2091466805929265
rear,F,7250.0,41.398566930076704,15.0,0.7,974.8825520706918,0.016384,731.5100446295893,2038.0589006105463,278.6098312077925,42.49418448875186,0.35982564359299807,False,6.501940547872207e-13,-7.2091466805929265
rear,G,7250.0,41.398566930076704,15.0,0.7,974.8825520706918,0.065536,731.5100446295893,4076.1178012210926,557.219662415585,84.98836897750373,0.4287873036862484,False,6.501940547872207e-13,-7.2091466805929265
rear,H,7250.0,41.398566930076704,15.0,0.7,974.8825520706918,0.262144,731.5100446295893,8152.235602442185,1114.43932483117,169.97673795500745,0.4642504031004728,False,6.501940547872207e-13,-7.2091466805929265
rear,A,7500.0,42.826103720769005,15.0,0.7,991.5484183137755,1.6e-05,731.5100446295893,63.8704269644307,8.73131236315045,1.3166362453149358,1.1353093351626463e-30,True,6.509093088179268e-13,-7.326982922290583
rear,B,7500.0,42.826103720769005,15.0,0.7,991.5484183137755,6.4e-05,731.5100446295893,127.7408539288614,17.4626247263009,2.6332724906298717,5.12570471546139e-09,True,6.509093088179268e-13,-7.326982922290583
rear,C,7500.0,42.826103720769005,15.0,0.7,991.5484183137755,0.000256,731.5100446295893,255.4817078577228,34.9252494526018,5.266544981259743,0.0020965448925391,True,6.509093088179268e-13,-7.326982922290583
rear,D,7500.0,42.826103720769005,15.0,0.7,991.5484183137755,0.001024,731.5100446295893,510.9634157154456,69.8504989052036,10.533089962519487,0.07612501258386185,False,6.509093088179268e-13,-7.326982922290583
rear,E,7500.0,42.826103720769005,15.0,0.7,991.5484183137755,0.004096,731.5100446295893,1021.9268314308912,139.7009978104072,21.066179925038973,0.2370529486870553,False,6.509093088179268e-13,-7.326982922290583
rear,F,7500.0,42.826103720769005,15.0,0.7,991.5484183137755,0.016384,731.5100446295893,2043.8536628617824,279.4019956208144,42.13235985007795,0.36020636233058456,False,6.509093088179268e-13,-7.326982922290583
rear,G,7500.0,42.826103720769005,15.0,0.7,991.5484183137755,0.065536,731.5100446295893,4087.7073257235647,558.8039912416288,84.2647197001559,0.4289870577654275,False,6.509093088179268e-13,-7.326982922290583
rear,H,7500.0,42.826103720769005,15.0,0.7,991.5484183137755,0.262144,731.5100446295893,8175.4146514471295,1117.6079824832575,168.5294394003118,0.4643514902642786,False,6.509093088179268e-13,-7.326982922290583
rear,A,7750.0,44.253640511461306,15.0,0.7,1007.9387587493771,1.6e-05,731.5100446295893,64.05520019696009,8.756571514940081,1.305785498896813,1.661271679854466e-30,True,6.513611590556416e-13,-7.442373102333006
rear,B,7750.0,44.253640511461306,15.0,0.7,1007.9387587493771,6.4e-05,731.5100446295893,128.11040039392017,17.513143029880162,2.611570997793626,5.648897183366764e-09,True,6.513611590556416e-13,-7.442373102333006
rear,C,7750.0,44.253640511461306,15.0,0.7,1007.9387587493771,0.000256,731.5100446295893,256.22080078784035,35.026286059760324,5.223141995587252,0.002151850480288503,True,6.513611590556416e-13,-7.442373102333006
rear,D,7750.0,44.253640511461306,15.0,0.7,1007.9387587493771,0.001024,731.5100446295893,512.4416015756807,70.05257211952065,10.446283991174504,0.07671800859903702,False,6.513611590556416e-13,-7.442373102333006
rear,E,7750.0,44.253640511461306,15.0,0.7,1007.9387587493771,0.004096,731.5100446295893,1024.8832031513614,140.1051442390413,20.892567982349007,0.23769099432328594,False,6.513611590556416e-13,-7.442373102333006
rear,F,7750.0,44.253640511461306,15.0,0.7,1007.9387587493771,0.016384,731.5100446295893,2049.7664063027228,280.2102884780826,41.785135964698014,0.3605927554184801,False,6.513611590556416e-13,-7.442373102333006
rear,G,7750.0,44.253640511461306,15.0,0.7,1007.9387587493771,0.065536,731.5100446295893,4099.5328126054455,560.4205769561652,83.57027192939603,0.429189733268886,False,6.513611590556416e-13,-7.442373102333006
rear,H,7750.0,44.253640511461306,15.0,0.7,1007.9387587493771,0.262144,731.5100446295893,8199.065625210891,1120.8411539123304,167.14054385879206,0.46445404878359475,False,6.513611590556416e-13,-7.442373102333006
rear,A,8000.0,45.68117730215361,15.0,0.7,1024.066802956682,1.6e-05,731.5100446295893,64.24320872533362,8.782272943068621,1.2953587305127736,2.4389731051948086e-30,True,6.523305947295378e-13,-7.555402378697911
rear,B,8000.0,45.68117730215361,15.0,0.7,1024.066802956682,6.4e-05,731.5100446295893,128.48641745066723,17.564545886137243,2.5907174610255472,6.230834163291884e-09,True,6.523305947295378e-13,-7.555402378697911
rear,C,8000.0,45.68117730215361,15.0,0.7,1024.066802956682,0.000256,731.5100446295893,256.97283490133447,35.129091772274485,5.1814349220510945,0.002209140691018097,True,6.523305947295378e-13,-7.555402378697911
rear,D,8000.0,45.68117730215361,15.0,0.7,1024.066802956682,0.001024,731.5100446295893,513.9456698026689,70.25818354454897,10.362869844102189,0.07732145390066804,False,6.523305947295378e-13,-7.555402378697911
rear,E,8000.0,45.68117730215361,15.0,0.7,1024.066802956682,0.004096,731.5100446295893,1027.8913396053379,140.51636708909794,20.725739688204378,0.2383374021270283,False,6.523305947295378e-13,-7.555402378697911
rear,F,8000.0,45.68117730215361,15.0,0.7,1024.066802956682,0.016384,731.5100446295893,2055.7826792106757,281.0327341781959,41.451479376408756,0.36098377758439193,False,6.523305947295378e-13,-7.555402378697911
rear,G,8000.0,45.68117730215361,15.0,0.7,1024.066802956682,0.065536,731.5100446295893,4111.565358421351,562.0654683563918,82.90295875281751,0.4293947798742904,False,6.523305947295378e-13,-7.555402378697911
rear,H,8000.0,45.68117730215361,15.0,0.7,1024.066802956682,0.262144,731.5100446295893,8223.130716842703,1124.1309367127835,165.80591750563502,0.4645577999264313,False,6.523305947295378e-13,-7.555402378697911
rear,A,8250.0,47.10871409284591,15.0,0.7,1039.9447545166065,1.6e-05,731.5100446295893,64.43405432675449,8.808362209076925,1.285326848887372,3.589272551441411e-30,True,6.526039613934808e-13,-7.666147928270773
rear,B,8250.0,47.10871409284591,15.0,0.7,1039.9447545166065,6.4e-05,731.5100446295893,128.86810865350898,17.61672441815385,2.570653697774744,6.876974797004206e-09,True,6.526039613934808e-13,-7.666147928270773
rear,C,8250.0,47.10871409284591,15.0,0.7,1039.9447545166065,0.000256,731.5100446295893,257.73621730701797,35.2334488363077,5.141307395549488,0.0022683514282058844,True,6.526039613934808e-13,-7.666147928270773
rear,D,8250.0,47.10871409284591,15.0,0.7,1039.9447545166065,0.001024,731.5100446295893,515.4724346140359,70.4668976726154,10.282614791098975,0.07793405186979128,False,6.526039613934808e-13,-7.666147928270773
rear,E,8250.0,47.10871409284591,15.0,0.7,1039.9447545166065,0.004096,731.5100446295893,1030.9448692280719,140.9337953452308,20.56522958219795,0.23899068106117505,False,6.526039613934808e-13,-7.666147928270773
rear,F,8250.0,47.10871409284591,15.0,0.7,1039.9447545166065,0.016384,731.5100446295893,2061.8897384561437,281.8675906904616,41.1304591643959,0.3613785138669072,False,6.526039613934808e-13,-7.666147928270773
rear,G,8250.0,47.10871409284591,15.0,0.7,1039.9447545166065,0.065536,731.5100446295893,4123.7794769122875,563.7351813809232,82.2609183287918,0.42960171616269743,False,6.526039613934808e-13,-7.666147928270773
rear,H,8250.0,47.10871409284591,15.0,0.7,1039.9447545166065,0.262144,731.5100446295893,8247.558953824575,1127.4703627618464,164.5218366575836,0.4646624998973843,False,6.526039613934808e-13,-7.666147928270773
rear,A,8500.0,48.53625088353821,15.0,0.7,1055.583899069747,1.6e-05,731.5100446295893,64.62738491349808,8.834791181332731,1.275663563345809,5.290355179605452e-30,True,6.535102769531872e-13,-7.774679755004252
rear,B,8500.0,48.53625088353821,15.0,0.7,1055.583899069747,6.4e-05,731.5100446295893,129.25476982699615,17.669582362665462,2.551327126691618,7.593239388636203e-09,True,6.535102769531872e-13,-7.774679755004252
rear,C,8500.0,48.53625088353821,15.0,0.7,1055.583899069747,0.000256,731.5100446295893,258.5095396539923,35.339164725330924,5.102654253383236,0.0023294257449540884,True,6.535102769531872e-13,-7.774679755004252
rear,D,8500.0,48.53625088353821,15.0,0.7,1055.583899069747,0.001024,731.5100446295893,517.0190793079846,70.67832945066185,10.205308506766473,0.07855465200510299,False,6.535102769531872e-13,-7.774679755004252
rear,E,8500.0,48.53625088353821,15.0,0.7,1055.583899069747,0.004096,731.5100446295893,1034.0381586159692,141.3566589013237,20.410617013532946,0.23964952040042736,False,6.535102769531872e-13,-7.774679755004252
rear,F,8500.0,48.53625088353821,15.0,0.7,1055.583899069747,0.016384,731.5100446295893,2068.0763172319384,282.7133178026474,40.82123402706589,0.36177616209864655,False,6.535102769531872e-13,-7.774679755004252
rear,G,8500.0,48.53625088353821,15.0,0.7,1055.583899069747,0.065536,731.5100446295893,4136.152634463877,565.4266356052948,81.64246805413178,0.42981012035408694,False,6.535102769531872e-13,-7.774679755004252
rear,H,8500.0,48.53625088353821,15.0,0.7,1055.583899069747,0.262144,731.5100446295893,8272.305268927754,1130.8532712105896,163.28493610826357,0.4647679351398907,False,6.535102769531872e-13,-7.774679755004252
rear,A,8750.0,49.96378767423051,15.0,0.7,1070.9946981680046,1.6e-05,731.5100446295893,64.82288841155352,8.861517198219408,1.2663450412038566,7.804297409887777e-30,True,6.539507981549947e-13,-7.881061392750961
rear,B,8750.0,49.96378767423051,15.0,0.7,1070.9946981680046,6.4e-05,731.5100446295893,129.64577682310704,17.723034396438816,2.532690082407713,8.386031964621626e-09,True,6.539507981549947e-13,-7.881061392750961
rear,C,8750.0,49.96378767423051,15.0,0.7,1070.9946981680046,0.000256,731.5100446295893,259.2915536462141,35.44606879287763,5.065380164815426,0.002392312731929822,True,6.539507981549947e-13,-7.881061392750961
rear,D,8750.0,49.96378767423051,15.0,0.7,1070.9946981680046,0.001024,731.5100446295893,518.5831072924282,70.89213758575526,10.130760329630853,0.07918223068720359,False,6.539507981549947e-13,-7.881061392750961
rear,E,8750.0,49.96378767423051,15.0,0.7,1070.9946981680046,0.004096,731.5100446295893,1037.1662145848563,141.78427517151053,20.261520659261706,0.24031276601099827,False,6.539507981549947e-13,-7.881061392750961
rear,F,8750.0,49.96378767423051,15.0,0.7,1070.9946981680046,0.016384,731.5100446295893,2074.3324291697127,283.56855034302106,40.52304131852341,0.3621760180402229,False,6.539507981549947e-13,-7.881061392750961
rear,G,8750.0,49.96378767423051,15.0,0.7,1070.9946981680046,0.065536,731.5100446295893,4148.664858339425,567.1371006860421,81.04608263704682,0.4300196224424657,False,6.539507981549947e-13,-7.881061392750961
rear,H,8750.0,49.96378767423051,15.0,0.7,1070.9946981680046,0.262144,731.5100446295893,8297.32971667885,1134.2742013720842,162.09216527409365,0.4648739183478632,False,6.539507981549947e-13,-7.881061392750961
rear,A,9000.0,51.39132446492281,15.0,0.7,1086.1868711380469,1.6e-05,731.5100446295893,65.02028757419245,8.888502359132527,1.2573496155008839,1.1515552372025015e-29,True,6.545881517897702e-13,-7.985350519432455
rear,B,9000.0,51.39132446492281,15.0,0.7,1086.1868711380469,6.4e-05,731.5100446295893,130.0405751483849,17.777004718265054,2.5146992310017677,9.26226422801575e-09,True,6.545881517897702e-13,-7.985350519432455
rear,C,9000.0,51.39132446492281,15.0,0.7,1086.1868711380469,0.000256,731.5100446295893,260.0811502967698,35.55400943653011,5.0293984620035355,0.002456966601317849,True,6.545881517897702e-13,-7.985350519432455
rear,D,9000.0,51.39132446492281,15.0,0.7,1086.1868711380469,0.001024,731.5100446295893,520.1623005935396,71.10801887306022,10.058796924007071,0.07981587489183711,False,6.545881517897702e-13,-7.985350519432455
rear,E,9000.0,51.39132446492281,15.0,0.7,1086.1868711380469,0.004096,731.5100446295893,1040.3246011870792,142.21603774612043,20.117593848014142,0.240979400161984,False,6.545881517897702e-13,-7.985350519432455
rear,F,9000.0,51.39132446492281,15.0,0.7,1086.1868711380469,0.016384,731.5100446295893,2080.6492023741584,284.43207549224087,40.235187696028284,0.3625774627139196,False,6.545881517897702e-13,-7.985350519432455
rear,G,9000.0,51.39132446492281,15.0,0.7,1086.1868711380469,0.065536,731.5100446295893,4161.298404748317,568.8641509844817,80.47037539205657,0.4302298974930252,False,6.545881517897702e-13,-7.985350519432455
rear,H,9000.0,51.39132446492281,15.0,0.7,1086.1868711380469,0.262144,731.5100446295893,8322.596809496634,1137.7283019689635,160.94075078411313,0.4649802850663997,False,6.545881517897702e-13,-7.985350519432455
rear,A,9250.0,52.81886125561511,15.0,0.7,1101.1694667767288,1.6e-05,731.5100446295893,65.21933556843801,8.915712921134633,1.24865753450739,1.6986495065590235e-29,True,6.554229755755758e-13,-8.087599496233947
rear,B,9250.0,52.81886125561511,15.0,0.7,1101.1694667767288,6.4e-05,731.5100446295893,130.43867113687602,17.831425842269265,2.49731506901478,1.0229380740682371e-08,True,6.554229755755758e-13,-8.087599496233947
rear,C,9250.0,52.81886125561511,15.0,0.7,1101.1694667767288,0.000256,731.5100446295893,260.87734227375205,35.66285168453853,4.99463013802956,0.0025233459282618,True,6.554229755755758e-13,-8.087599496233947
rear,D,9250.0,52.81886125561511,15.0,0.7,1101.1694667767288,0.001024,731.5100446295893,521.7546845475041,71.32570336907706,9.98926027605912,0.08045476833678061,False,6.554229755755758e-13,-8.087599496233947
rear,E,9250.0,52.81886125561511,15.0,0.7,1101.1694667767288,0.004096,731.5100446295893,1043.5093690950082,142.65140673815412,19.97852055211824,0.24164852427545475,False,6.554229755755758e-13,-8.087599496233947
rear,F,9250.0,52.81886125561511,15.0,0.7,1101.1694667767288,0.016384,731.5100446295893,2087.0187381900164,285.30281347630824,39.95704110423648,0.36297995157150165,False,6.554229755755758e-13,-8.087599496233947
rear,G,9250.0,52.81886125561511,15.0,0.7,1101.1694667767288,0.065536,731.5100446295893,4174.037476380033,570.6056269526165,79.91408220847296,0.4304406599087125,False,6.554229755755758e-13,-8.087599496233947
rear,H,9250.0,52.81886125561511,15.0,0.7,1101.1694667767288,0.262144,731.5100446295893,8348.074952760066,1141.211253905233,159.82816441694592,0.4650868907839757,False,6.554229755755758e-13,-8.087599496233947
rear,A,9500.0,54.24639804630741,15.0,0.7,1115.9509263807392,1.6e-05,731.5100446295893,65.41981220377781,8.94311878340701,1.2402507460856047,2.5037279947839493e-29,True,6.560211623082545e-13,-8.187855843140937
rear,B,9500.0,54.24639804630741,15.0,0.7,1115.9509263807392,6.4e-05,731.5100446295893,130.83962440755562,17.88623756681402,2.4805014921712094,1.1295385202111779e-08,True,6.560211623082545e-13,-8.187855843140937
rear,C,9500.0,54.24639804630741,15.0,0.7,1115.9509263807392,0.000256,731.5100446295893,261.67924881511124,35.77247513362804,4.961002984342419,0.002591413019621535,True,6.560211623082545e-13,-8.187855843140937
rear,D,9500.0,54.24639804630741,15.0,0.7,1115.9509263807392,0.001024,731.5100446295893,523.3584976302225,71.54495026725608,9.922005968684838,0.08109817964772503,False,6.560211623082545e-13,-8.187855843140937
rear,E,9500.0,54.24639804630741,15.0,0.7,1115.9509263807392,0.004096,731.5100446295893,1046.716995260445,143.08990053451217,19.844011937369675,0.24231934413334028,False,6.560211623082545e-13,-8.187855843140937
rear,F,9500.0,54.24639804630741,15.0,0.7,1115.9509263807392,0.016384,731.5100446295893,2093.43399052089,286.17980106902434,39.68802387473935,0.36338300519821864,False,6.560211623082545e-13,-8.187855843140937
rear,G,9500.0,54.24639804630741,15.0,0.7,1115.9509263807392,0.065536,731.5100446295893,4186.86798104178,572.3596021380487,79.3760477494787,0.4306516585091122,False,6.560211623082545e-13,-8.187855843140937
rear,H,9500.0,54.24639804630741,15.0,0.7,1115.9509263807392,0.262144,731.5100446295893,8373.73596208356,1144.7192042760973,158.7520954989574,0.4651936084365166,False,6.560211623082545e-13,-8.187855843140937
rear,A,9750.0,55.673934836999706,15.0,0.7,1130.539139357287,1.6e-05,731.5100446295893,65.62152069714088,8.970693045010652,1.2321127112778496,3.686020007213317e-29,True,6.568199257394777e-13,-8.286162660225985
rear,B,9750.0,55.673934836999706,15.0,0.7,1130.539139357287,6.4e-05,731.5100446295893,131.24304139428176,17.941386090021304,2.464225422555699,1.2468867718934439e-08,True,6.568199257394777e-13,-8.286162660225985
rear,C,9750.0,55.673934836999706,15.0,0.7,1130.539139357287,0.000256,731.5100446295893,262.4860827885635,35.88277218004261,4.928450845111398,0.00266113338625144,True,6.568199257394777e-13,-8.286162660225985
rear,D,9750.0,55.673934836999706,15.0,0.7,1130.539139357287,0.001024,731.5100446295893,524.972165577127,71.76554436008522,9.856901690222797,0.08174545220751994,False,6.568199257394777e-13,-8.286162660225985
rear,E,9750.0,55.673934836999706,15.0,0.7,1130.539139357287,0.004096,731.5100446295893,1049.944331154254,143.53108872017043,19.713803380445594,0.24299115714728636,False,6.568199257394777e-13,-8.286162660225985
rear,F,9750.0,55.673934836999706,15.0,0.7,1130.539139357287,0.016384,731.5100446295893,2099.888662308508,287.06217744034086,39.42760676089119,0.3637862013089094,False,6.568199257394777e-13,-8.286162660225985
rear,G,9750.0,55.673934836999706,15.0,0.7,1130.539139357287,0.065536,731.5100446295893,4199.777324617016,574.1243548806817,78.85521352178237,0.43086267229284875,False,6.568199257394777e-13,-8.286162660225985
rear,H,9750.0,55.673934836999706,15.0,0.7,1130.539139357287,0.262144,731.5100446295893,8399.554649234033,1148.2487097613634,157.71042704356475,0.4653003262580821,False,6.568199257394777e-13,-8.286162660225985
rear,A,10000.0,57.10147162769201,15.0,0.7,1144.941492456012,1.6e-05,731.5100446295893,65.82428488769844,8.998411624139695,1.2242282425241962,5.418279747630594e-29,True,6.573873560740649e-13,-8.382559002551453
rear,B,10000.0,57.10147162769201,15.0,0.7,1144.941492456012,6.4e-05,731.5100446295893,131.64856977539688,17.99682324827939,2.4484564850483923,1.3759032977457545e-08,True,6.573873560740649e-13,-8.382559002551453
rear,C,10000.0,57.10147162769201,15.0,0.7,1144.941492456012,0.000256,731.5100446295893,263.29713955079376,35.99364649655878,4.896912970096785,0.002732475299911412,True,6.573873560740649e-13,-8.382559002551453
rear,D,10000.0,57.10147162769201,15.0,0.7,1144.941492456012,0.001024,731.5100446295893,526.5942791015875,71.98729299311756,9.79382594019357,0.08239599541558973,False,6.573873560740649e-13,-8.382559002551453
rear,E,10000.0,57.10147162769201,15.0,0.7,1144.941492456012,0.004096,731.5100446295893,1053.188558203175,143.97458598623513,19.58765188038714,0.2436633413680101,False,6.573873560740649e-13,-8.382559002551453
rear,F,10000.0,57.10147162769201,15.0,0.7,1144.941492456012,0.016384,731.5100446295893,2106.37711640635,287.94917197247025,39.17530376077428,0.36418916783524524,False,6.573873560740649e-13,-8.382559002551453
rear,G,10000.0,57.10147162769201,15.0,0.7,1144.941492456012,0.065536,731.5100446295893,4212.7542328127,575.8983439449405,78.35060752154855,0.43107350677741046,False,6.573873560740649e-13,-8.382559002551453
rear,H,10000.0,57.10147162769201,15.0,0.7,1144.941492456012,0.262144,731.5100446295893,8425.5084656254,1151.796687889881,156.7012150430971,0.46540694592438814,False,6.573873560740649e-13,-8.382559002551453
rear,A,10250.0,58.52900841838431,15.0,0.7,1159.1649134942297,1.6e-05,731.5100446295893,66.02794683061686,9.026252929178993,1.2165833627297344,7.949956317769685e-29,True,6.577271306203904e-13,-8.47708021529895
rear,B,10250.0,58.52900841838431,15.0,0.7,1159.1649134942297,6.4e-05,731.5100446295893,132.0558936612337,18.052505858357986,2.433166725459469,1.517572924481062e-08,True,6.577271306203904e-13,-8.47708021529895
rear,C,10250.0,58.52900841838431,15.0,0.7,1159.1649134942297,0.000256,731.5100446295893,264.1117873224674,36.10501171671597,4.866333450918938,0.0028054094197252784,True,6.577271306203904e-13,-8.47708021529895
rear,D,10250.0,58.52900841838431,15.0,0.7,1159.1649134942297,0.001024,731.5100446295893,528.2235746449348,72.21002343343194,9.732666901837876,0.08304927713397203,False,6.577271306203904e-13,-8.47708021529895
rear,E,10250.0,58.52900841838431,15.0,0.7,1159.1649134942297,0.004096,731.5100446295893,1056.4471492898697,144.42004686686388,19.46533380367575,0.2443353459671871,False,6.577271306203904e-13,-8.47708021529895
rear,F,10250.0,58.52900841838431,15.0,0.7,1159.1649134942297,0.016384,731.5100446295893,2112.8942985797394,288.84009373372777,38.9306676073515,0.3645915769378877,False,6.577271306203904e-13,-8.47708021529895
rear,G,10250.0,58.52900841838431,15.0,0.7,1159.1649134942297,0.065536,731.5100446295893,4225.788597159479,577.6801874674555,77.861335214703,0.43128399082858965,False,6.577271306203904e-13,-8.47708021529895
rear,H,10250.0,58.52900841838431,15.0,0.7,1159.1649134942297,0.262144,731.5100446295893,8451.577194318957,1155.360374934911,155.722670429406,0.465513380944654,False,6.577271306203904e-13,-8.47708021529895
rear,A,10500.0,59.95654520907661,15.0,0.7,1173.2159103101058,1.6e-05,731.5100446295893,66.23236471136674,9.054197573582801,1.2091651820585876,1.1639972084223856e-28,True,6.584864259492475e-13,-8.569758234709123
rear,B,10500.0,59.95654520907661,15.0,0.7,1173.2159103101058,6.4e-05,731.5100446295893,132.46472942273348,18.108395147165602,2.418330364117175,1.672947813393785e-08,True,6.584864259492475e-13,-8.569758234709123
rear,C,10500.0,59.95654520907661,15.0,0.7,1173.2159103101058,0.000256,731.5100446295893,264.92945884546697,36.216790294331204,4.83666072823435,0.002879908476067854,True,6.584864259492475e-13,-8.569758234709123
rear,D,10500.0,59.95654520907661,15.0,0.7,1173.2159103101058,0.001024,731.5100446295893,529.8589176909339,72.43358058866241,9.6733214564687,0.08370481713612343,False,6.584864259492475e-13,-8.569758234709123
rear,E,10500.0,59.95654520907661,15.0,0.7,1173.2159103101058,0.004096,731.5100446295893,1059.7178353818679,144.86716117732482,19.3466429129374,0.24500668297052258,False,6.584864259492475e-13,-8.569758234709123
rear,F,10500.0,59.95654520907661,15.0,0.7,1173.2159103101058,0.016384,731.5100446295893,2119.4356707637357,289.73432235464963,38.6932858258748,0.36499313980545817,False,6.584864259492475e-13,-8.569758234709123
rear,G,10500.0,59.95654520907661,15.0,0.7,1173.2159103101058,0.065536,731.5100446295893,4238.8713415274715,579.4686447092993,77.3865716517496,0.43149397390654964,False,6.584864259492475e-13,-8.569758234709123
rear,H,10500.0,59.95654520907661,15.0,0.7,1173.2159103101058,0.262144,731.5100446295893,8477.742683054943,1158.9372894185985,154.7731433034992,0.46561955526477217,False,6.584864259492475e-13,-8.569758234709123
rear,A,10750.0,61.38408199976891,15.0,0.7,1187.1006055652804,1.6e-05,731.5100446295893,66.43741103224653,9.082228127966182,1.2019617898617863,1.7002902661639328e-28,True,6.592348129127811e-13,-8.660621859570533
rear,B,10750.0,61.38408199976891,15.0,0.7,1187.1006055652804,6.4e-05,731.5100446295893,132.87482206449306,18.164456255932365,2.4039235797235725,1.843150507473791e-08,True,6.592348129127811e-13,-8.660621859570533
rear,C,10750.0,61.38408199976891,15.0,0.7,1187.1006055652804,0.000256,731.5100446295893,265.7496441289861,36.32891251186473,4.807847159447145,0.002955947002091625,True,6.592348129127811e-13,-8.660621859570533
rear,D,10750.0,61.38408199976891,15.0,0.7,1187.1006055652804,0.001024,731.5100446295893,531.4992882579722,72.65782502372946,9.61569431889429,0.0843621814065551,False,6.592348129127811e-13,-8.660621859570533
rear,E,10750.0,61.38408199976891,15.0,0.7,1187.1006055652804,0.004096,731.5100446295893,1062.9985765159445,145.31565004745892,19.23138863778858,0.24567692005769498,False,6.592348129127811e-13,-8.660621859570533
rear,F,10750.0,61.38408199976891,15.0,0.7,1187.1006055652804,0.016384,731.5100446295893,2125.997153031889,290.63130009491783,38.46277727557716,0.3653936021251073,False,6.592348129127811e-13,-8.660621859570533
rear,G,10750.0,61.38408199976891,15.0,0.7,1187.1006055652804,0.065536,731.5100446295893,4251.994306063778,581.2626001898357,76.92555455115432,0.4317033236675992,False,6.592348129127811e-13,-8.660621859570533
rear,H,10750.0,61.38408199976891,15.0,0.7,1187.1006055652804,0.262144,731.5100446295893,8503.988612127556,1162.5252003796713,153.85110910230864,0.4657254020509105,False,6.592348129127811e-13,-8.660621859570533
rear,A,11000.0,62.81161879046121,15.0,0.7,1200.8247679250042,1.6e-05,731.5100446295893,66.64297103092308,9.110328903913919,1.1949621595760676,2.477376843853301e-28,True,6.597602689176804e-13,-8.749696997297574
rear,B,11000.0,62.81161879046121,15.0,0.7,1200.8247679250042,6.4e-05,731.5100446295893,133.28594206184616,18.220657807827838,2.389924319152135,2.0293770438821822e-08,True,6.597602689176804e-13,-8.749696997297574
rear,C,11000.0,62.81161879046121,15.0,0.7,1200.8247679250042,0.000256,731.5100446295893,266.5718841236923,36.441315615655675,4.77984863830427,0.0030335011049441784,True,6.597602689176804e-13,-8.749696997297574
rear,D,11000.0,62.81161879046121,15.0,0.7,1200.8247679250042,0.001024,731.5100446295893,533.1437682473846,72.88263123131135,9.55969727660854,0.0850209771651722,False,6.597602689176804e-13,-8.749696997297574
rear,E,11000.0,62.81161879046121,15.0,0.7,1200.8247679250042,0.004096,731.5100446295893,1066.2875364947693,145.7652624626227,19.11939455321708,0.2463456742750637,False,6.597602689176804e-13,-8.749696997297574
rear,F,11000.0,62.81161879046121,15.0,0.7,1200.8247679250042,0.016384,731.5100446295893,2132.5750729895385,291.5305249252454,38.23878910643416,0.36579274012818064,False,6.597602689176804e-13,-8.749696997297574
rear,G,11000.0,62.81161879046121,15.0,0.7,1200.8247679250042,0.065536,731.5100446295893,4265.150145979077,583.0610498504908,76.47757821286832,0.43191192387062466,False,6.597602689176804e-13,-8.749696997297574
rear,H,11000.0,62.81161879046121,15.0,0.7,1200.8247679250042,0.262144,731.5100446295893,8530.300291958154,1166.1220997009816,152.95515642573665,0.4658308626276614,False,6.597602689176804e-13,-8.749696997297574
rear,A,11250.0,64.23915558115351,15.0,0.7,1214.3938400662387,1.6e-05,731.5100446295893,66.84894129742274,9.13848576491833,1.1881560647812843,3.5998561439269153e-28,True,6.604910226429402e-13,-8.837006888055456
rear,B,11250.0,64.23915558115351,15.0,0.7,1214.3938400662387,6.4e-05,731.5100446295893,133.69788259484548,18.27697152983666,2.3763121295625687,2.2329001269153687e-08,True,6.604910226429402e-13,-8.837006888055456
rear,C,11250.0,64.23915558115351,15.0,0.7,1214.3938400662387,0.000256,731.5100446295893,267.39576518969096,36.55394305967332,4.752624259125137,0.0031125482701896624,True,6.604910226429402e-13,-8.837006888055456
rear,D,11250.0,64.23915558115351,15.0,0.7,1214.3938400662387,0.001024,731.5100446295893,534.7915303793819,73.10788611934665,9.505248518250275,0.08568084851114799,False,6.604910226429402e-13,-8.837006888055456
rear,E,11250.0,64.23915558115351,15.0,0.7,1214.3938400662387,0.004096,731.5100446295893,1069.5830607587638,146.2157722386933,19.01049703650055,0.24701260653178547,False,6.604910226429402e-13,-8.837006888055456
rear,F,11250.0,64.23915558115351,15.0,0.7,1214.3938400662387,0.016384,731.5100446295893,2139.1661215175277,292.4315444773866,38.0209940730011,0.3661903571298493,False,6.604910226429402e-13,-8.837006888055456
rear,G,11250.0,64.23915558115351,15.0,0.7,1214.3938400662387,0.065536,731.5100446295893,4278.332243035055,584.8630889547732,76.0419881460022,0.4321196725452459,False,6.604910226429402e-13,-8.837006888055456
rear,H,11250.0,64.23915558115351,15.0,0.7,1214.3938400662387,0.262144,731.5100446295893,8556.66448607011,1169.7261779095463,152.0839762920044,0.4659358855489616,False,6.604910226429402e-13,-8.837006888055456
rear,A,11500.0,65.66669237184581,15.0,0.7,1227.812963899433,1.6e-05,731.5100446295893,67.05522856142997,9.166685960598716,1.1815340048914869,5.21602051286901e-28,True,6.612141612612935e-13,-8.922572309904748
rear,B,11500.0,65.66669237184581,15.0,0.7,1227.812963899433,6.4e-05,731.5100446295893,134.11045712285994,18.333371921197433,2.3630680097829737,2.4550723568631042e-08,True,6.612141612612935e-13,-8.922572309904748
rear,C,11500.0,65.66669237184581,15.0,0.7,1227.812963899433,0.000256,731.5100446295893,268.2209142457199,36.666743842394865,4.726136019565947,0.0031930671941158705,True,6.612141612612935e-13,-8.922572309904748
rear,D,11500.0,65.66669237184581,15.0,0.7,1227.812963899433,0.001024,731.5100446295893,536.4418284914398,73.33348768478973,9.452272039131895,0.08634147259829045,False,6.612141612612935e-13,-8.922572309904748
rear,E,11500.0,65.66669237184581,15.0,0.7,1227.812963899433,0.004096,731.5100446295893,1072.8836569828795,146.66697536957946,18.90454407826379,0.2476774167703582,False,6.612141612612935e-13,-8.922572309904748
rear,F,11500.0,65.66669237184581,15.0,0.7,1227.812963899433,0.016384,731.5100446295893,2145.767313965759,293.3339507391589,37.80908815652758,0.36658628049425096,False,6.612141612612935e-13,-8.922572309904748
rear,G,11500.0,65.66669237184581,15.0,0.7,1227.812963899433,0.065536,731.5100446295893,4291.534627931518,586.6679014783178,75.61817631305516,0.43232648038545624,False,6.612141612612935e-13,-8.922572309904748
rear,H,11500.0,65.66669237184581,15.0,0.7,1227.812963899433,0.262144,731.5100446295893,8583.069255863036,1173.3358029566357,151.23635262611032,0.4660404257834049,False,6.612141612612935e-13,-8.922572309904748
rear,A,11750.0,67.09422916253811,15.0,0.7,1241.0870033354613,1.6e-05,731.5100446295893,67.26174862620799,9.194917980964561,1.1750871391913253,7.535309054862522e-28,True,6.617192962876725e-13,-9.00641176752899
rear,B,11750.0,67.09422916253811,15.0,0.7,1241.0870033354613,6.4e-05,731.5100446295893,134.52349725241598,18.389835961929123,2.3501742783826507,2.6973295103710556e-08,True,6.617192962876725e-13,-9.00641176752899
rear,C,11750.0,67.09422916253811,15.0,0.7,1241.0870033354613,0.000256,731.5100446295893,269.04699450483196,36.779671923858245,4.700348556765301,0.0032750376395464438,True,6.617192962876725e-13,-9.00641176752899
rear,D,11750.0,67.09422916253811,15.0,0.7,1241.0870033354613,0.001024,731.5100446295893,538.0939890096639,73.55934384771649,9.400697113530603,0.08700255626789133,False,6.617192962876725e-13,-9.00641176752899
rear,E,11750.0,67.09422916253811,15.0,0.7,1241.0870033354613,0.004096,731.5100446295893,1076.1879780193278,147.11868769543298,18.801394227061206,0.24833983971944878,False,6.617192962876725e-13,-9.00641176752899
rear,F,11750.0,67.09422916253811,15.0,0.7,1241.0870033354613,0.016384,731.5100446295893,2152.3759560386557,294.23737539086596,37.60278845412241,0.3669803589671844,False,6.617192962876725e-13,-9.00641176752899
rear,G,11750.0,67.09422916253811,15.0,0.7,1241.0870033354613,0.065536,731.5100446295893,4304.751912077311,588.4747507817319,75.20557690824482,0.4325322693380552,False,6.617192962876725e-13,-9.00641176752899
rear,H,11750.0,67.09422916253811,15.0,0.7,1241.0870033354613,0.262144,731.5100446295893,8609.503824154623,1176.9495015634639,150.41115381648964,0.46614444399837773,False,6.617192962876725e-13,-9.00641176752899
rear,A,12000.0,68.52176595323041,15.0,0.7,1254.2205648835775,1.6e-05,731.5100446295893,67.46842542913349,9.223171427987308,1.1688072281251483,1.0852392486718979e-27,True,6.622198004535367e-13,-9.088541666763316
rear,B,12000.0,68.52176595323041,15.0,0.7,1254.2205648835775,6.4e-05,731.5100446295893,134.93685085826698,18.446342855974617,2.3376144562502965,2.961193868070849e-08,True,6.622198004535367e-13,-9.088541666763316
rear,C,12000.0,68.52176595323041,15.0,0.7,1254.2205648835775,0.000256,731.5100446295893,269.87370171653396,36.892685711949234,4.675228912500593,0.003358440311535297,True,6.622198004535367e-13,-9.088541666763316
rear,D,12000.0,68.52176595323041,15.0,0.7,1254.2205648835775,0.001024,731.5100446295893,539.7474034330679,73.78537142389847,9.350457825001186,0.08766383307661618,False,6.622198004535367e-13,-9.088541666763316
rear,E,12000.0,68.52176595323041,15.0,0.7,1254.2205648835775,0.004096,731.5100446295893,1079.4948068661358,147.57074284779694,18.700915650002372,0.24899964115083745,False,6.622198004535367e-13,-9.088541666763316
rear,F,12000.0,68.52176595323041,15.0,0.7,1254.2205648835775,0.016384,731.5100446295893,2158.9896137322717,295.1414856955939,37.401831300004744,0.36737246032713455,False,6.622198004535367e-13,-9.088541666763316
rear,G,12000.0,68.52176595323041,15.0,0.7,1254.2205648835775,0.065536,731.5100446295893,4317.979227464543,590.2829713911877,74.80366260000949,0.4327369713597989,False,6.622198004535367e-13,-9.088541666763316
rear,H,12000.0,68.52176595323041,15.0,0.7,1254.2205648835775,0.262144,731.5100446295893,8635.958454929087,1180.5659427823755,149.60732520001898,0.46624790592979193,False,6.622198004535367e-13,-9.088541666763316
rear,A,12250.0,69.94930274392271,15.0,0.7,1267.2180163277214,1.6e-05,731.5100446295893,67.67519021188538,9.251436902162252,1.1626865809087292,1.5580272293618013e-27,True,6.629263722115641e-13,-9.16897647684831
rear,B,12250.0,69.94930274392271,15.0,0.7,1267.2180163277214,6.4e-05,731.5100446295893,135.35038042377076,18.502873804324505,2.3253731618174585,3.24827758535273e-08,True,6.629263722115641e-13,-9.16897647684831
rear,C,12250.0,69.94930274392271,15.0,0.7,1267.2180163277214,0.000256,731.5100446295893,270.7007608475415,37.00574760864901,4.650746323634917,0.003443256749934094,True,6.629263722115641e-13,-9.16897647684831
rear,D,12250.0,69.94930274392271,15.0,0.7,1267.2180163277214,0.001024,731.5100446295893,541.401521695083,74.01149521729802,9.301492647269834,0.08832506066655899,False,6.629263722115641e-13,-9.16897647684831
rear,E,12250.0,69.94930274392271,15.0,0.7,1267.2180163277214,0.004096,731.5100446295893,1082.803043390166,148.02299043459604,18.602985294539668,0.24965661457395222,False,6.629263722115641e-13,-9.16897647684831
rear,F,12250.0,69.94930274392271,15.0,0.7,1267.2180163277214,0.016384,731.5100446295893,2165.606086780332,296.0459808691921,37.205970589079335,0.367762469312685,False,6.629263722115641e-13,-9.16897647684831
rear,G,12250.0,69.94930274392271,15.0,0.7,1267.2180163277214,0.065536,731.5100446295893,4331.212173560664,592.0919617383842,74.41194117815867,0.4329405273210456,False,6.629263722115641e-13,-9.16897647684831
rear,H,12250.0,69.94930274392271,15.0,0.7,1267.2180163277214,0.262144,731.5100446295893,8662.424347121329,1184.1839234767683,148.82388235631734,0.46635078182614037,False,6.629263722115641e-13,-9.16897647684831
rear,A,12500.0,71.37683953461502,15.0,0.7,1280.0835036958526,1.6e-05,731.5100446295893,67.88198078586312,9.279705902088624,1.1567180086691478,2.2295582490635567e-27,True,6.634190409755077e-13,-9.247728882082198
rear,B,12500.0,71.37683953461502,15.0,0.7,1280.0835036958526,6.4e-05,731.5100446295893,135.76396157172624,18.55941180417725,2.3134360173382955,3.560286102241383e-08,True,6.634190409755077e-13,-9.247728882082198
rear,C,12500.0,71.37683953461502,15.0,0.7,1280.0835036958526,0.000256,731.5100446295893,271.5279231434525,37.1188236083545,4.626872034676591,0.003529469236324171,True,6.634190409755077e-13,-9.247728882082198
rear,D,12500.0,71.37683953461502,15.0,0.7,1280.0835036958526,0.001024,731.5100446295893,543.055846286905,74.237647216709,9.253744069353182,0.08898601843253173,False,6.634190409755077e-13,-9.247728882082198
rear,E,12500.0,71.37683953461502,15.0,0.7,1280.0835036958526,0.004096,731.5100446295893,1086.11169257381,148.475294433418,18.507488138706364,0.25031057831120057,False,6.634190409755077e-13,-9.247728882082198
rear,F,12500.0,71.37683953461502,15.0,0.7,1280.0835036958526,0.016384,731.5100446295893,2172.22338514762,296.950588866836,37.01497627741273,0.3681502857904823,False,6.634190409755077e-13,-9.247728882082198
rear,G,12500.0,71.37683953461502,15.0,0.7,1280.0835036958526,0.065536,731.5100446295893,4344.44677029524,593.901177733672,74.02995255482546,0.43314288603690276,False,6.634190409755077e-13,-9.247728882082198
rear,H,12500.0,71.37683953461502,15.0,0.7,1280.0835036958526,0.262144,731.5100446295893,8688.89354059048,1187.802355467344,148.0599051096509,0.46645304595723985,False,6.634190409755077e-13,-9.247728882082198
rear,A,12750.0,72.80437632530732,15.0,0.7,1292.8209667092096,1.6e-05,731.5100446295893,68.08874088052721,9.30797073538545,1.1508947824318911,3.1800341696384387e-27,True,6.639090143901565e-13,-9.324809924327525
rear,B,12750.0,72.80437632530732,15.0,0.7,1292.8209667092096,6.4e-05,731.5100446295893,136.17748176105442,18.6159414707709,2.3017895648637823,3.899021588400315e-08,True,6.639090143901565e-13,-9.324809924327525
rear,C,12750.0,72.80437632530732,15.0,0.7,1292.8209667092096,0.000256,731.5100446295893,272.35496352210885,37.2318829415418,4.603579129727565,0.0036170607132135204,True,6.639090143901565e-13,-9.324809924327525
rear,D,12750.0,72.80437632530732,15.0,0.7,1292.8209667092096,0.001024,731.5100446295893,544.7099270442177,74.4637658830836,9.20715825945513,0.08964650544828306,False,6.639090143901565e-13,-9.324809924327525
rear,E,12750.0,72.80437632530732,15.0,0.7,1292.8209667092096,0.004096,731.5100446295893,1089.4198540884354,148.9275317661672,18.41431651891026,0.25096137290547316,False,6.639090143901565e-13,-9.324809924327525
rear,F,12750.0,72.80437632530732,15.0,0.7,1292.8209667092096,0.016384,731.5100446295893,2178.8397081768708,297.8550635323344,36.82863303782052,0.368535823133037,False,6.639090143901565e-13,-9.324809924327525
rear,G,12750.0,72.80437632530732,15.0,0.7,1292.8209667092096,0.065536,731.5100446295893,4357.6794163537415,595.7101270646688,73.65726607564103,0.4333440034095955,False,6.639090143901565e-13,-9.324809924327525
rear,H,12750.0,72.80437632530732,15.0,0.7,1292.8209667092096,0.262144,731.5100446295893,8715.358832707483,1191.4202541293375,147.31453215128207,0.46655467617940083,False,6.639090143901565e-13,-9.324809924327525
rear,A,13000.0,74.23191311599962,15.0,0.7,1305.434152874675,1.6e-05,731.5100446295893,68.29541956412871,9.336224439503232,1.1452105953696736,4.5205791138022305e-27,True,6.646048922466161e-13,-9.400229137641332
rear,B,13000.0,74.23191311599962,15.0,0.7,1305.434152874675,6.4e-05,731.5100446295893,136.59083912825741,18.672448879006463,2.2904211907393472,4.266386419342192e-08,True,6.646048922466161e-13,-9.400229137641332
rear,C,13000.0,74.23191311599962,15.0,0.7,1305.434152874675,0.000256,731.5100446295893,273.18167825651483,37.34489775801293,4.5808423814786945,0.0037060147137359008,True,6.646048922466161e-13,-9.400229137641332
rear,D,13000.0,74.23191311599962,15.0,0.7,1305.434152874675,0.001024,731.5100446295893,546.3633565130297,74.68979551602585,9.161684762957389,0.09030633861888626,False,6.646048922466161e-13,-9.400229137641332
rear,E,13000.0,74.23191311599962,15.0,0.7,1305.434152874675,0.004096,731.5100446295893,1092.7267130260593,149.3795910320517,18.323369525914778,0.2516088588180673,False,6.646048922466161e-13,-9.400229137641332
rear,F,13000.0,74.23191311599962,15.0,0.7,1305.434152874675,0.016384,731.5100446295893,2185.4534260521186,298.7591820641034,36.646739051829556,0.3689190067799749,False,6.646048922466161e-13,-9.400229137641332
rear,G,13000.0,74.23191311599962,15.0,0.7,1305.434152874675,0.065536,731.5100446295893,4370.906852104237,597.5183641282068,73.29347810365911,0.43354384166806575,False,6.646048922466161e-13,-9.400229137641332
rear,H,13000.0,74.23191311599962,15.0,0.7,1305.434152874675,0.262144,731.5100446295893,8741.813704208475,1195.0367282564137,146.58695620731822,0.46665565354992616,False,6.646048922466161e-13,-9.400229137641332
rear,A,13250.0,75.65944990669192,15.0,0.7,1317.9266303631266,1.6e-05,731.5100446295893,68.50197072778673,9.364460711195523,1.1396595288079696,6.404576496428426e-27,True,6.650903577356051e-13,-9.473994676133483
rear,B,13250.0,75.65944990669192,15.0,0.7,1317.9266303631266,6.4e-05,731.5100446295893,137.00394145557345,18.728921422391046,2.2793190576159392,4.664386679965023e-08,True,6.650903577356051e-13,-9.473994676133483
rear,C,13250.0,75.65944990669192,15.0,0.7,1317.9266303631266,0.000256,731.5100446295893,274.0078829111469,37.45784284478209,4.5586381152318785,0.0037963153003665374,True,6.650903577356051e-13,-9.473994676133483
rear,D,13250.0,75.65944990669192,15.0,0.7,1317.9266303631266,0.001024,731.5100446295893,548.0157658222938,74.91568568956419,9.117276230463757,0.09096535103118747,False,6.650903577356051e-13,-9.473994676133483
rear,E,13250.0,75.65944990669192,15.0,0.7,1317.9266303631266,0.004096,731.5100446295893,1096.0315316445876,149.83137137912837,18.234552460927514,0.25225291438108766,False,6.650903577356051e-13,-9.473994676133483
rear,F,13250.0,75.65944990669192,15.0,0.7,1317.9266303631266,0.016384,731.5100446295893,2192.0630632891753,299.66274275825674,36.46910492185503,0.36929977296000316,False,6.650903577356051e-13,-9.473994676133483
rear,G,13250.0,75.65944990669192,15.0,0.7,1317.9266303631266,0.065536,731.5100446295893,4384.1261265783505,599.3254855165135,72.93820984371006,0.43374236869274685,False,6.650903577356051e-13,-9.473994676133483
rear,H,13250.0,75.65944990669192,15.0,0.7,1317.9266303631266,0.262144,731.5100446295893,8768.252253156701,1198.650971033027,145.8764196874201,0.46675596198482144,False,6.650903577356051e-13,-9.473994676133483
rear,A,13500.0,77.08698669738422,15.0,0.7,1330.3017997992,1.6e-05,731.5100446295893,68.70835262513182,9.392673843586563,1.1342360215503846,9.042939202654522e-27,True,6.657813727221128e-13,-9.546113436013659
rear,B,13500.0,77.08698669738422,15.0,0.7,1330.3017997992,6.4e-05,731.5100446295893,137.41670525026365,18.785347687173125,2.268472043100769,5.095135691571217e-08,True,6.657813727221128e-13,-9.546113436013659
rear,C,13500.0,77.08698669738422,15.0,0.7,1330.3017997992,0.000256,731.5100446295893,274.8334105005273,37.57069537434625,4.536944086201538,0.0038879470113986313,True,6.657813727221128e-13,-9.546113436013659
rear,D,13500.0,77.08698669738422,15.0,0.7,1330.3017997992,0.001024,731.5100446295893,549.6668210010546,75.1413907486925,9.073888172403077,0.09162339047813622,False,6.657813727221128e-13,-9.546113436013659
rear,E,13500.0,77.08698669738422,15.0,0.7,1330.3017997992,0.004096,731.5100446295893,1099.3336420021092,150.282781497385,18.147776344806154,0.25289343397329583,False,6.657813727221128e-13,-9.546113436013659
rear,F,13500.0,77.08698669738422,15.0,0.7,1330.3017997992,0.016384,731.5100446295893,2198.6672840042183,300.56556299477,36.29555268961231,0.3696780675539558,False,6.657813727221128e-13,-9.546113436013659
rear,G,13500.0,77.08698669738422,15.0,0.7,1330.3017997992,0.065536,731.5100446295893,4397.334568008437,601.13112598954,72.59110537922462,0.43393955741510126,False,6.657813727221128e-13,-9.546113436013659
rear,H,13500.0,77.08698669738422,15.0,0.7,1330.3017997992,0.262144,731.5100446295893,8794.669136016873,1202.26225197908,145.18221075844923,0.4668555879544336,False,6.657813727221128e-13,-9.546113436013659
rear,A,13750.0,78.51452348807652,15.0,0.7,1342.5629050728592,1.6e-05,731.5100446295893,68.9145274607981,9.420858669916688,1.1289348421448677,1.27245973059995e-26,True,6.664702513655016e-13,-9.616591172659353
rear,B,13750.0,78.51452348807652,15.0,0.7,1342.5629050728592,6.4e-05,731.5100446295893,137.8290549215962,18.841717339833377,2.2578696842897354,5.5608575585611956e-08,True,6.664702513655016e-13,-9.616591172659353
rear,C,13750.0,78.51452348807652,15.0,0.7,1342.5629050728592,0.000256,731.5100446295893,275.6581098431924,37.68343467966675,4.515739368579471,0.003980894814115908,True,6.664702513655016e-13,-9.616591172659353
rear,D,13750.0,78.51452348807652,15.0,0.7,1342.5629050728592,0.001024,731.5100446295893,551.3162196863848,75.3668693593335,9.031478737158942,0.09228031813612736,False,6.664702513655016e-13,-9.616591172659353
rear,E,13750.0,78.51452348807652,15.0,0.7,1342.5629050728592,0.004096,731.5100446295893,1102.6324393727696,150.733738718667,18.062957474317884,0.2535303263925641,False,6.664702513655016e-13,-9.616591172659353
rear,F,13750.0,78.51452348807652,15.0,0.7,1342.5629050728592,0.016384,731.5100446295893,2205.264878745539,301.467477437334,36.12591494863577,0.37005384508192485,False,6.664702513655016e-13,-9.616591172659353
rear,G,13750.0,78.51452348807652,15.0,0.7,1342.5629050728592,0.065536,731.5100446295893,4410.529757491078,602.934954874668,72.25182989727153,0.43413538528290707,False,6.664702513655016e-13,-9.616591172659353
rear,H,13750.0,78.51452348807652,15.0,0.7,1342.5629050728592,0.262144,731.5100446295893,8821.059514982157,1205.869909749336,144.50365979454307,0.4669545202124441,False,6.664702513655016e-13,-9.616591172659353
rear,A,14000.0,79.9420602787688,15.0,0.7,1354.7130432701829,1.6e-05,731.5100446295893,69.12046102195228,9.44901051317107,1.1237510637610586,1.7843880189769486e-26,True,6.669517537140585e-13,-9.685432613422154
rear,B,14000.0,79.9420602787688,15.0,0.7,1354.7130432701829,6.4e-05,731.5100446295893,138.24092204390456,18.89802102634214,2.247502127522117,6.06389073102681e-08,True,6.669517537140585e-13,-9.685432613422154
rear,C,14000.0,79.9420602787688,15.0,0.7,1354.7130432701829,0.000256,731.5100446295893,276.4818440878091,37.79604205268428,4.495004255044234,0.0040751440637556815,True,6.669517537140585e-13,-9.685432613422154
rear,D,14000.0,79.9420602787688,15.0,0.7,1354.7130432701829,0.001024,731.5100446295893,552.9636881756182,75.59208410536856,8.990008510088469,0.0929360073773049,False,6.669517537140585e-13,-9.685432613422154
rear,E,14000.0,79.9420602787688,15.0,0.7,1354.7130432701829,0.004096,731.5100446295893,1105.9273763512365,151.1841682107371,17.980017020176938,0.25416351340164667,False,6.669517537140585e-13,-9.685432613422154
rear,F,14000.0,79.9420602787688,15.0,0.7,1354.7130432701829,0.016384,731.5100446295893,2211.854752702473,302.3683364214742,35.960034040353875,0.3704270677997258,False,6.669517537140585e-13,-9.685432613422154
rear,G,14000.0,79.9420602787688,15.0,0.7,1354.7130432701829,0.065536,731.5100446295893,4423.709505404946,604.7366728429485,71.92006808070775,0.4343298337834702,False,6.669517537140585e-13,-9.685432613422154
rear,H,14000.0,79.9420602787688,15.0,0.7,1354.7130432701829,0.262144,731.5100446295893,8847.419010809892,1209.473345685897,143.8401361614155,0.46705274955424664,False,6.669517537140585e-13,-9.685432613422154
rear,A,14250.0,81.36959706946111,15.0,0.7,1366.755173809503,1.6e-05,731.5100446295893,69.32612234781728,9.477125140902414,1.11868004139119,2.493697385899718e-26,True,6.674330163823816e-13,-9.75264156678657
rear,B,14250.0,81.36959706946111,15.0,0.7,1366.755173809503,6.4e-05,731.5100446295893,138.65224469563455,18.95425028180483,2.23736008278238,6.60669157950328e-08,True,6.674330163823816e-13,-9.75264156678657
rear,C,14250.0,81.36959706946111,15.0,0.7,1366.755173809503,0.000256,731.5100446295893,277.3044893912691,37.90850056360966,4.47472016556476,0.004170680467490122,True,6.674330163823816e-13,-9.75264156678657
rear,D,14250.0,81.36959706946111,15.0,0.7,1366.755173809503,0.001024,731.5100446295893,554.6089787825382,75.81700112721931,8.94944033112952,0.09359034270116551,False,6.674330163823816e-13,-9.75264156678657
rear,E,14250.0,81.36959706946111,15.0,0.7,1366.755173809503,0.004096,731.5100446295893,1109.2179575650764,151.63400225443863,17.89888066225904,0.2547929284270231,False,6.674330163823816e-13,-9.75264156678657
rear,F,14250.0,81.36959706946111,15.0,0.7,1366.755173809503,0.016384,731.5100446295893,2218.435915130153,303.26800450887725,35.79776132451808,0.37079770489187497,False,6.674330163823816e-13,-9.75264156678657
rear,G,14250.0,81.36959706946111,15.0,0.7,1366.755173809503,0.065536,731.5100446295893,4436.871830260306,606.5360090177545,71.59552264903616,0.43452288801796024,False,6.674330163823816e-13,-9.75264156678657
rear,H,14250.0,81.36959706946111,15.0,0.7,1366.755173809503,0.262144,731.5100446295893,8873.743660520611,1213.072018035509,143.1910452980723,0.46715026860125813,False,6.674330163823816e-13,-9.75264156678657
rear,A,14500.0,82.79713386015341,15.0,0.7,1378.6921268592673,1.6e-05,731.5100446295893,69.53148343280598,9.505198724648308,1.113717391123086,3.473027878232134e-26,True,6.679143161695952e-13,-9.818221028400199
rear,B,14500.0,82.79713386015341,15.0,0.7,1378.6921268592673,6.4e-05,731.5100446295893,139.06296686561197,19.010397449296615,2.227434782246172,7.191837978175115e-08,True,6.679143161695952e-13,-9.818221028400199
rear,C,14500.0,82.79713386015341,15.0,0.7,1378.6921268592673,0.000256,731.5100446295893,278.12593373122394,38.02079489859323,4.454869564492344,0.004267490052765431,True,6.679143161695952e-13,-9.818221028400199
rear,D,14500.0,82.79713386015341,15.0,0.7,1378.6921268592673,0.001024,731.5100446295893,556.2518674624479,76.04158979718646,8.909739128984688,0.09424321877184277,False,6.679143161695952e-13,-9.818221028400199
rear,E,14500.0,82.79713386015341,15.0,0.7,1378.6921268592673,0.004096,731.5100446295893,1112.5037349248958,152.08317959437292,17.819478257969376,0.25541851539317917,False,6.679143161695952e-13,-9.818221028400199
rear,F,14500.0,82.79713386015341,15.0,0.7,1378.6921268592673,0.016384,731.5100446295893,2225.0074698497915,304.16635918874584,35.63895651593875,0.3711657317499025,False,6.679143161695952e-13,-9.818221028400199
rear,G,14500.0,82.79713386015341,15.0,0.7,1378.6921268592673,0.065536,731.5100446295893,4450.014939699583,608.3327183774917,71.2779130318775,0.43471453632094187,False,6.679143161695952e-13,-9.818221028400199
rear,H,14500.0,82.79713386015341,15.0,0.7,1378.6921268592673,0.262144,731.5100446295893,8900.029879399166,1216.6654367549834,142.555826063755,0.4672470716081541,False,6.679143161695952e-13,-9.818221028400199
rear,A,14750.0,84.22467065084571,15.0,0.7,1390.5266111054527,1.6e-05,731.5100446295893,69.73651895944371,9.533227803420774,1.108858971264824,4.820431492518923e-26,True,6.68395901621792e-13,-9.882173284408541
rear,B,14750.0,84.22467065084571,15.0,0.7,1390.5266111054527,6.4e-05,731.5100446295893,139.47303791888743,19.066455606841547,2.217717942529648,7.822032892868267e-08,True,6.68395901621792e-13,-9.882173284408541
rear,C,14750.0,84.22467065084571,15.0,0.7,1390.5266111054527,0.000256,731.5100446295893,278.94607583777486,38.132911213683094,4.435435885059296,0.004365559139432721,True,6.68395901621792e-13,-9.882173284408541
rear,D,14750.0,84.22467065084571,15.0,0.7,1390.5266111054527,0.001024,731.5100446295893,557.8921516755497,76.26582242736619,8.870871770118592,0.09489453954919952,False,6.68395901621792e-13,-9.882173284408541
rear,E,14750.0,84.22467065084571,15.0,0.7,1390.5266111054527,0.004096,731.5100446295893,1115.7843033510994,152.53164485473238,17.741743540237184,0.2560402276769216,False,6.68395901621792e-13,-9.882173284408541
rear,F,14750.0,84.22467065084571,15.0,0.7,1390.5266111054527,0.016384,731.5100446295893,2231.568606702199,305.06328970946475,35.48348708047437,0.3715311293262419,False,6.68395901621792e-13,-9.882173284408541
rear,G,14750.0,84.22467065084571,15.0,0.7,1390.5266111054527,0.065536,731.5100446295893,4463.137213404398,610.1265794189295,70.96697416094874,0.43490476991992466,False,6.68395901621792e-13,-9.882173284408541
rear,H,14750.0,84.22467065084571,15.0,0.7,1390.5266111054527,0.262144,731.5100446295893,8926.274426808795,1220.253158837859,141.93394832189747,0.4673431542904023,False,6.68395901621792e-13,-9.882173284408541
rear,A,15000.0,85.65220744153801,15.0,0.7,1402.2612209289325,1.6e-05,731.5100446295893,69.94120605774113,9.561209250811705,1.1041008651273843,6.667786333453988e-26,True,6.690811785333912e-13,-9.944500012446248
rear,B,15000.0,85.65220744153801,15.0,0.7,1402.2612209289325,6.4e-05,731.5100446295893,139.88241211548225,19.12241850162341,2.2082017302547685,8.500107970202925e-08,True,6.690811785333912e-13,-9.944500012446248
rear,C,15000.0,85.65220744153801,15.0,0.7,1402.2612209289325,0.000256,731.5100446295893,279.7648242309645,38.24483700324682,4.416403460509537,0.004464874315184082,True,6.690811785333912e-13,-9.944500012446248
rear,D,15000.0,85.65220744153801,15.0,0.7,1402.2612209289325,0.001024,731.5100446295893,559.529648461929,76.48967400649364,8.832806921019074,0.09554421750335318,False,6.690811785333912e-13,-9.944500012446248
rear,E,15000.0,85.65220744153801,15.0,0.7,1402.2612209289325,0.004096,731.5100446295893,1119.059296923858,152.9793480129873,17.665613842038148,0.25665802716825614,False,6.690811785333912e-13,-9.944500012446248
rear,F,15000.0,85.65220744153801,15.0,0.7,1402.2612209289325,0.016384,731.5100446295893,2238.118593847716,305.9586960259746,35.331227684076296,0.371893883555159,False,6.690811785333912e-13,-9.944500012446248
rear,G,15000.0,85.65220744153801,15.0,0.7,1402.2612209289325,0.065536,731.5100446295893,4476.237187695432,611.9173920519492,70.66245536815259,0.43509358263040304,False,6.690811785333912e-13,-9.944500012446248
rear,H,15000.0,85.65220744153801,15.0,0.7,1402.2612209289325,0.262144,731.5100446295893,8952.474375390864,1223.8347841038983,141.32491073630518,0.46743851366979616,False,6.690811785333912e-13,-9.944500012446248
rear,A,15250.0,87.07974423223031,15.0,0.7,1413.8984430466658,1.6e-05,731.5100446295893,70.14552408809553,9.589140245314708,1.0994393652947185,9.191835256525869e-26,True,6.695633890304545e-13,-10.005202380562851
rear,B,15250.0,87.07974423223031,15.0,0.7,1413.8984430466658,6.4e-05,731.5100446295893,140.29104817619105,19.178280490629415,2.198878730589437,9.229027124324987e-08,True,6.695633890304545e-13,-10.005202380562851
rear,C,15250.0,87.07974423223031,15.0,0.7,1413.8984430466658,0.000256,731.5100446295893,280.5820963523821,38.35656098125883,4.397757461178874,0.004565422413874731,True,6.695633890304545e-13,-10.005202380562851
rear,D,15250.0,87.07974423223031,15.0,0.7,1413.8984430466658,0.001024,731.5100446295893,561.1641927047642,76.71312196251766,8.795514922357748,0.09619217290354848,False,6.695633890304545e-13,-10.005202380562851
rear,E,15250.0,87.07974423223031,15.0,0.7,1413.8984430466658,0.004096,731.5100446295893,1122.3283854095284,153.42624392503532,17.591029844715496,0.2572718834260153,False,6.695633890304545e-13,-10.005202380562851
rear,F,15250.0,87.07974423223031,15.0,0.7,1413.8984430466658,0.016384,731.5100446295893,2244.656770819057,306.85248785007064,35.18205968943099,0.3722539848332359,False,6.695633890304545e-13,-10.005202380562851
rear,G,15250.0,87.07974423223031,15.0,0.7,1413.8984430466658,0.065536,731.5100446295893,4489.313541638114,613.7049757001413,70.36411937886199,0.4352809705824171,False,6.695633890304545e-13,-10.005202380562851
rear,H,15250.0,87.07974423223031,15.0,0.7,1413.8984430466658,0.262144,731.5100446295893,8978.627083276227,1227.4099514002826,140.72823875772397,0.4675331479359739,False,6.695633890304545e-13,-10.005202380562851
rear,A,15500.0,88.50728102292261,15.0,0.7,1425.4406626648722,1.6e-05,731.5100446295893,70.34945444515694,9.617018243512897,1.0948709592307138,1.2628616061584632e-25,True,6.700464909372175e-13,-10.064281144290014
rear,B,15500.0,88.50728102292261,15.0,0.7,1425.4406626648722,6.4e-05,731.5100446295893,140.69890889031387,19.234036487025794,2.1897419184614275,1.0011890117682196e-07,True,6.700464909372175e-13,-10.064281144290014
rear,C,15500.0,88.50728102292261,15.0,0.7,1425.4406626648722,0.000256,731.5100446295893,281.39781778062775,38.46807297405159,4.379483836922855,0.004667190496369365,True,6.700464909372175e-13,-10.064281144290014
rear,D,15500.0,88.50728102292261,15.0,0.7,1425.4406626648722,0.001024,731.5100446295893,562.7956355612555,76.93614594810317,8.75896767384571,0.09683833317340212,False,6.700464909372175e-13,-10.064281144290014
rear,E,15500.0,88.50728102292261,15.0,0.7,1425.4406626648722,0.004096,731.5100446295893,1125.591271122511,153.87229189620635,17.51793534769142,0.25788177291786496,False,6.700464909372175e-13,-10.064281144290014
rear,F,15500.0,88.50728102292261,15.0,0.7,1425.4406626648722,0.016384,731.5100446295893,2251.182542245022,307.7445837924127,35.03587069538284,0.37261142755283794,False,6.700464909372175e-13,-10.064281144290014
rear,G,15500.0,88.50728102292261,15.0,0.7,1425.4406626648722,0.065536,731.5100446295893,4502.365084490044,615.4891675848254,70.07174139076568,0.4354669319751471,False,6.700464909372175e-13,-10.064281144290014
rear,H,15500.0,88.50728102292261,15.0,0.7,1425.4406626648722,0.262144,731.5100446295893,9004.730168980088,1230.9783351696508,140.14348278153136,0.46762705632215423,False,6.700464909372175e-13,-10.064281144290014
rear,A,15750.0,89.93481781361491,15.0,0.7,1436.8901691873164,1.6e-05,731.5100446295893,70.55298038040561,9.644840955824625,1.090392316089901,1.7292259093840856e-25,True,6.70530643664291e-13,-10.121736741992734
rear,B,15750.0,89.93481781361491,15.0,0.7,1436.8901691873164,6.4e-05,731.5100446295893,141.10596076081123,19.28968191164925,2.180784632179802,1.0851936132361759e-07,True,6.70530643664291e-13,-10.121736741992734
rear,C,15750.0,89.93481781361491,15.0,0.7,1436.8901691873164,0.000256,731.5100446295893,282.21192152162246,38.5793638232985,4.361569264359604,0.0047701658335995555,True,6.70530643664291e-13,-10.121736741992734
rear,D,15750.0,89.93481781361491,15.0,0.7,1436.8901691873164,0.001024,731.5100446295893,564.4238430432449,77.158727646597,8.723138528719208,0.09748263230550502,False,6.70530643664291e-13,-10.121736741992734
rear,E,15750.0,89.93481781361491,15.0,0.7,1436.8901691873164,0.004096,731.5100446295893,1128.8476860864898,154.317455293194,17.446277057438415,0.2584876783355584,False,6.70530643664291e-13,-10.121736741992734
rear,F,15750.0,89.93481781361491,15.0,0.7,1436.8901691873164,0.016384,731.5100446295893,2257.6953721729797,308.634910586388,34.89255411487683,0.3729662096827818,False,6.70530643664291e-13,-10.121736741992734
rear,G,15750.0,89.93481781361491,15.0,0.7,1436.8901691873164,0.065536,731.5100446295893,4515.390744345959,617.269821172776,69.78510822975366,0.4356514668564768,False,6.70530643664291e-13,-10.121736741992734
rear,H,15750.0,89.93481781361491,15.0,0.7,1436.8901691873164,0.262144,731.5100446295893,9030.781488691919,1234.539642345552,139.57021645950732,0.46772023899353304,False,6.70530643664291e-13,-10.121736741992734
rear,A,16000.0,91.36235460430721,15.0,0.7,1448.2491615173958,1.6e-05,731.5100446295893,70.75608684145708,9.672606324535904,1.0860002746139152,2.359938943777625e-25,True,6.710159891950318e-13,-10.177569388583809
rear,B,16000.0,91.36235460430721,15.0,0.7,1448.2491615173958,6.4e-05,731.5100446295893,141.51217368291415,19.345212649071808,2.1720005492278305,1.175254732856336e-07,True,6.710159891950318e-13,-10.177569388583809
rear,C,16000.0,91.36235460430721,15.0,0.7,1448.2491615173958,0.000256,731.5100446295893,283.0243473658283,38.690425298143616,4.344001098455661,0.0048743358915609965,True,6.710159891950318e-13,-10.177569388583809
rear,D,16000.0,91.36235460430721,15.0,0.7,1448.2491615173958,0.001024,731.5100446295893,566.0486947316566,77.38085059628723,8.688002196911322,0.09812501032919957,False,6.710159891950318e-13,-10.177569388583809
rear,E,16000.0,91.36235460430721,15.0,0.7,1448.2491615173958,0.004096,731.5100446295893,1132.0973894633132,154.76170119257446,17.376004393822644,0.2590895879773965,False,6.710159891950318e-13,-10.177569388583809
rear,F,16000.0,91.36235460430721,15.0,0.7,1448.2491615173958,0.016384,731.5100446295893,2264.1947789266264,309.5234023851489,34.75200878764529,0.37331833239111145,False,6.710159891950318e-13,-10.177569388583809
rear,G,16000.0,91.36235460430721,15.0,0.7,1448.2491615173958,0.065536,731.5100446295893,4528.389557853253,619.0468047702979,69.50401757529058,0.4358345769248235,False,6.710159891950318e-13,-10.177569388583809
rear,H,16000.0,91.36235460430721,15.0,0.7,1448.2491615173958,0.262144,731.5100446295893,9056.779115706506,1238.0936095405957,139.00803515058115,0.46781269694697014,False,6.710159891950318e-13,-10.177569388583809
rear,A,16250.0,92.78989139499951,15.0,0.7,1459.5197529888128,1.6e-05,731.5100446295893,70.95876032634312,9.700312503880124,1.0816918320089208,3.210069686944759e-25,True,6.717029228749472e-13,-10.231779167623724
rear,B,16250.0,92.78989139499951,15.0,0.7,1459.5197529888128,6.4e-05,731.5100446295893,141.91752065268625,19.400625007760247,2.1633836640178417,1.271725238683537e-07,True,6.717029228749472e-13,-10.231779167623724
rear,C,16250.0,92.78989139499951,15.0,0.7,1459.5197529888128,0.000256,731.5100446295893,283.8350413053725,38.801250015520495,4.326767328035683,0.0049796883180143504,True,6.717029228749472e-13,-10.231779167623724
rear,D,16250.0,92.78989139499951,15.0,0.7,1459.5197529888128,0.001024,731.5100446295893,567.670082610745,77.60250003104099,8.653534656071367,0.09876541282607204,False,6.717029228749472e-13,-10.231779167623724
rear,E,16250.0,92.78989139499951,15.0,0.7,1459.5197529888128,0.004096,731.5100446295893,1135.34016522149,155.20500006208198,17.307069312142733,0.25968749519078554,False,6.717029228749472e-13,-10.231779167623724
rear,F,16250.0,92.78989139499951,15.0,0.7,1459.5197529888128,0.016384,731.5100446295893,2270.68033044298,310.41000012416396,34.61413862428547,0.37366779970548303,False,6.717029228749472e-13,-10.231779167623724
rear,G,16250.0,92.78989139499951,15.0,0.7,1459.5197529888128,0.065536,731.5100446295893,4541.36066088596,620.8200002483279,69.22827724857093,0.4360162653508498,False,6.717029228749472e-13,-10.231779167623724
rear,H,16250.0,92.78989139499951,15.0,0.7,1459.5197529888128,0.262144,731.5100446295893,9082.72132177192,1241.6400004966558,138.45655449714187,0.46790443192075626,False,6.717029228749472e-13,-10.231779167623724
rear,A,16500.0,94.21742818569182,15.0,0.7,1470.703975956144,1.6e-05,731.5100446295893,71.16098875122202,9.727957841953547,1.077464133710767,4.352164200389254e-25,True,6.719907488052371e-13,-10.284366121772525
rear,B,16500.0,94.21742818569182,15.0,0.7,1470.703975956144,6.4e-05,731.5100446295893,142.32197750244404,19.455915683907094,2.154928267421534,1.374973003077115e-07,True,6.719907488052371e-13,-10.284366121772525
rear,C,16500.0,94.21742818569182,15.0,0.7,1470.703975956144,0.000256,731.5100446295893,284.6439550048881,38.91183136781419,4.309856534843068,0.005086210930685034,True,6.719907488052371e-13,-10.284366121772525
rear,D,16500.0,94.21742818569182,15.0,0.7,1470.703975956144,0.001024,731.5100446295893,569.2879100097762,77.82366273562837,8.619713069686137,0.09940379048833015,False,6.719907488052371e-13,-10.284366121772525
rear,E,16500.0,94.21742818569182,15.0,0.7,1470.703975956144,0.004096,731.5100446295893,1138.5758200195523,155.64732547125675,17.239426139372274,0.2602813978686147,False,6.719907488052371e-13,-10.284366121772525
rear,F,16500.0,94.21742818569182,15.0,0.7,1470.703975956144,0.016384,731.5100446295893,2277.1516400391047,311.2946509425135,34.47885227874455,0.3740146182071866,False,6.719907488052371e-13,-10.284366121772525
rear,G,16500.0,94.21742818569182,15.0,0.7,1470.703975956144,0.065536,731.5100446295893,4554.303280078209,622.589301885027,68.9577045574891,0.43619653661695074,False,6.719907488052371e-13,-10.284366121772525
rear,H,16500.0,94.21742818569182,15.0,0.7,1470.703975956144,0.262144,731.5100446295893,9108.606560156419,1245.178603770054,137.9154091149782,0.4679954463133913,False,6.719907488052371e-13,-10.284366121772525
rear,A,16750.0,95.64496497638412,15.0,0.7,1481.8037860735458,1.6e-05,731.5100446295893,71.36276133014698,9.755540864279252,1.0733144639547745,5.881476927523109e-25,True,6.724803732190211e-13,-10.335330341510065
rear,B,16750.0,95.64496497638412,15.0,0.7,1481.8037860735458,6.4e-05,731.5100446295893,142.72552266029396,19.511081728558505,2.146628927909549,1.4853812526920214e-07,True,6.724803732190211e-13,-10.335330341510065
rear,C,16750.0,95.64496497638412,15.0,0.7,1481.8037860735458,0.000256,731.5100446295893,285.4510453205879,39.02216345711701,4.293257855819098,0.005193891706782533,True,6.724803732190211e-13,-10.335330341510065
rear,D,16750.0,95.64496497638412,15.0,0.7,1481.8037860735458,0.001024,731.5100446295893,570.9020906411758,78.04432691423402,8.586515711638196,0.10004009871578273,False,6.724803732190211e-13,-10.335330341510065
rear,E,16750.0,95.64496497638412,15.0,0.7,1481.8037860735458,0.004096,731.5100446295893,1141.8041812823517,156.08865382846804,17.17303142327639,0.2608712979938843,False,6.724803732190211e-13,-10.335330341510065
rear,F,16750.0,95.64496497638412,15.0,0.7,1481.8037860735458,0.016384,731.5100446295893,2283.6083625647034,312.1773076569361,34.34606284655278,0.3743587967552827,False,6.724803732190211e-13,-10.335330341510065
rear,G,16750.0,95.64496497638412,15.0,0.7,1481.8037860735458,0.065536,731.5100446295893,4567.216725129407,624.3546153138722,68.69212569310557,0.4363753963726503,False,6.724803732190211e-13,-10.335330341510065
rear,H,16750.0,95.64496497638412,15.0,0.7,1481.8037860735458,0.262144,731.5100446295893,9134.433450258814,1248.7092306277443,137.38425138621113,0.4680857431104268,False,6.724803732190211e-13,-10.335330341510065
rear,A,17000.0,97.07250176707642,15.0,0.7,1492.8210662871088,1.6e-05,731.5100446295893,71.56406846567775,9.783060258853348,1.0692402370759349,7.922671770138825e-25,True,6.73170188858666e-13,-10.384672051992945
rear,B,17000.0,97.07250176707642,15.0,0.7,1492.8210662871088,6.4e-05,731.5100446295893,143.1281369313555,19.566120517706697,2.1384804741518697,1.6033489158743602e-07,True,6.73170188858666e-13,-10.384672051992945
rear,C,17000.0,97.07250176707642,15.0,0.7,1492.8210662871088,0.000256,731.5100446295893,286.256273862711,39.132241035413394,4.276960948303739,0.005302718773683273,True,6.73170188858666e-13,-10.384672051992945
rear,D,17000.0,97.07250176707642,15.0,0.7,1492.8210662871088,0.001024,731.5100446295893,572.512547725422,78.26448207082679,8.553921896607479,0.10067429724761923,False,6.73170188858666e-13,-10.384672051992945
rear,E,17000.0,97.07250176707642,15.0,0.7,1492.8210662871088,0.004096,731.5100446295893,1145.025095450844,156.52896414165357,17.107843793214958,0.26145720122764926,False,6.73170188858666e-13,-10.384672051992945
rear,F,17000.0,97.07250176707642,15.0,0.7,1492.8210662871088,0.016384,731.5100446295893,2290.050190901688,313.05792828330715,34.215687586429915,0.3747003462377354,False,6.73170188858666e-13,-10.384672051992945
rear,G,17000.0,97.07250176707642,15.0,0.7,1492.8210662871088,0.065536,731.5100446295893,4580.100381803376,626.1158565666143,68.43137517285983,0.43655285130425314,False,6.73170188858666e-13,-10.384672051992945
rear,H,17000.0,97.07250176707642,15.0,0.7,1492.8210662871088,0.262144,731.5100446295893,9160.200763606752,1252.2317131332286,136.86275034571966,0.4681753258185341,False,6.73170188858666e-13,-10.384672051992945
rear,A,17250.0,98.50003855776872,15.0,0.7,1503.7576305639366,1.6e-05,731.5100446295893,71.76490164925549,9.81051486252587,1.0652389894731418,1.0638378417459173e-24,True,6.736625652662448e-13,-10.43239169787416
rear,B,17250.0,98.50003855776872,15.0,0.7,1503.7576305639366,6.4e-05,731.5100446295893,143.52980329851098,19.62102972505174,2.1304779789462835,1.7292909671510156e-07,True,6.736625652662448e-13,-10.43239169787416
rear,C,17250.0,98.50003855776872,15.0,0.7,1503.7576305639366,0.000256,731.5100446295893,287.05960659702197,39.24205945010348,4.260955957892567,0.005412680400640181,True,6.736625652662448e-13,-10.43239169787416
rear,D,17250.0,98.50003855776872,15.0,0.7,1503.7576305639366,0.001024,731.5100446295893,574.1192131940439,78.48411890020697,8.521911915785134,0.10130634982560677,False,6.736625652662448e-13,-10.43239169787416
rear,E,17250.0,98.50003855776872,15.0,0.7,1503.7576305639366,0.004096,731.5100446295893,1148.2384263880879,156.96823780041393,17.04382383157027,0.2620391165358903,False,6.736625652662448e-13,-10.43239169787416
rear,F,17250.0,98.50003855776872,15.0,0.7,1503.7576305639366,0.016384,731.5100446295893,2296.4768527761757,313.93647560082786,34.08764766314054,0.37503927934676917,False,6.736625652662448e-13,-10.43239169787416
rear,G,17250.0,98.50003855776872,15.0,0.7,1503.7576305639366,0.065536,731.5100446295893,4592.9537055523515,627.8729512016557,68.17529532628107,0.4367289090172828,False,6.736625652662448e-13,-10.43239169787416
rear,H,17250.0,98.50003855776872,15.0,0.7,1503.7576305639366,0.262144,731.5100446295893,9185.907411104703,1255.7459024033114,136.35059065256215,0.46826419840605316,False,6.736625652662448e-13,-10.43239169787416
rear,A,17500.0,99.92757534846102,15.0,0.7,1514.6152273788714,1.6e-05,731.5100446295893,71.96525337038035,9.83790364858503,1.0613083721779628,1.4240083155382377e-24,True,6.741567037637628e-13,-10.478490025871576
rear,B,17500.0,99.92757534846102,15.0,0.7,1514.6152273788714,6.4e-05,731.5100446295893,143.9305067407607,19.67580729717006,2.1226167443559256,1.8636387685108797e-07,True,6.741567037637628e-13,-10.478490025871576
rear,C,17500.0,99.92757534846102,15.0,0.7,1514.6152273788714,0.000256,731.5100446295893,287.8610134815214,39.35161459434012,4.245233488711851,0.005523764991399336,True,6.741567037637628e-13,-10.478490025871576
rear,D,17500.0,99.92757534846102,15.0,0.7,1514.6152273788714,0.001024,731.5100446295893,575.7220269630428,78.70322918868024,8.490466977423702,0.1019362238856899,False,6.741567037637628e-13,-10.478490025871576
rear,E,17500.0,99.92757534846102,15.0,0.7,1514.6152273788714,0.004096,731.5100446295893,1151.4440539260856,157.40645837736048,16.980933954847405,0.26261705585141054,False,6.741567037637628e-13,-10.478490025871576
rear,F,17500.0,99.92757534846102,15.0,0.7,1514.6152273788714,0.016384,731.5100446295893,2302.8881078521713,314.81291675472096,33.96186790969481,0.3753756103759879,False,6.741567037637628e-13,-10.478490025871576
rear,G,17500.0,99.92757534846102,15.0,0.7,1514.6152273788714,0.065536,731.5100446295893,4605.776215704343,629.6258335094419,67.92373581938962,0.4369035779304029,False,6.741567037637628e-13,-10.478490025871576
rear,H,17500.0,99.92757534846102,15.0,0.7,1514.6152273788714,0.262144,731.5100446295893,9211.552431408685,1259.2516670188838,135.84747163877924,0.4683523652493593,False,6.741567037637628e-13,-10.478490025871576
rear,A,17750.0,101.35511213915332,15.0,0.7,1525.395542977832,1.6e-05,731.5100446295893,72.16511703373513,9.865225715427734,1.0574461439745657,1.900194811373568e-24,True,6.74258818455258e-13,-10.522968164837696
rear,B,17750.0,101.35511213915332,15.0,0.7,1525.395542977832,6.4e-05,731.5100446295893,144.33023406747026,19.730451430855467,2.1148922879491314,2.0068404071824343e-07,True,6.74258818455258e-13,-10.522968164837696
rear,C,17750.0,101.35511213915332,15.0,0.7,1525.395542977832,0.000256,731.5100446295893,288.6604681349405,39.460902861710935,4.229784575898263,0.005635961077618396,True,6.74258818455258e-13,-10.522968164837696
rear,D,17750.0,101.35511213915332,15.0,0.7,1525.395542977832,0.001024,731.5100446295893,577.320936269881,78.92180572342187,8.459569151796526,0.10256389027530344,False,6.74258818455258e-13,-10.522968164837696
rear,E,17750.0,101.35511213915332,15.0,0.7,1525.395542977832,0.004096,731.5100446295893,1154.641872539762,157.84361144684374,16.91913830359305,0.26319103376727904,False,6.74258818455258e-13,-10.522968164837696
rear,F,17750.0,101.35511213915332,15.0,0.7,1525.395542977832,0.016384,731.5100446295893,2309.283745079524,315.6872228936875,33.8382766071861,0.37570935503706127,False,6.74258818455258e-13,-10.522968164837696
rear,G,17750.0,101.35511213915332,15.0,0.7,1525.395542977832,0.065536,731.5100446295893,4618.567490159048,631.374445787375,67.6765532143722,0.43707686717965794,False,6.74258818455258e-13,-10.522968164837696
rear,H,17750.0,101.35511213915332,15.0,0.7,1525.395542977832,0.262144,731.5100446295893,9237.134980318096,1262.74889157475,135.3531064287444,0.4684398310844599,False,6.74258818455258e-13,-10.522968164837696
rear,A,18000.0,102.78264892984562,15.0,0.7,1536.1002044350232,1.6e-05,731.5100446295893,72.36448688349135,9.89248027621195,1.0536501650227965,2.5278292890094392e-24,True,6.749541074586389e-13,-10.565827703053941
rear,B,18000.0,102.78264892984562,15.0,0.7,1536.1002044350232,6.4e-05,731.5100446295893,144.7289737669827,19.7849605524239,2.107300330045593,2.1593610296209666e-07,True,6.749541074586389e-13,-10.565827703053941
rear,C,18000.0,102.78264892984562,15.0,0.7,1536.1002044350232,0.000256,731.5100446295893,289.4579475339654,39.5699211048478,4.214600660091186,0.005749257312994787,True,6.749541074586389e-13,-10.565827703053941
rear,D,18000.0,102.78264892984562,15.0,0.7,1536.1002044350232,0.001024,731.5100446295893,578.9158950679308,79.1398422096956,8.429201320182372,0.10318932299399342,False,6.749541074586389e-13,-10.565827703053941
rear,E,18000.0,102.78264892984562,15.0,0.7,1536.1002044350232,0.004096,731.5100446295893,1157.8317901358616,158.2796844193912,16.858402640364744,0.2637610672587187,False,6.749541074586389e-13,-10.565827703053941
rear,F,18000.0,102.78264892984562,15.0,0.7,1536.1002044350232,0.016384,731.5100446295893,2315.6635802717233,316.5593688387824,33.71680528072949,0.376040530294024,False,6.749541074586389e-13,-10.565827703053941
rear,G,18000.0,102.78264892984562,15.0,0.7,1536.1002044350232,0.065536,731.5100446295893,4631.327160543447,633.1187376775648,67.43361056145898,0.43724878653199806,False,6.749541074586389e-13,-10.565827703053941
rear,H,18000.0,102.78264892984562,15.0,0.7,1536.1002044350232,0.262144,731.5100446295893,9262.654321086893,1266.2374753551296,134.86722112291795,0.46852660096329446,False,6.749541074586389e-13,-10.565827703053941
rear,A,18250.0,104.21018572053792,15.0,0.7,1546.7307825197006,1.6e-05,731.5100446295893,72.56335793411415,9.919666649397502,1.0499183909412022,3.3525642776032306e-24,True,6.754543795676407e-13,-10.607070762448076
rear,B,18250.0,104.21018572053792,15.0,0.7,1546.7307825197006,6.4e-05,731.5100446295893,145.1267158682283,19.839333298795005,2.0998367818824044,2.3216831714260208e-07,True,6.754543795676407e-13,-10.607070762448076
rear,C,18250.0,104.21018572053792,15.0,0.7,1546.7307825197006,0.000256,731.5100446295893,290.2534317364566,39.67866659759001,4.199673563764809,0.005863642468021954,True,6.754543795676407e-13,-10.607070762448076
rear,D,18250.0,104.21018572053792,15.0,0.7,1546.7307825197006,0.001024,731.5100446295893,580.5068634729132,79.35733319518002,8.399347127529618,0.10381249895519296,False,6.754543795676407e-13,-10.607070762448076
rear,E,18250.0,104.21018572053792,15.0,0.7,1546.7307825197006,0.004096,731.5100446295893,1161.0137269458264,158.71466639036004,16.798694255059235,0.26432717543066586,False,6.754543795676407e-13,-10.607070762448076
rear,F,18250.0,104.21018572053792,15.0,0.7,1546.7307825197006,0.016384,731.5100446295893,2322.027453891653,317.4293327807201,33.59738851011847,0.3763691542134419,False,6.754543795676407e-13,-10.607070762448076
rear,G,18250.0,104.21018572053792,15.0,0.7,1546.7307825197006,0.065536,731.5100446295893,4644.054907783306,634.8586655614401,67.19477702023694,0.4374193463071653,False,6.754543795676407e-13,-10.607070762448076
rear,H,18250.0,104.21018572053792,15.0,0.7,1546.7307825197006,0.262144,731.5100446295893,9288.109815566611,1269.7173311228803,134.38955404047388,0.46861268021426966,False,6.754543795676407e-13,-10.607070762448076
rear,A,18500.0,105.63772251123022,15.0,0.7,1557.288794386799,1.6e-05,731.5100446295893,72.76172590705521,9.946784250091762,1.046248867311026,4.433045437017771e-24,True,6.759565905863858e-13,-10.646700069416143
rear,B,18500.0,105.63772251123022,15.0,0.7,1557.288794386799,6.4e-05,731.5100446295893,145.52345181411042,19.893568500183523,2.092497734622052,2.494307082919076e-07,True,6.759565905863858e-13,-10.646700069416143
rear,C,18500.0,105.63772251123022,15.0,0.7,1557.288794386799,0.000256,731.5100446295893,291.04690362822083,39.787137000367046,4.184995469244104,0.0059791054253025815,True,6.759565905863858e-13,-10.646700069416143
rear,D,18500.0,105.63772251123022,15.0,0.7,1557.288794386799,0.001024,731.5100446295893,582.0938072564417,79.57427400073409,8.369990938488208,0.1044333977672221,False,6.759565905863858e-13,-10.646700069416143
rear,E,18500.0,105.63772251123022,15.0,0.7,1557.288794386799,0.004096,731.5100446295893,1164.1876145128833,159.14854800146819,16.739981876976415,0.26488937928852374,False,6.759565905863858e-13,-10.646700069416143
rear,F,18500.0,105.63772251123022,15.0,0.7,1557.288794386799,0.016384,731.5100446295893,2328.3752290257667,318.29709600293637,33.47996375395283,0.376695245828886,False,6.759565905863858e-13,-10.646700069416143
rear,G,18500.0,105.63772251123022,15.0,0.7,1557.288794386799,0.065536,731.5100446295893,4656.750458051533,636.5941920058727,66.95992750790566,0.43758855730711355,False,6.759565905863858e-13,-10.646700069416143
rear,H,18500.0,105.63772251123022,15.0,0.7,1557.288794386799,0.262144,731.5100446295893,9313.500916103067,1273.1883840117455,133.91985501581132,0.4686980744066116,False,6.759565905863858e-13,-10.646700069416143
rear,A,18750.0,107.06525930192252,15.0,0.7,1567.775706104472,1.6e-05,731.5100446295893,72.9595871727855,9.973832582125327,1.042639724565992,5.8443879208696e-24,True,6.764607687405624e-13,-10.684719021917523
rear,B,18750.0,107.06525930192252,15.0,0.7,1567.775706104472,6.4e-05,731.5100446295893,145.919174345571,19.947665164250655,2.085279449131984,2.677751050119243e-07,True,6.764607687405624e-13,-10.684719021917523
rear,C,18750.0,107.06525930192252,15.0,0.7,1567.775706104472,0.000256,731.5100446295893,291.838348691142,39.89533032850131,4.170558898263968,0.0060956351753554214,True,6.764607687405624e-13,-10.684719021917523
rear,D,18750.0,107.06525930192252,15.0,0.7,1567.775706104472,0.001024,731.5100446295893,583.676697382284,79.79066065700262,8.341117796527936,0.10505200153178057,False,6.764607687405624e-13,-10.684719021917523
rear,E,18750.0,107.06525930192252,15.0,0.7,1567.775706104472,0.004096,731.5100446295893,1167.353394764568,159.58132131400524,16.68223559305587,0.26544770152988717,False,6.764607687405624e-13,-10.684719021917523
rear,F,18750.0,107.06525930192252,15.0,0.7,1567.775706104472,0.016384,731.5100446295893,2334.706789529136,319.1626426280105,33.36447118611174,0.37701882501831874,False,6.764607687405624e-13,-10.684719021917523
rear,G,18750.0,107.06525930192252,15.0,0.7,1567.775706104472,0.065536,731.5100446295893,4669.413579058272,638.325285256021,66.72894237222349,0.43775643075222653,False,6.764607687405624e-13,-10.684719021917523
rear,H,18750.0,107.06525930192252,15.0,0.7,1567.775706104472,0.262144,731.5100446295893,9338.827158116545,1276.650570512042,133.45788474444697,0.4687827893181595,False,6.764607687405624e-13,-10.684719021917523
rear,A,19000.0,108.49279609261482,15.0,0.7,1578.1929350304608,1.6e-05,731.5100446295893,73.15693869767618,10.000811230790447,1.0390891732360563,7.682522740960993e-24,True,6.767726849857439e-13,-10.721131752506274
rear,B,19000.0,108.49279609261482,15.0,0.7,1578.1929350304608,6.4e-05,731.5100446295893,146.31387739535236,20.001622461580894,2.0781783464721126,2.8725517108633754e-07,True,6.767726849857439e-13,-10.721131752506274
rear,C,19000.0,108.49279609261482,15.0,0.7,1578.1929350304608,0.000256,731.5100446295893,292.6277547907047,40.00324492316179,4.156356692944225,0.006213220812859882,True,6.767726849857439e-13,-10.721131752506274
rear,D,19000.0,108.49279609261482,15.0,0.7,1578.1929350304608,0.001024,731.5100446295893,585.2555095814095,80.00648984632357,8.31271338588845,0.10566829465837058,False,6.767726849857439e-13,-10.721131752506274
rear,E,19000.0,108.49279609261482,15.0,0.7,1578.1929350304608,0.004096,731.5100446295893,1170.511019162819,160.01297969264715,16.6254267717769,0.2660021663552492,False,6.767726849857439e-13,-10.721131752506274
rear,F,19000.0,108.49279609261482,15.0,0.7,1578.1929350304608,0.016384,731.5100446295893,2341.022038325638,320.0259593852943,33.2508535435538,0.37733991239314213,False,6.767726849857439e-13,-10.721131752506274
rear,G,19000.0,108.49279609261482,15.0,0.7,1578.1929350304608,0.065536,731.5100446295893,4682.044076651276,640.0519187705886,66.5017070871076,0.43792297822366943,False,6.767726849857439e-13,-10.721131752506274
rear,H,19000.0,108.49279609261482,15.0,0.7,1578.1929350304608,0.262144,731.5100446295893,9364.088153302551,1280.1038375411772,133.0034141742152,0.46886683090626646,False,6.767726849857439e-13,-10.721131752506274
rear,A,19250.0,109.92033288330713,15.0,0.7,1588.5418520482062,1.6e-05,731.5100446295893,73.3537779952859,10.02771985618183,1.0355954995163106,1.0069615584421132e-23,True,6.772813813017099e-13,-10.755943186962382
rear,B,19250.0,109.92033288330713,15.0,0.7,1588.5418520482062,6.4e-05,731.5100446295893,146.7075559905718,20.05543971236366,2.071190999032621,3.0792643658265673e-07,True,6.772813813017099e-13,-10.755943186962382
rear,C,19250.0,109.92033288330713,15.0,0.7,1588.5418520482062,0.000256,731.5100446295893,293.4151119811436,40.11087942472732,4.142381998065242,0.0063318515332893765,True,6.772813813017099e-13,-10.755943186962382
rear,D,19250.0,109.92033288330713,15.0,0.7,1588.5418520482062,0.001024,731.5100446295893,586.8302239622872,80.22175884945464,8.284763996130485,0.10628226369325056,False,6.772813813017099e-13,-10.755943186962382
rear,E,19250.0,109.92033288330713,15.0,0.7,1588.5418520482062,0.004096,731.5100446295893,1173.6604479245743,160.4435176989093,16.56952799226097,0.2665527992959008,False,6.772813813017099e-13,-10.755943186962382
rear,F,19250.0,109.92033288330713,15.0,0.7,1588.5418520482062,0.016384,731.5100446295893,2347.3208958491487,320.8870353978186,33.13905598452194,0.3776585291977886,False,6.772813813017099e-13,-10.755943186962382
rear,G,19250.0,109.92033288330713,15.0,0.7,1588.5418520482062,0.065536,731.5100446295893,4694.641791698297,641.7740707956372,66.27811196904388,0.4380882116112845,False,6.772813813017099e-13,-10.755943186962382
rear,H,19250.0,109.92033288330713,15.0,0.7,1588.5418520482062,0.262144,731.5100446295893,9389.283583396595,1283.5481415912743,132.55622393808775,0.4689502052815062,False,6.772813813017099e-13,-10.755943186962382
rear,A,19500.0,111.34786967399941,15.0,0.7,1598.8237836726817,1.6e-05,731.5100446295893,73.55010308165681,10.054558187085453,1.032157061134911,1.3160804025594175e-23,True,6.777920934465896e-13,-10.789159098194851
rear,B,19500.0,111.34786967399941,15.0,0.7,1598.8237836726817,6.4e-05,731.5100446295893,147.10020616331363,20.109116374170906,2.064314122269822,3.2984632842070043e-07,True,6.777920934465896e-13,-10.789159098194851
rear,C,19500.0,111.34786967399941,15.0,0.7,1598.8237836726817,0.000256,731.5100446295893,294.20041232662726,40.21823274834181,4.128628244539644,0.0064515166298896075,True,6.777920934465896e-13,-10.789159098194851
rear,D,19500.0,111.34786967399941,15.0,0.7,1598.8237836726817,0.001024,731.5100446295893,588.4008246532545,80.43646549668362,8.257256489079287,0.10689389716165115,False,6.777920934465896e-13,-10.789159098194851
rear,E,19500.0,111.34786967399941,15.0,0.7,1598.8237836726817,0.004096,731.5100446295893,1176.801649306509,160.87293099336725,16.514512978158574,0.2670996270574181,False,6.777920934465896e-13,-10.789159098194851
rear,F,19500.0,111.34786967399941,15.0,0.7,1598.8237836726817,0.016384,731.5100446295893,2353.603298613018,321.7458619867345,33.02902595631715,0.37797469721884563,False,6.777920934465896e-13,-10.789159098194851
rear,G,19500.0,111.34786967399941,15.0,0.7,1598.8237836726817,0.065536,731.5100446295893,4707.206597226036,643.491723973469,66.0580519126343,0.43825214306649596,False,6.777920934465896e-13,-10.789159098194851
rear,H,19500.0,111.34786967399941,15.0,0.7,1598.8237836726817,0.262144,731.5100446295893,9414.413194452072,1286.983447946938,132.1161038252686,0.4690329186839168,False,6.777920934465896e-13,-10.789159098194851
rear,A,19750.0,112.77540646469171,15.0,0.7,1609.0400140351126,1.6e-05,731.5100446295893,73.74591243426146,10.081326015366441,1.0287722834963064,1.715255111267675e-23,True,6.783048300080608e-13,-10.82078615510098
rear,B,19750.0,112.77540646469171,15.0,0.7,1609.0400140351126,6.4e-05,731.5100446295893,147.4918248685229,20.162652030732882,2.057544566992613,3.5307420038488654e-07,True,6.783048300080608e-13,-10.82078615510098
rear,C,19750.0,112.77540646469171,15.0,0.7,1609.0400140351126,0.000256,731.5100446295893,294.9836497370458,40.325304061465765,4.115089133985226,0.006572205490963263,True,6.783048300080608e-13,-10.82078615510098
rear,D,19750.0,112.77540646469171,15.0,0.7,1609.0400140351126,0.001024,731.5100446295893,589.9672994740916,80.65060812293153,8.230178267970452,0.10750318542211346,False,6.783048300080608e-13,-10.82078615510098
rear,E,19750.0,112.77540646469171,15.0,0.7,1609.0400140351126,0.004096,731.5100446295893,1179.9345989481833,161.30121624586306,16.460356535940903,0.2676426773772927,False,6.783048300080608e-13,-10.82078615510098
rear,F,19750.0,112.77540646469171,15.0,0.7,1609.0400140351126,0.016384,731.5100446295893,2359.8691978963666,322.6024324917261,32.920713071881806,0.37828843870281437,False,6.783048300080608e-13,-10.82078615510098
rear,G,19750.0,112.77540646469171,15.0,0.7,1609.0400140351126,0.065536,731.5100446295893,4719.738395792733,645.2048649834522,65.84142614376361,0.43841478495974956,False,6.783048300080608e-13,-10.82078615510098
rear,H,19750.0,112.77540646469171,15.0,0.7,1609.0400140351126,0.262144,731.5100446295893,9439.476791585466,1290.4097299669045,131.68285228752723,0.4691149774615378,False,6.783048300080608e-13,-10.82078615510098
rear,A,20000.0,114.20294325538401,15.0,0.7,1619.1917867549848,1.6e-05,731.5100446295893,73.94120495427721,10.10802319081188,1.0254396560782033,2.229297541310356e-23,True,6.784352131627152e-13,-10.85083196608904
rear,B,20000.0,114.20294325538401,15.0,0.7,1619.1917867549848,6.4e-05,731.5100446295893,147.88240990855442,20.21604638162376,2.0508793121564066,3.7767136255855627e-07,True,6.784352131627152e-13,-10.85083196608904
rear,C,20000.0,114.20294325538401,15.0,0.7,1619.1917867549848,0.000256,731.5100446295893,295.76481981710884,40.43209276324752,4.101758624312813,0.006693907597426906,True,6.784352131627152e-13,-10.85083196608904
rear,D,20000.0,114.20294325538401,15.0,0.7,1619.1917867549848,0.001024,731.5100446295893,591.5296396342177,80.86418552649504,8.203517248625626,0.10811012053191504,False,6.784352131627152e-13,-10.85083196608904
rear,E,20000.0,114.20294325538401,15.0,0.7,1619.1917867549848,0.004096,731.5100446295893,1183.0592792684354,161.72837105299007,16.407034497251253,0.2681819788954027,False,6.784352131627152e-13,-10.85083196608904
rear,F,20000.0,114.20294325538401,15.0,0.7,1619.1917867549848,0.016384,731.5100446295893,2366.1185585368708,323.45674210598014,32.814068994502506,0.37859977628168506,False,6.784352131627152e-13,-10.85083196608904
rear,G,20000.0,114.20294325538401,15.0,0.7,1619.1917867549848,0.065536,731.5100446295893,4732.2371170737415,646.9134842119603,65.62813798900501,0.43857614984205384,False,6.784352131627152e-13,-10.85083196608904
rear,H,20000.0,114.20294325538401,15.0,0.7,1619.1917867549848,0.262144,731.5100446295893,9464.474234147483,1293.8269684239206,131.25627597801002,0.4691963880510252,False,6.784352131627152e-13,-10.85083196608904
rear,A,20250.0,115.63048004607631,15.0,0.7,1629.2803067070704,1.6e-05,731.5100446295893,74.13597993189717,10.134649616388657,1.0221577290626307,2.8894591530657916e-23,True,6.789530191343545e-13,-10.879305116996168
rear,B,20250.0,115.63048004607631,15.0,0.7,1629.2803067070704,6.4e-05,731.5100446295893,148.27195986379434,20.269299232777314,2.0443154581252614,4.0370111015951605e-07,True,6.789530191343545e-13,-10.879305116996168
rear,C,20250.0,115.63048004607631,15.0,0.7,1629.2803067070704,0.000256,731.5100446295893,296.5439197275887,40.53859846555463,4.088630916250523,0.006816612520609677,True,6.789530191343545e-13,-10.879305116996168
rear,D,20250.0,115.63048004607631,15.0,0.7,1629.2803067070704,0.001024,731.5100446295893,593.0878394551773,81.07719693110926,8.177261832501046,0.10871469612265061,False,6.789530191343545e-13,-10.879305116996168
rear,E,20250.0,115.63048004607631,15.0,0.7,1629.2803067070704,0.004096,731.5100446295893,1186.1756789103547,162.1543938622185,16.35452366500209,0.2687175610361513,False,6.789530191343545e-13,-10.879305116996168
rear,F,20250.0,115.63048004607631,15.0,0.7,1629.2803067070704,0.016384,731.5100446295893,2372.3513578207094,324.308787724437,32.70904733000418,0.37890873290560034,False,6.789530191343545e-13,-10.879305116996168
rear,G,20250.0,115.63048004607631,15.0,0.7,1629.2803067070704,0.065536,731.5100446295893,4744.702715641419,648.617575448874,65.41809466000836,0.43873625041023934,False,6.789530191343545e-13,-10.879305116996168
rear,H,20250.0,115.63048004607631,15.0,0.7,1629.2803067070704,0.262144,731.5100446295893,9489.405431282838,1297.235150897748,130.83618932001673,0.46927715696014627,False,6.789530191343545e-13,-10.879305116996168
rear,A,20500.0,117.05801683676862,15.0,0.7,1639.306741690575,1.6e-05,731.5100446295893,74.3302370144134,10.161205243880362,1.018925110183218,3.7349982893241803e-23,True,6.794728455935693e-13,-10.906215203168621
rear,B,20500.0,117.05801683676862,15.0,0.7,1639.306741690575,6.4e-05,731.5100446295893,148.6604740288268,20.322410487760724,2.037850220366436,4.312287517568366e-07,True,6.794728455935693e-13,-10.906215203168621
rear,C,20500.0,117.05801683676862,15.0,0.7,1639.306741690575,0.000256,731.5100446295893,297.3209480576536,40.64482097552145,4.075700440732872,0.006940309920266698,True,6.794728455935693e-13,-10.906215203168621
rear,D,20500.0,117.05801683676862,15.0,0.7,1639.306741690575,0.001024,731.5100446295893,594.6418961153072,81.2896419510429,8.151400881465744,0.10931690728511972,False,6.794728455935693e-13,-10.906215203168621
rear,E,20500.0,117.05801683676862,15.0,0.7,1639.306741690575,0.004096,731.5100446295893,1189.2837922306144,162.5792839020858,16.302801762931487,0.26924945390121524,False,6.794728455935693e-13,-10.906215203168621
rear,F,20500.0,117.05801683676862,15.0,0.7,1639.306741690575,0.016384,731.5100446295893,2378.5675844612288,325.1585678041716,32.605603525862975,0.37921533178194566,False,6.794728455935693e-13,-10.906215203168621
rear,G,20500.0,117.05801683676862,15.0,0.7,1639.306741690575,0.065536,731.5100446295893,4757.1351689224575,650.3171356083432,65.21120705172595,0.438895099475586,False,6.794728455935693e-13,-10.906215203168621
rear,H,20500.0,117.05801683676862,15.0,0.7,1639.306741690575,0.262144,731.5100446295893,9514.270337844915,1300.6342712166863,130.4224141034519,0.46935729075197846,False,6.794728455935693e-13,-10.906215203168621
rear,A,20750.0,118.48555362746092,15.0,0.7,1649.2722240069575,1.6e-05,731.5100446295893,74.5239761768345,10.187690069870577,1.0157404617723633,4.815103259514461e-23,True,6.799946878057583e-13,-10.931572855507298
rear,B,20750.0,118.48555362746092,15.0,0.7,1649.2722240069575,6.4e-05,731.5100446295893,149.047952353669,20.375380139741154,2.0314809235447266,4.6032163684995605e-07,True,6.799946878057583e-13,-10.931572855507298
rear,C,20750.0,118.48555362746092,15.0,0.7,1649.2722240069575,0.000256,731.5100446295893,298.095904707338,40.75076027948231,4.062961847089453,0.007064989542783532,True,6.799946878057583e-13,-10.931572855507298
rear,D,20750.0,118.48555362746092,15.0,0.7,1649.2722240069575,0.001024,731.5100446295893,596.191809414676,81.50152055896461,8.125923694178907,0.10991675046275406,False,6.799946878057583e-13,-10.931572855507298
rear,E,20750.0,118.48555362746092,15.0,0.7,1649.2722240069575,0.004096,731.5100446295893,1192.383618829352,163.00304111792923,16.251847388357813,0.2697776881719458,False,6.799946878057583e-13,-10.931572855507298
rear,F,20750.0,118.48555362746092,15.0,0.7,1649.2722240069575,0.016384,731.5100446295893,2384.767237658704,326.00608223585846,32.503694776715626,0.3795195963202719,False,6.799946878057583e-13,-10.931572855507298
rear,G,20750.0,118.48555362746092,15.0,0.7,1649.2722240069575,0.065536,731.5100446295893,4769.534475317408,652.0121644717169,65.00738955343125,0.4390527099355055,False,6.799946878057583e-13,-10.931572855507298
rear,H,20750.0,118.48555362746092,15.0,0.7,1649.2722240069575,0.262144,731.5100446295893,9539.068950634815,1304.0243289434338,130.0147791068625,0.46943679603065397,False,6.799946878057583e-13,-10.931572855507298
rear,A,21000.0,119.91309041815322,15.0,0.7,1659.1778519524482,1.6e-05,731.5100446295893,74.71719769482118,10.214104132043097,1.0126024979933783,6.191246095412322e-23,True,6.803283432001741e-13,-10.955389760327469
rear,B,21000.0,119.91309041815322,15.0,0.7,1659.1778519524482,6.4e-05,731.5100446295893,149.43439538964236,20.428208264086194,2.0252049959867566,4.910491827919557e-07,True,6.803283432001741e-13,-10.955389760327469
rear,C,21000.0,119.91309041815322,15.0,0.7,1659.1778519524482,0.000256,731.5100446295893,298.8687907792847,40.85641652817239,4.050409991973513,0.007190641219550042,True,6.803283432001741e-13,-10.955389760327469
rear,D,21000.0,119.91309041815322,15.0,0.7,1659.1778519524482,0.001024,731.5100446295893,597.7375815585694,81.71283305634478,8.100819983947027,0.11051422335288585,False,6.803283432001741e-13,-10.955389760327469
rear,E,21000.0,119.91309041815322,15.0,0.7,1659.1778519524482,0.004096,731.5100446295893,1195.475163117139,163.42566611268956,16.201639967894053,0.2703022950205592,False,6.803283432001741e-13,-10.955389760327469
rear,F,21000.0,119.91309041815322,15.0,0.7,1659.1778519524482,0.016384,731.5100446295893,2390.950326234278,326.8513322253791,32.403279935788106,0.37982155008251317,False,6.803283432001741e-13,-10.955389760327469
rear,G,21000.0,119.91309041815322,15.0,0.7,1659.1778519524482,0.065536,731.5100446295893,4781.900652468556,653.7026644507582,64.80655987157621,0.4392090947479943,False,6.803283432001741e-13,-10.955389760327469
rear,H,21000.0,119.91309041815322,15.0,0.7,1659.1778519524482,0.262144,731.5100446295893,9563.801304937111,1307.4053289015164,129.61311974315242,0.46951567942850514,False,6.803283432001741e-13,-10.955389760327469
rear,A,21250.0,121.34062720884552,15.0,0.7,1669.0246912308476,1.6e-05,731.5100446295893,74.90990211974422,10.240447505772247,1.0095099822439746,7.940056330059423e-23,True,6.806649758617905e-13,-10.977678672926363
rear,B,21250.0,121.34062720884552,15.0,0.7,1669.0246912308476,6.4e-05,731.5100446295893,149.81980423948843,20.480895011544494,2.019019964487949,5.234829010398763e-07,True,6.806649758617905e-13,-10.977678672926363
rear,C,21250.0,121.34062720884552,15.0,0.7,1669.0246912308476,0.000256,731.5100446295893,299.63960847897687,40.96179002308899,4.038039928975898,0.007317254865484978,True,6.806649758617905e-13,-10.977678672926363
rear,D,21250.0,121.34062720884552,15.0,0.7,1669.0246912308476,0.001024,731.5100446295893,599.2792169579537,81.92358004617797,8.076079857951797,0.11110932481522479,False,6.806649758617905e-13,-10.977678672926363
rear,E,21250.0,121.34062720884552,15.0,0.7,1669.0246912308476,0.004096,731.5100446295893,1198.5584339159075,163.84716009235595,16.152159715903593,0.27082330602933247,False,6.806649758617905e-13,-10.977678672926363
rear,F,21250.0,121.34062720884552,15.0,0.7,1669.0246912308476,0.016384,731.5100446295893,2397.116867831815,327.6943201847119,32.30431943180719,0.3801212167380159,False,6.806649758617905e-13,-10.977678672926363
rear,G,21250.0,121.34062720884552,15.0,0.7,1669.0246912308476,0.065536,731.5100446295893,4794.23373566363,655.3886403694238,64.60863886361437,0.4393642669086034,False,6.806649758617905e-13,-10.977678672926363
rear,H,21250.0,121.34062720884552,15.0,0.7,1669.0246912308476,0.262144,731.5100446295893,9588.46747132726,1310.7772807388476,129.21727772722875,0.4695939475944825,False,6.806649758617905e-13,-10.977678672926363
rear,A,21500.0,122.76816399953782,15.0,0.7,1678.8137762917333,1.6e-05,731.5100446295893,75.10209025568662,10.266720300979005,1.006461724718614,1.015682118888936e-22,True,6.810045625346546e-13,-10.998453424805106
rear,B,21500.0,122.76816399953782,15.0,0.7,1678.8137762917333,6.4e-05,731.5100446295893,150.20418051137324,20.53344060195801,2.012923449437228,5.576964227157603e-07,True,6.810045625346546e-13,-10.998453424805106
rear,C,21500.0,122.76816399953782,15.0,0.7,1678.8137762917333,0.000256,731.5100446295893,300.4083610227465,41.06688120391602,4.025846898874456,0.007444820477694181,True,6.810045625346546e-13,-10.998453424805106
rear,D,21500.0,122.76816399953782,15.0,0.7,1678.8137762917333,0.001024,731.5100446295893,600.816722045493,82.13376240783204,8.051693797748912,0.11170205478696399,False,6.810045625346546e-13,-10.998453424805106
rear,E,21500.0,122.76816399953782,15.0,0.7,1678.8137762917333,0.004096,731.5100446295893,1201.633444090986,164.26752481566407,16.103387595497825,0.2713407531170975,False,6.810045625346546e-13,-10.998453424805106
rear,F,21500.0,122.76816399953782,15.0,0.7,1678.8137762917333,0.016384,731.5100446295893,2403.266888181972,328.53504963132815,32.20677519099565,0.3804186200229382,False,6.810045625346546e-13,-10.998453424805106
rear,G,21500.0,122.76816399953782,15.0,0.7,1678.8137762917333,0.065536,731.5100446295893,4806.533776363944,657.0700992626563,64.4135503819913,0.4395182394296913,False,6.810045625346546e-13,-10.998453424805106
rear,H,21500.0,122.76816399953782,15.0,0.7,1678.8137762917333,0.262144,731.5100446295893,9613.067552727887,1314.1401985253126,128.8271007639826,0.4696716071837267,False,6.810045625346546e-13,-10.998453424805106
rear,A,21750.0,124.19570079023012,15.0,0.7,1688.54611159885,1.6e-05,731.5100446295893,75.29376313822893,10.29292265923088,1.003456580118274,1.2959738574621571e-22,True,6.815358170156334e-13,-11.017728924543183
rear,B,21750.0,124.19570079023012,15.0,0.7,1688.54611159885,6.4e-05,731.5100446295893,150.58752627645785,20.58584531846176,2.006913160236548,5.937655234631666e-07,True,6.815358170156334e-13,-11.017728924543183
rear,C,21750.0,124.19570079023012,15.0,0.7,1688.54611159885,0.000256,731.5100446295893,301.1750525529157,41.17169063692352,4.013826320473096,0.007573328134247635,True,6.815358170156334e-13,-11.017728924543183
rear,D,21750.0,124.19570079023012,15.0,0.7,1688.54611159885,0.001024,731.5100446295893,602.3501051058314,82.34338127384704,8.027652640946192,0.11229241420399177,False,6.815358170156334e-13,-11.017728924543183
rear,E,21750.0,124.19570079023012,15.0,0.7,1688.54611159885,0.004096,731.5100446295893,1204.7002102116628,164.6867625476941,16.055305281892384,0.2718546684723915,False,6.815358170156334e-13,-11.017728924543183
rear,F,21750.0,124.19570079023012,15.0,0.7,1688.54611159885,0.016384,731.5100446295893,2409.4004204233256,329.3735250953882,32.11061056378477,0.38071378370362513,False,6.815358170156334e-13,-11.017728924543183
rear,G,21750.0,124.19570079023012,15.0,0.7,1688.54611159885,0.065536,731.5100446295893,4818.800840846651,658.7470501907763,64.22122112756954,0.43967102532175284,False,6.815358170156334e-13,-11.017728924543183
rear,H,21750.0,124.19570079023012,15.0,0.7,1688.54611159885,0.262144,731.5100446295893,9637.601681693302,1317.4941003815527,128.44244225513907,0.46974866484819,False,6.815358170156334e-13,-11.017728924543183
rear,A,22000.0,125.62323758092242,15.0,0.7,1698.2226728330654,1.6e-05,731.5100446295893,75.48492201487038,10.319054751065416,1.00049344549714,1.6495072635338412e-22,True,6.818807571705755e-13,-11.035521152378614
rear,B,22000.0,125.62323758092242,15.0,0.7,1698.2226728330654,6.4e-05,731.5100446295893,150.96984402974076,20.63810950213083,2.00098689099428,6.31768147584584e-07,True,6.818807571705755e-13,-11.035521152378614
rear,C,22000.0,125.62323758092242,15.0,0.7,1698.2226728330654,0.000256,731.5100446295893,301.9396880594815,41.27621900426166,4.00197378198856,0.007702767993061702,True,6.818807571705755e-13,-11.035521152378614
rear,D,22000.0,125.62323758092242,15.0,0.7,1698.2226728330654,0.001024,731.5100446295893,603.879376118963,82.55243800852332,8.00394756397712,0.11288040492772711,False,6.818807571705755e-13,-11.035521152378614
rear,E,22000.0,125.62323758092242,15.0,0.7,1698.2226728330654,0.004096,731.5100446295893,1207.758752237926,165.10487601704665,16.00789512795424,0.27236508449268004,False,6.818807571705755e-13,-11.035521152378614
rear,F,22000.0,125.62323758092242,15.0,0.7,1698.2226728330654,0.016384,731.5100446295893,2415.517504475852,330.2097520340933,32.01579025590848,0.38100673154359804,False,6.818807571705755e-13,-11.035521152378614
rear,G,22000.0,125.62323758092242,15.0,0.7,1698.2226728330654,0.065536,731.5100446295893,4831.035008951704,660.4195040681866,64.03158051181695,0.4398226375766337,False,6.818807571705755e-13,-11.035521152378614
rear,H,22000.0,125.62323758092242,15.0,0.7,1698.2226728330654,0.262144,731.5100446295893,9662.070017903408,1320.8390081363732,128.0631610236339,0.4698251272282103,False,6.818807571705755e-13,-11.035521152378614
rear,A,22250.0,127.05077437161472,15.0,0.7,1707.8444080339889,1.6e-05,731.5100446295893,75.6755683269525,10.345116773519074,0.9975712582365845,2.0943389051399534e-22,True,6.822285755063318e-13,-11.051847148601782
rear,B,22250.0,127.05077437161472,15.0,0.7,1707.8444080339889,6.4e-05,731.5100446295893,151.351136653905,20.690233547038147,1.995142516473169,6.717844314463318e-07,True,6.822285755063318e-13,-11.051847148601782
rear,C,22250.0,127.05077437161472,15.0,0.7,1707.8444080339889,0.000256,731.5100446295893,302.70227330781,41.380467094076295,3.990285032946338,0.007833130290874903,True,6.822285755063318e-13,-11.051847148601782
rear,D,22250.0,127.05077437161472,15.0,0.7,1707.8444080339889,0.001024,731.5100446295893,605.40454661562,82.76093418815259,7.980570065892676,0.11346602967714303,False,6.822285755063318e-13,-11.051847148601782
rear,E,22250.0,127.05077437161472,15.0,0.7,1707.8444080339889,0.004096,731.5100446295893,1210.80909323124,165.52186837630518,15.961140131785353,0.2728720337291247,False,6.822285755063318e-13,-11.051847148601782
rear,F,22250.0,127.05077437161472,15.0,0.7,1707.8444080339889,0.016384,731.5100446295893,2421.61818646248,331.04373675261036,31.922280263570705,0.3812974872738345,False,6.822285755063318e-13,-11.051847148601782
rear,G,22250.0,127.05077437161472,15.0,0.7,1707.8444080339889,0.065536,731.5100446295893,4843.23637292496,662.0874735052207,63.84456052714141,0.43997308915245914,False,6.822285755063318e-13,-11.051847148601782
rear,H,22250.0,127.05077437161472,15.0,0.7,1707.8444080339889,0.262144,731.5100446295893,9686.47274584992,1324.1749470104414,127.68912105428282,0.4699010009449511,False,6.822285755063318e-13,-11.051847148601782
rear,A,22500.0,128.47831116230702,15.0,0.7,1717.412238684018,1.6e-05,731.5100446295893,75.86570369296312,10.37110894784484,0.9946889941375732,2.6527079054863265e-22,True,6.827665587410329e-13,-11.066724995925593
rear,B,22500.0,128.47831116230702,15.0,0.7,1717.412238684018,6.4e-05,731.5100446295893,151.73140738592625,20.74221789568968,1.9893779882751463,7.138967261381555e-07,True,6.827665587410329e-13,-11.066724995925593
rear,C,22500.0,128.47831116230702,15.0,0.7,1717.412238684018,0.000256,731.5100446295893,303.4628147718525,41.48443579137936,3.9787559765502927,0.007964405342306309,True,6.827665587410329e-13,-11.066724995925593
rear,D,22500.0,128.47831116230702,15.0,0.7,1717.412238684018,0.001024,731.5100446295893,606.925629543705,82.96887158275872,7.957511953100585,0.11404929196557695,False,6.827665587410329e-13,-11.066724995925593
rear,E,22500.0,128.47831116230702,15.0,0.7,1717.412238684018,0.004096,731.5100446295893,1213.85125908741,165.93774316551745,15.91502390620117,0.273375548836415,False,6.827665587410329e-13,-11.066724995925593
rear,F,22500.0,128.47831116230702,15.0,0.7,1717.412238684018,0.016384,731.5100446295893,2427.70251817482,331.8754863310349,31.83004781240234,0.38158607456604116,False,6.827665587410329e-13,-11.066724995925593
rear,G,22500.0,128.47831116230702,15.0,0.7,1717.412238684018,0.065536,731.5100446295893,4855.40503634964,663.7509726620698,63.66009562480468,0.44012239296012234,False,6.827665587410329e-13,-11.066724995925593
rear,H,22500.0,128.47831116230702,15.0,0.7,1717.412238684018,0.262144,731.5100446295893,9710.81007269928,1327.5019453241396,127.32019124960937,0.46997629259362933,False,6.827665587410329e-13,-11.066724995925593
rear,A,22750.0,129.90584795299932,15.0,0.7,1726.9270607383323,1.6e-05,731.5100446295893,76.05532989310986,10.39703151740337,0.9918456656233443,3.3519418276892447e-22,True,6.829327288049647e-13,-11.080173796046383
rear,B,22750.0,129.90584795299932,15.0,0.7,1726.9270607383323,6.4e-05,731.5100446295893,152.1106597862197,20.79406303480674,1.9836913312466886,7.581896193758442e-07,True,6.829327288049647e-13,-11.080173796046383
rear,C,22750.0,129.90584795299932,15.0,0.7,1726.9270607383323,0.000256,731.5100446295893,304.2213195724394,41.58812606961348,3.9673826624933772,0.00809658353898739,True,6.829327288049647e-13,-11.080173796046383
rear,D,22750.0,129.90584795299932,15.0,0.7,1726.9270607383323,0.001024,731.5100446295893,608.4426391448789,83.17625213922696,7.9347653249867545,0.11463019604196195,False,6.829327288049647e-13,-11.080173796046383
rear,E,22750.0,129.90584795299932,15.0,0.7,1726.9270607383323,0.004096,731.5100446295893,1216.8852782897577,166.35250427845392,15.869530649973509,0.2738756625272266,False,6.829327288049647e-13,-11.080173796046383
rear,F,22750.0,129.90584795299932,15.0,0.7,1726.9270607383323,0.016384,731.5100446295893,2433.7705565795154,332.70500855690784,31.739061299947018,0.38187251700865343,False,6.829327288049647e-13,-11.080173796046383
rear,G,22750.0,129.90584795299932,15.0,0.7,1726.9270607383323,0.065536,731.5100446295893,4867.541113159031,665.4100171138157,63.478122599894036,0.44027056185118996,False,6.829327288049647e-13,-11.080173796046383
rear,H,22750.0,129.90584795299932,15.0,0.7,1726.9270607383323,0.262144,731.5100446295893,9735.082226318062,1330.8200342276314,126.95624519978807,0.47005100873745886,False,6.829327288049647e-13,-11.080173796046383
rear,A,23000.0,131.33338474369162,15.0,0.7,1736.3897456040854,1.6e-05,731.5100446295893,76.24444885506162,10.422884745713793,0.9890403200448574,4.2255449563391843e-22,True,6.832890022585821e-13,-11.092213640661281
rear,B,23000.0,131.33338474369162,15.0,0.7,1736.3897456040854,6.4e-05,731.5100446295893,152.48889771012324,20.845769491427586,1.9780806400897148,8.047499566358474e-07,True,6.832890022585821e-13,-11.092213640661281
rear,C,23000.0,131.33338474369162,15.0,0.7,1736.3897456040854,0.000256,731.5100446295893,304.9777954202465,41.69153898285517,3.9561612801794297,0.008229655348758493,True,6.832890022585821e-13,-11.092213640661281
rear,D,23000.0,131.33338474369162,15.0,0.7,1736.3897456040854,0.001024,731.5100446295893,609.955590840493,83.38307796571034,7.912322560358859,0.11520874683614463,False,6.832890022585821e-13,-11.092213640661281
rear,E,23000.0,131.33338474369162,15.0,0.7,1736.3897456040854,0.004096,731.5100446295893,1219.911181680986,166.76615593142068,15.824645120717719,0.2743724075309101,False,6.832890022585821e-13,-11.092213640661281
rear,F,23000.0,131.33338474369162,15.0,0.7,1736.3897456040854,0.016384,731.5100446295893,2439.822363361972,333.53231186284137,31.649290241435438,0.3821568380853171,False,6.832890022585821e-13,-11.092213640661281
rear,G,23000.0,131.33338474369162,15.0,0.7,1736.3897456040854,0.065536,731.5100446295893,4879.644726723944,667.0646237256827,63.298580482870875,0.44041760860709817,False,6.832890022585821e-13,-11.092213640661281
rear,H,23000.0,131.33338474369162,15.0,0.7,1736.3897456040854,0.262144,731.5100446295893,9759.289453447887,1334.1292474513655,126.59716096574175,0.47012515590224496,False,6.832890022585821e-13,-11.092213640661281
rear,A,23250.0,132.76092153438393,15.0,0.7,1745.8011410718302,1.6e-05,731.5100446295893,76.43306264076571,10.448668914651568,0.9862720380820866,5.314502876313839e-22,True,6.838339566238445e-13,-11.1028655772534
rear,B,23250.0,132.76092153438393,15.0,0.7,1745.8011410718302,6.4e-05,731.5100446295893,152.86612528153142,20.897337829303137,1.9725440761641733,8.53666861511937e-07,True,6.838339566238445e-13,-11.1028655772534
rear,C,23250.0,132.76092153438393,15.0,0.7,1745.8011410718302,0.000256,731.5100446295893,305.73225056306285,41.79467565860627,3.9450881523283465,0.008363611314922807,True,6.838339566238445e-13,-11.1028655772534
rear,D,23250.0,132.76092153438393,15.0,0.7,1745.8011410718302,0.001024,731.5100446295893,611.4645011261257,83.58935131721255,7.890176304656693,0.11578494990798238,False,6.838339566238445e-13,-11.1028655772534
rear,E,23250.0,132.76092153438393,15.0,0.7,1745.8011410718302,0.004096,731.5100446295893,1222.9290022522514,167.1787026344251,15.780352609313386,0.27486581655604636,False,6.838339566238445e-13,-11.1028655772534
rear,F,23250.0,132.76092153438393,15.0,0.7,1745.8011410718302,0.016384,731.5100446295893,2445.858004504503,334.3574052688502,31.560705218626772,0.3824390611556312,False,6.838339566238445e-13,-11.1028655772534
rear,G,23250.0,132.76092153438393,15.0,0.7,1745.8011410718302,0.065536,731.5100446295893,4891.716009009006,668.7148105377004,63.121410437253545,0.44056354592952274,False,6.838339566238445e-13,-11.1028655772534
rear,H,23250.0,132.76092153438393,15.0,0.7,1745.8011410718302,0.262144,731.5100446295893,9783.432018018011,1337.4296210754007,126.24282087450709,0.47019874057157185,False,6.838339566238445e-13,-11.1028655772534
rear,A,23500.0,134.18845832507623,15.0,0.7,1755.162072201992,1.6e-05,731.5100446295893,76.6211734342555,10.474384322781752,0.9835399322347703,6.668843013940943e-22,True,6.841952517127954e-13,-11.112151569999494
rear,B,23500.0,134.18845832507623,15.0,0.7,1755.162072201992,6.4e-05,731.5100446295893,153.242346868511,20.948768645563504,1.9670798644695406,9.050317552845803e-07,True,6.841952517127954e-13,-11.112151569999494
rear,C,23500.0,134.18845832507623,15.0,0.7,1755.162072201992,0.000256,731.5100446295893,306.484693737022,41.89753729112701,3.9341597289390813,0.008498442055550672,True,6.841952517127954e-13,-11.112151569999494
rear,D,23500.0,134.18845832507623,15.0,0.7,1755.162072201992,0.001024,731.5100446295893,612.969387474044,83.79507458225402,7.868319457878163,0.11635881139993764,False,6.841952517127954e-13,-11.112151569999494
rear,E,23500.0,134.18845832507623,15.0,0.7,1755.162072201992,0.004096,731.5100446295893,1225.938774948088,167.59014916450803,15.736638915756325,0.2753559222565403,False,6.841952517127954e-13,-11.112151569999494
rear,F,23500.0,134.18845832507623,15.0,0.7,1755.162072201992,0.016384,731.5100446295893,2451.877549896176,335.18029832901607,31.47327783151265,0.382719209437951,False,6.841952517127954e-13,-11.112151569999494
rear,G,23500.0,134.18845832507623,15.0,0.7,1755.162072201992,0.065536,731.5100446295893,4903.755099792352,670.3605966580321,62.9465556630253,0.44070838643181687,False,6.841952517127954e-13,-11.112151569999494
rear,H,23500.0,134.18845832507623,15.0,0.7,1755.162072201992,0.262144,731.5100446295893,9807.510199584704,1340.7211933160643,125.8931113260506,0.4702717691825284,False,6.841952517127954e-13,-11.112151569999494
rear,A,23750.0,135.61599511576853,15.0,0.7,1764.4733421690098,1.6e-05,731.5100446295893,76.80878353037183,10.500031283817172,0.9808431453967285,8.349497456810666e-22,True,6.845592395751991e-13,-11.120094456190946
rear,B,23750.0,135.61599511576853,15.0,0.7,1764.4733421690098,6.4e-05,731.5100446295893,153.61756706074365,21.000062567634345,1.961686290793457,9.589383756947544e-07,True,6.845592395751991e-13,-11.120094456190946
rear,C,23750.0,135.61599511576853,15.0,0.7,1764.4733421690098,0.000256,731.5100446295893,307.2351341214873,42.00012513526869,3.923372581586914,0.008634138262828644,True,6.845592395751991e-13,-11.120094456190946
rear,D,23750.0,135.61599511576853,15.0,0.7,1764.4733421690098,0.001024,731.5100446295893,614.4702682429746,84.00025027053738,7.846745163173828,0.11693033799291397,False,6.845592395751991e-13,-11.120094456190946
rear,E,23750.0,135.61599511576853,15.0,0.7,1764.4733421690098,0.004096,731.5100446295893,1228.9405364859492,168.00050054107476,15.693490326347655,0.27584275720095197,False,6.845592395751991e-13,-11.120094456190946
rear,F,23750.0,135.61599511576853,15.0,0.7,1764.4733421690098,0.016384,731.5100446295893,2457.8810729718984,336.0010010821495,31.38698065269531,0.38299730599406867,False,6.845592395751991e-13,-11.120094456190946
rear,G,23750.0,135.61599511576853,15.0,0.7,1764.4733421690098,0.065536,731.5100446295893,4915.762145943797,672.002002164299,62.77396130539062,0.4408521426314214,False,6.845592395751991e-13,-11.120094456190946
rear,H,23750.0,135.61599511576853,15.0,0.7,1764.4733421690098,0.262144,731.5100446295893,9831.524291887594,1344.004004328598,125.54792261078124,0.4703442481219249,False,6.845592395751991e-13,-11.120094456190946
rear,A,24000.0,137.04353190646083,15.0,0.7,1773.7357330655998,1.6e-05,731.5100446295893,76.99589532432675,10.525610125191752,0.9781808495082807,1.0430522027594514e-21,True,6.849258863212752e-13,-11.126717898593217
rear,B,24000.0,137.04353190646083,15.0,0.7,1773.7357330655998,6.4e-05,731.5100446295893,153.9917906486535,21.051220250383505,1.9563616990165613,1.015482794914566e-06,True,6.849258863212752e-13,-11.126717898593217
rear,C,24000.0,137.04353190646083,15.0,0.7,1773.7357330655998,0.000256,731.5100446295893,307.983581297307,42.10244050076701,3.9127233980331226,0.008770690702447684,True,6.849258863212752e-13,-11.126717898593217
rear,D,24000.0,137.04353190646083,15.0,0.7,1773.7357330655998,0.001024,731.5100446295893,615.967162594614,84.20488100153402,7.825446796066245,0.11749953686509174,False,6.849258863212752e-13,-11.126717898593217
rear,E,24000.0,137.04353190646083,15.0,0.7,1773.7357330655998,0.004096,731.5100446295893,1231.934325189228,168.40976200306804,15.65089359213249,0.2763263538447896,False,6.849258863212752e-13,-11.126717898593217
rear,F,24000.0,137.04353190646083,15.0,0.7,1773.7357330655998,0.016384,731.5100446295893,2463.868650378456,336.8195240061361,31.30178718426498,0.3832733737156033,False,6.849258863212752e-13,-11.126717898593217
rear,G,24000.0,137.04353190646083,15.0,0.7,1773.7357330655998,0.065536,731.5100446295893,4927.737300756912,673.6390480122722,62.60357436852996,0.44099482694316045,False,6.849258863212752e-13,-11.126717898593217
rear,H,24000.0,137.04353190646083,15.0,0.7,1773.7357330655998,0.262144,731.5100446295893,9855.474601513824,1347.2780960245443,125.20714873705992,0.4704161837229554,False,6.849258863212752e-13,-11.126717898593217
rear,A,24250.0,138.47106869715313,15.0,0.7,1782.950006669409,1.6e-05,731.5100446295893,77.18251130204483,10.551121186740138,0.9755522442817406,1.3001734389944889e-21,True,6.851110375034625e-13,-11.132046334190997
rear,B,24250.0,138.47106869715313,15.0,0.7,1782.950006669409,6.4e-05,731.5100446295893,154.36502260408966,21.102242373480276,1.9511044885634812,1.0747634367078743e-06,True,6.851110375034625e-13,-11.132046334190997
rear,C,24250.0,138.47106869715313,15.0,0.7,1782.950006669409,0.000256,731.5100446295893,308.7300452081793,42.20448474696055,3.9022089771269624,0.00890809021302571,True,6.851110375034625e-13,-11.132046334190997
rear,D,24250.0,138.47106869715313,15.0,0.7,1782.950006669409,0.001024,731.5100446295893,617.4600904163586,84.4089694939211,7.804417954253925,0.1180664156535497,False,6.851110375034625e-13,-11.132046334190997
rear,E,24250.0,138.47106869715313,15.0,0.7,1782.950006669409,0.004096,731.5100446295893,1234.9201808327173,168.8179389878422,15.60883590850785,0.276806744505516,False,6.851110375034625e-13,-11.132046334190997
rear,F,24250.0,138.47106869715313,15.0,0.7,1782.950006669409,0.016384,731.5100446295893,2469.8403616654346,337.6358779756844,31.2176718170157,0.383547435311951,False,6.851110375034625e-13,-11.132046334190997
rear,G,24250.0,138.47106869715313,15.0,0.7,1782.950006669409,0.065536,731.5100446295893,4939.680723330869,675.2717559513688,62.4353436340314,0.44113645167334137,False,6.851110375034625e-13,-11.132046334190997
rear,H,24250.0,138.47106869715313,15.0,0.7,1782.950006669409,0.262144,731.5100446295893,9879.361446661738,1350.5435119027377,124.8706872680628,0.4704875822622666,False,6.851110375034625e-13,-11.132046334190997
rear,A,24500.0,139.89860548784543,15.0,0.7,1792.1169051741938,1.6e-05,731.5100446295893,77.36863403122256,10.576564819475484,0.9729565559952994,1.6171844062606485e-21,True,6.854833416825136e-13,-11.136104919790617
rear,B,24500.0,139.89860548784543,15.0,0.7,1792.1169051741938,6.4e-05,731.5100446295893,154.7372680624451,21.15312963895097,1.9459131119905988,1.1368810927750607e-06,True,6.854833416825136e-13,-11.136104919790617
rear,C,24500.0,139.89860548784543,15.0,0.7,1792.1169051741938,0.000256,731.5100446295893,309.4745361248902,42.30625927790194,3.8918262239811976,0.009046327705560492,True,6.854833416825136e-13,-11.136104919790617
rear,D,24500.0,139.89860548784543,15.0,0.7,1792.1169051741938,0.001024,731.5100446295893,618.9490722497804,84.61251855580387,7.783652447962395,0.11863098241847003,False,6.854833416825136e-13,-11.136104919790617
rear,E,24500.0,139.89860548784543,15.0,0.7,1792.1169051741938,0.004096,731.5100446295893,1237.8981444995609,169.22503711160775,15.56730489592479,0.2772839613400383,False,6.854833416825136e-13,-11.136104919790617
rear,F,24500.0,139.89860548784543,15.0,0.7,1792.1169051741938,0.016384,731.5100446295893,2475.7962889991218,338.4500742232155,31.13460979184958,0.3838195132996547,False,6.854833416825136e-13,-11.136104919790617
rear,G,24500.0,139.89860548784543,15.0,0.7,1792.1169051741938,0.065536,731.5100446295893,4951.5925779982435,676.900148446431,62.26921958369916,0.4412770290145888,False,6.854833416825136e-13,-11.136104919790617
rear,H,24500.0,139.89860548784543,15.0,0.7,1792.1169051741938,0.262144,731.5100446295893,9903.185155996487,1353.800296892862,124.53843916739832,0.47055844995739543,False,6.854833416825136e-13,-11.136104919790617
rear,A,24750.0,141.32614227853773,15.0,0.7,1801.2371518875063,1.6e-05,731.5100446295893,77.55426615305106,10.601941384457923,0.9703930363509852,2.0072158780355118e-21,True,6.860414351509294e-13,-11.138919474960872
rear,B,24750.0,141.32614227853773,15.0,0.7,1801.2371518875063,6.4e-05,731.5100446295893,155.10853230610212,21.203882768915847,1.9407860727019703,1.2019389382766165e-06,True,6.860414351509294e-13,-11.138919474960872
rear,C,24750.0,141.32614227853773,15.0,0.7,1801.2371518875063,0.000256,731.5100446295893,310.21706461220424,42.40776553783169,3.8815721454039407,0.009185394162908835,True,6.860414351509294e-13,-11.138919474960872
rear,D,24750.0,141.32614227853773,15.0,0.7,1801.2371518875063,0.001024,731.5100446295893,620.4341292244085,84.81553107566339,7.763144290807881,0.11919324560974104,False,6.860414351509294e-13,-11.138919474960872
rear,E,24750.0,141.32614227853773,15.0,0.7,1801.2371518875063,0.004096,731.5100446295893,1240.868258448817,169.63106215132677,15.526288581615763,0.27775803632447266,False,6.860414351509294e-13,-11.138919474960872
rear,F,24750.0,141.32614227853773,15.0,0.7,1801.2371518875063,0.016384,731.5100446295893,2481.736516897634,339.26212430265355,31.052577163231526,0.38408962999306906,False,6.860414351509294e-13,-11.138919474960872
rear,G,24750.0,141.32614227853773,15.0,0.7,1801.2371518875063,0.065536,731.5100446295893,4963.473033795268,678.5242486053071,62.10515432646305,0.44141657104134513,False,6.860414351509294e-13,-11.138919474960872
rear,H,24750.0,141.32614227853773,15.0,0.7,1801.2371518875063,0.262144,731.5100446295893,9926.946067590536,1357.0484972106142,124.2103086529261,0.47062879296454313,False,6.860414351509294e-13,-11.138919474960872
rear,A,25000.0,142.75367906923003,15.0,0.7,1810.311451896745,1.6e-05,731.5100446295893,77.73941037455202,10.627251251746857,0.9678609613926807,2.4860964855530747e-21,True,6.862355701418033e-13,-11.140516422801923
rear,B,25000.0,142.75367906923003,15.0,0.7,1810.311451896745,6.4e-05,731.5100446295893,155.47882074910405,21.254502503493715,1.9357219227853615,1.270042546531156e-06,True,6.862355701418033e-13,-11.140516422801923
rear,C,25000.0,142.75367906923003,15.0,0.7,1810.311451896745,0.000256,731.5100446295893,310.9576414982081,42.50900500698743,3.871443845570723,0.009325280639288839,True,6.862355701418033e-13,-11.140516422801923
rear,D,25000.0,142.75367906923003,15.0,0.7,1810.311451896745,0.001024,731.5100446295893,621.9152829964162,85.01801001397486,7.742887691141446,0.11975321403578887,False,6.862355701418033e-13,-11.140516422801923
rear,E,25000.0,142.75367906923003,15.0,0.7,1810.311451896745,0.004096,731.5100446295893,1243.8305659928324,170.03602002794972,15.485775382282892,0.27822900123599226,False,6.862355701418033e-13,-11.140516422801923
rear,F,25000.0,142.75367906923003,15.0,0.7,1810.311451896745,0.016384,731.5100446295893,2487.6611319856647,340.07204005589944,30.971550764565784,0.38435780749620485,False,6.862355701418033e-13,-11.140516422801923
rear,G,25000.0,142.75367906923003,15.0,0.7,1810.311451896745,0.065536,731.5100446295893,4975.322263971329,680.1440801117989,61.94310152913157,0.4415550897059779,False,6.862355701418033e-13,-11.140516422801923
rear,H,25000.0,142.75367906923003,15.0,0.7,1810.311451896745,0.262144,731.5100446295893,9950.644527942659,1360.2881602235977,123.88620305826313,0.4706986173766547,False,6.862355701418033e-13,-11.140516422801923
rear,A,25250.0,144.18121585992233,15.0,0.7,1819.340492705306,1.6e-05,731.5100446295893,77.92406946148078,10.652494799430782,0.9653596304804742,3.072869427083116e-21,True,6.86615424123652e-13,-11.140922729032727
rear,B,25250.0,144.18121585992233,15.0,0.7,1819.340492705306,6.4e-05,731.5100446295893,155.84813892296157,21.304989598861564,1.9307192609609485,1.341299902884151e-06,True,6.86615424123652e-13,-11.140922729032727
rear,C,25250.0,144.18121585992233,15.0,0.7,1819.340492705306,0.000256,731.5100446295893,311.69627784592313,42.60997919772313,3.861438521921897,0.009465978259802176,True,6.86615424123652e-13,-11.140922729032727
rear,D,25250.0,144.18121585992233,15.0,0.7,1819.340492705306,0.001024,731.5100446295893,623.3925556918463,85.21995839544626,7.722877043843794,0.12031089683448043,False,6.86615424123652e-13,-11.140922729032727
rear,E,25250.0,144.18121585992233,15.0,0.7,1819.340492705306,0.004096,731.5100446295893,1246.7851113836925,170.4399167908925,15.445754087687588,0.2786968876365844,False,6.86615424123652e-13,-11.140922729032727
rear,F,25250.0,144.18121585992233,15.0,0.7,1819.340492705306,0.016384,731.5100446295893,2493.570222767385,340.879833581785,30.891508175375176,0.38462406769564833,False,6.86615424123652e-13,-11.140922729032727
rear,G,25250.0,144.18121585992233,15.0,0.7,1819.340492705306,0.065536,731.5100446295893,4987.14044553477,681.75966716357,61.78301635075035,0.4416925968354396,False,6.86615424123652e-13,-11.140922729032727
rear,H,25250.0,144.18121585992233,15.0,0.7,1819.340492705306,0.262144,731.5100446295893,9974.28089106954,1363.51933432714,123.5660327015007,0.4707679292217762,False,6.86615424123652e-13,-11.140922729032727
rear,A,25500.0,145.60875265061463,15.0,0.7,1828.32494484046,1.6e-05,731.5100446295893,78.10824623175407,10.677672412728837,0.9628883653178884,3.790400840460405e-21,True,6.868157862706994e-13,-11.140165839881657
rear,B,25500.0,145.60875265061463,15.0,0.7,1828.32494484046,6.4e-05,731.5100446295893,156.21649246350813,21.355344825457674,1.9257767306357767,1.4158214177443943e-06,True,6.868157862706994e-13,-11.140165839881657
rear,C,25500.0,145.60875265061463,15.0,0.7,1828.32494484046,0.000256,731.5100446295893,312.43298492701626,42.71068965091535,3.8515534612715534,0.009607478219973781,True,6.868157862706994e-13,-11.140165839881657
rear,D,25500.0,145.60875265061463,15.0,0.7,1828.32494484046,0.001024,731.5100446295893,624.8659698540325,85.4213793018307,7.703106922543107,0.1208663034459529,False,6.868157862706994e-13,-11.140165839881657
rear,E,25500.0,145.60875265061463,15.0,0.7,1828.32494484046,0.004096,731.5100446295893,1249.731939708065,170.8427586036614,15.406213845086214,0.2791617268585568,False,6.868157862706994e-13,-11.140165839881657
rear,F,25500.0,145.60875265061463,15.0,0.7,1828.32494484046,0.016384,731.5100446295893,2499.46387941613,341.6855172073228,30.812427690172427,0.3848884322544591,False,6.868157862706994e-13,-11.140165839881657
rear,G,25500.0,145.60875265061463,15.0,0.7,1828.32494484046,0.065536,731.5100446295893,4998.92775883226,683.3710344146456,61.624855380344854,0.4418291041284295,False,6.868157862706994e-13,-11.140165839881657
rear,H,25500.0,145.60875265061463,15.0,0.7,1828.32494484046,0.262144,731.5100446295893,9997.85551766452,1366.7420688292912,123.24971076068971,0.47083673446166474,False,6.868157862706994e-13,-11.140165839881657
rear,A,25750.0,147.03628944130693,15.0,0.7,1837.265462434472,1.6e-05,731.5100446295893,78.29194354936344,10.702784483158766,0.9604465090287722,4.6660947810885875e-21,True,6.872009240367393e-13,-11.138273619253544
rear,B,25750.0,147.03628944130693,15.0,0.7,1837.265462434472,6.4e-05,731.5100446295893,156.58388709872688,21.40556896631753,1.9208930180575443,1.4937199387858574e-06,True,6.872009240367393e-13,-11.138273619253544
rear,C,25750.0,147.03628944130693,15.0,0.7,1837.265462434472,0.000256,731.5100446295893,313.16777419745375,42.81113793263506,3.8417860361150886,0.009749771785306434,True,6.872009240367393e-13,-11.138273619253544
rear,D,25750.0,147.03628944130693,15.0,0.7,1837.265462434472,0.001024,731.5100446295893,626.3355483949075,85.62227586527013,7.683572072230177,0.121419443587235,False,6.872009240367393e-13,-11.138273619253544
rear,E,25750.0,147.03628944130693,15.0,0.7,1837.265462434472,0.004096,731.5100446295893,1252.671096789815,171.24455173054025,15.367144144460354,0.2796235499916445,False,6.872009240367393e-13,-11.138273619253544
rear,F,25750.0,147.03628944130693,15.0,0.7,1837.265462434472,0.016384,731.5100446295893,2505.34219357963,342.4891034610805,30.73428828892071,0.3851509226069604,False,6.872009240367393e-13,-11.138273619253544
rear,G,25750.0,147.03628944130693,15.0,0.7,1837.265462434472,0.065536,731.5100446295893,5010.68438715926,684.978206922161,61.46857657784142,0.4419646231530117,False,6.872009240367393e-13,-11.138273619253544
rear,H,25750.0,147.03628944130693,15.0,0.7,1837.265462434472,0.262144,731.5100446295893,10021.36877431852,1369.956413844322,122.93715315568284,0.470905038990628,False,6.872009240367393e-13,-11.138273619253544
rear,A,26000.0,148.46382623199924,15.0,0.7,1846.1626837803976,1.6e-05,731.5100446295893,78.47516431873862,10.727831407766336,0.9580334252808639,5.732731963174352e-21,True,6.87588434150466e-13,-11.135274285631493
rear,B,26000.0,148.46382623199924,15.0,0.7,1846.1626837803976,6.4e-05,731.5100446295893,156.95032863747724,21.455662815532673,1.9160668505617278,1.5751107623134624e-06,True,6.87588434150466e-13,-11.135274285631493
rear,C,26000.0,148.46382623199924,15.0,0.7,1846.1626837803976,0.000256,731.5100446295893,313.9006572749545,42.911325631065345,3.8321337011234555,0.009892850290848323,True,6.87588434150466e-13,-11.135274285631493
rear,D,26000.0,148.46382623199924,15.0,0.7,1846.1626837803976,0.001024,731.5100446295893,627.801314549909,85.82265126213069,7.664267402246911,0.1219703272285379,False,6.87588434150466e-13,-11.135274285631493
rear,E,26000.0,148.46382623199924,15.0,0.7,1846.1626837803976,0.004096,731.5100446295893,1255.602629099818,171.64530252426138,15.328534804493822,0.28008238787158724,False,6.87588434150466e-13,-11.135274285631493
rear,F,26000.0,148.46382623199924,15.0,0.7,1846.1626837803976,0.016384,731.5100446295893,2511.205258199636,343.29060504852276,30.657069608987644,0.38541155995434034,False,6.87588434150466e-13,-11.135274285631493
rear,G,26000.0,148.46382623199924,15.0,0.7,1846.1626837803976,0.065536,731.5100446295893,5022.410516399272,686.5812100970455,61.31413921797529,0.4420991653446482,False,6.87588434150466e-13,-11.135274285631493
rear,H,26000.0,148.46382623199924,15.0,0.7,1846.1626837803976,0.262144,731.5100446295893,10044.821032798543,1373.162420194091,122.62827843595058,0.4709728486345723,False,6.87588434150466e-13,-11.135274285631493
rear,A,26250.0,149.89136302269154,15.0,0.7,1855.0172318638781,1.6e-05,731.5100446295893,78.65791147952754,10.752813588411778,0.9556484974532449,7.02945193222455e-21,True,6.879782813655538e-13,-11.131196349149636
rear,B,26250.0,149.89136302269154,15.0,0.7,1855.0172318638781,6.4e-05,731.5100446295893,157.31582295905508,21.505627176823555,1.9112969949064897,1.6601116437917136e-06,True,6.879782813655538e-13,-11.131196349149636
rear,C,26250.0,149.89136302269154,15.0,0.7,1855.0172318638781,0.000256,731.5100446295893,314.63164591811017,43.01125435364711,3.8225939898129795,0.010036705140771613,False,6.879782813655538e-13,-11.131196349149636
rear,D,26250.0,149.89136302269154,15.0,0.7,1855.0172318638781,0.001024,731.5100446295893,629.2632918362203,86.02250870729422,7.645187979625959,0.12251896457110051,False,6.879782813655538e-13,-11.131196349149636
rear,E,26250.0,149.89136302269154,15.0,0.7,1855.0172318638781,0.004096,731.5100446295893,1258.5265836724407,172.04501741458844,15.290375959251918,0.28053827107004914,False,6.879782813655538e-13,-11.131196349149636
rear,F,26250.0,149.89136302269154,15.0,0.7,1855.0172318638781,0.016384,731.5100446295893,2517.0531673448813,344.0900348291769,30.580751918503836,0.3856703652609923,False,6.879782813655538e-13,-11.131196349149636
rear,G,26250.0,149.89136302269154,15.0,0.7,1855.0172318638781,0.065536,731.5100446295893,5034.106334689763,688.1800696583538,61.16150383700767,0.4422327420046088,False,6.879782813655538e-13,-11.131196349149636
rear,H,26250.0,149.89136302269154,15.0,0.7,1855.0172318638781,0.262144,731.5100446295893,10068.212669379525,1376.3601393167075,122.32300767401534,0.4710401691502395,False,6.879782813655538e-13,-11.131196349149636
rear,A,26500.0,151.31889981338384,15.0,0.7,1863.8297148722063,1.6e-05,731.5100446295893,78.84018800176266,10.777731431108991,0.9532911278450887,8.602901176378921e-21,True,6.883704305238731e-13,-11.126068549248984
rear,B,26500.0,151.31889981338384,15.0,0.7,1863.8297148722063,6.4e-05,731.5100446295893,157.6803760035253,21.555462862217983,1.9065822556901775,1.748842807536054e-06,True,6.883704305238731e-13,-11.126068549248984
rear,C,26500.0,151.31889981338384,15.0,0.7,1863.8297148722063,0.000256,731.5100446295893,315.3607520070506,43.110925724435965,3.813164511380355,0.010181327807960385,False,6.883704305238731e-13,-11.126068549248984
rear,D,26500.0,151.31889981338384,15.0,0.7,1863.8297148722063,0.001024,731.5100446295893,630.7215040141012,86.22185144887193,7.62632902276071,0.12306536602648355,False,6.883704305238731e-13,-11.126068549248984
rear,E,26500.0,151.31889981338384,15.0,0.7,1863.8297148722063,0.004096,731.5100446295893,1261.4430080282025,172.44370289774386,15.25265804552142,0.2809912298857723,False,6.883704305238731e-13,-11.126068549248984
rear,F,26500.0,151.31889981338384,15.0,0.7,1863.8297148722063,0.016384,731.5100446295893,2522.886016056405,344.8874057954877,30.50531609104284,0.3859273592515275,False,6.883704305238731e-13,-11.126068549248984
rear,G,26500.0,151.31889981338384,15.0,0.7,1863.8297148722063,0.065536,731.5100446295893,5045.77203211281,689.7748115909754,61.01063218208568,0.4423653642987229,False,6.883704305238731e-13,-11.126068549248984
rear,H,26500.0,151.31889981338384,15.0,0.7,1863.8297148722063,0.262144,731.5100446295893,10091.54406422562,1379.549623181951,122.02126436417136,0.4711070062246165,False,6.883704305238731e-13,-11.126068549248984
rear,A,26750.0,152.74643660407614,15.0,0.7,1872.600726681824,1.6e-05,731.5100446295893,79.0219968813854,10.802585345413723,0.9509607369232935,1.0508572890905457e-20,True,6.885850124261565e-13,-11.119919793300319
rear,B,26750.0,152.74643660407614,15.0,0.7,1872.600726681824,6.4e-05,731.5100446295893,158.0439937627708,21.605170690827446,1.901921473846587,1.841426955567198e-06,True,6.885850124261565e-13,-11.119919793300319
rear,C,26750.0,152.74643660407614,15.0,0.7,1872.600726681824,0.000256,731.5100446295893,316.0879875255416,43.21034138165489,3.803842947693174,0.01032670983360649,False,6.885850124261565e-13,-11.119919793300319
rear,D,26750.0,152.74643660407614,15.0,0.7,1872.600726681824,0.001024,731.5100446295893,632.1759750510832,86.42068276330978,7.607685895386348,0.12360954219721393,False,6.885850124261565e-13,-11.119919793300319
rear,E,26750.0,152.74643660407614,15.0,0.7,1872.600726681824,0.004096,731.5100446295893,1264.3519501021665,172.84136552661957,15.215371790772696,0.28144129433685783,False,6.885850124261565e-13,-11.119919793300319
rear,F,26750.0,152.74643660407614,15.0,0.7,1872.600726681824,0.016384,731.5100446295893,2528.703900204333,345.68273105323914,30.430743581545393,0.386182562408398,False,6.885850124261565e-13,-11.119919793300319
rear,G,26750.0,152.74643660407614,15.0,0.7,1872.600726681824,0.065536,731.5100446295893,5057.407800408666,691.3654621064783,60.861487163090786,0.4424970432564417,False,6.885850124261565e-13,-11.119919793300319
rear,H,26750.0,152.74643660407614,15.0,0.7,1872.600726681824,0.262144,731.5100446295893,10114.815600817332,1382.7309242129566,121.72297432618157,0.4711733654744996,False,6.885850124261565e-13,-11.119919793300319
rear,A,27000.0,154.17397339476844,15.0,0.7,1881.3308473253662,1.6e-05,731.5100446295893,79.20334113610298,10.82737574385718,0.948656762606737,1.2812367725853679e-20,True,6.889820722664109e-13,-11.112779096546396
rear,B,27000.0,154.17397339476844,15.0,0.7,1881.3308473253662,6.4e-05,731.5100446295893,158.40668227220596,21.65475148771436,1.897313525213474,1.9379892756294497e-06,True,6.889820722664109e-13,-11.112779096546396
rear,C,27000.0,154.17397339476844,15.0,0.7,1881.3308473253662,0.000256,731.5100446295893,316.8133645444119,43.30950297542872,3.794627050426948,0.010472842826812016,False,6.889820722664109e-13,-11.112779096546396
rear,D,27000.0,154.17397339476844,15.0,0.7,1881.3308473253662,0.001024,731.5100446295893,633.6267290888238,86.61900595085744,7.589254100853896,0.12415150385868967,False,6.889820722664109e-13,-11.112779096546396
rear,E,27000.0,154.17397339476844,15.0,0.7,1881.3308473253662,0.004096,731.5100446295893,1267.2534581776476,173.23801190171488,15.178508201707793,0.2818884941540807,False,6.889820722664109e-13,-11.112779096546396
rear,F,27000.0,154.17397339476844,15.0,0.7,1881.3308473253662,0.016384,731.5100446295893,2534.5069163552953,346.47602380342977,30.357016403415585,0.38643599497007514,False,6.889820722664109e-13,-11.112779096546396
rear,G,27000.0,154.17397339476844,15.0,0.7,1881.3308473253662,0.065536,731.5100446295893,5069.013832710591,692.9520476068595,60.71403280683117,0.4426277897701814,False,6.889820722664109e-13,-11.112779096546396
rear,H,27000.0,154.17397339476844,15.0,0.7,1881.3308473253662,0.262144,731.5100446295893,10138.027665421181,1385.904095213719,121.42806561366234,0.47123925244620046,False,6.889820722664109e-13,-11.112779096546396
rear,A,27250.0,155.60151018546074,15.0,0.7,1890.0206434392892,1.6e-05,731.5100446295893,79.38422380155316,10.852103041421737,0.9463786595850603,1.5592408917156918e-20,True,6.892023129217429e-13,-11.104675523683827
rear,B,27250.0,155.60151018546074,15.0,0.7,1890.0206434392892,6.4e-05,731.5100446295893,158.76844760310632,21.704206082843474,1.8927573191701206,2.038657448374644e-06,True,6.892023129217429e-13,-11.104675523683827
rear,C,27250.0,155.60151018546074,15.0,0.7,1890.0206434392892,0.000256,731.5100446295893,317.53689520621265,43.40841216568695,3.785514638340241,0.010619718464197283,False,6.892023129217429e-13,-11.104675523683827
rear,D,27250.0,155.60151018546074,15.0,0.7,1890.0206434392892,0.001024,731.5100446295893,635.0737904124253,86.8168243313739,7.571029276680482,0.12469126194226043,False,6.892023129217429e-13,-11.104675523683827
rear,E,27250.0,155.60151018546074,15.0,0.7,1890.0206434392892,0.004096,731.5100446295893,1270.1475808248506,173.6336486627478,15.142058553360965,0.282332858775151,False,6.892023129217429e-13,-11.104675523683827
rear,F,27250.0,155.60151018546074,15.0,0.7,1890.0206434392892,0.016384,731.5100446295893,2540.295161649701,347.2672973254956,30.28411710672193,0.3866876769297322,False,6.892023129217429e-13,-11.104675523683827
rear,G,27250.0,155.60151018546074,15.0,0.7,1890.0206434392892,0.065536,731.5100446295893,5080.590323299402,694.5345946509912,60.56823421344386,0.4427576145949218,False,6.892023129217429e-13,-11.104675523683827
rear,H,27250.0,155.60151018546074,15.0,0.7,1890.0206434392892,0.262144,731.5100446295893,10161.180646598805,1389.0691893019823,121.13646842688772,0.47130467261537934,False,6.892023129217429e-13,-11.104675523683827
rear,A,27500.0,157.02904697615304,15.0,0.7,1898.6706686930595,1.6e-05,731.5100446295893,79.5646479277556,10.876767655055826,0.9441258986700043,1.894114977645415e-20,True,6.896041330468146e-13,-11.095638132369778
rear,B,27500.0,157.02904697615304,15.0,0.7,1898.6706686930595,6.4e-05,731.5100446295893,159.1292958555112,21.75353531011165,1.8882517973400086,2.1435616537138373e-06,True,6.896041330468146e-13,-11.095638132369778
rear,C,27500.0,157.02904697615304,15.0,0.7,1898.6706686930595,0.000256,731.5100446295893,318.2585917110224,43.5070706202233,3.776503594680017,0.010767328489513383,False,6.896041330468146e-13,-11.095638132369778
rear,D,27500.0,157.02904697615304,15.0,0.7,1898.6706686930595,0.001024,731.5100446295893,636.5171834220448,87.0141412404466,7.553007189360034,0.12522882751940578,False,6.896041330468146e-13,-11.095638132369778
rear,E,27500.0,157.02904697615304,15.0,0.7,1898.6706686930595,0.004096,731.5100446295893,1273.0343668440896,174.0282824808932,15.106014378720069,0.2827744173398413,False,6.896041330468146e-13,-11.095638132369778
rear,F,27500.0,157.02904697615304,15.0,0.7,1898.6706686930595,0.016384,731.5100446295893,2546.0687336881792,348.0565649617864,30.212028757440137,0.38693762803438425,False,6.896041330468146e-13,-11.095638132369778
rear,G,27500.0,157.02904697615304,15.0,0.7,1898.6706686930595,0.065536,731.5100446295893,5092.1374673763585,696.1131299235728,60.424057514880275,0.4428865283480346,False,6.896041330468146e-13,-11.095638132369778
rear,H,27500.0,157.02904697615304,15.0,0.7,1898.6706686930595,0.262144,731.5100446295893,10184.274934752717,1392.2262598471457,120.84811502976055,0.47136963138699417,False,6.896041330468146e-13,-11.095638132369778
rear,A,27750.0,158.4565837668453,15.0,0.7,1907.281464200823,1.6e-05,731.5100446295893,79.74461657582846,10.901370003225082,0.9418979661774725,2.296781664929127e-20,True,6.900080760303099e-13,-11.085695918903387
rear,B,27750.0,158.4565837668453,15.0,0.7,1907.281464200823,6.4e-05,731.5100446295893,159.48923315165692,21.802740006450165,1.883795932354945,2.2528345763393476e-06,True,6.900080760303099e-13,-11.085695918903387
rear,C,27750.0,158.4565837668453,15.0,0.7,1907.281464200823,0.000256,731.5100446295893,318.97846630331384,43.60548001290033,3.76759186470989,0.010915664713258156,False,6.900080760303099e-13,-11.085695918903387
rear,D,27750.0,158.4565837668453,15.0,0.7,1907.281464200823,0.001024,731.5100446295893,637.9569326066277,87.21096002580066,7.53518372941978,0.1257642117869388,False,6.900080760303099e-13,-11.085695918903387
rear,E,27750.0,158.4565837668453,15.0,0.7,1907.281464200823,0.004096,731.5100446295893,1275.9138652132553,174.42192005160132,15.07036745883956,0.28321319868590633,False,6.900080760303099e-13,-11.085695918903387
rear,F,27750.0,158.4565837668453,15.0,0.7,1907.281464200823,0.016384,731.5100446295893,2551.8277304265107,348.84384010320264,30.14073491767912,0.38718586778444203,False,6.900080760303099e-13,-11.085695918903387
rear,G,27750.0,158.4565837668453,15.0,0.7,1907.281464200823,0.065536,731.5100446295893,5103.655460853021,697.6876802064053,60.28146983535824,0.4430145415093203,False,6.900080760303099e-13,-11.085695918903387
rear,H,27750.0,158.4565837668453,15.0,0.7,1907.281464200823,0.262144,731.5100446295893,10207.310921706043,1395.3753604128106,120.56293967071647,0.4714341340953534,False,6.900080760303099e-13,-11.085695918903387
rear,A,28000.0,159.8841205575376,15.0,0.7,1915.8535589164221,1.6e-05,731.5100446295893,79.9241328149521,10.925910505497274,0.9396943633385976,2.7801236204922693e-20,True,6.902363036223484e-13,-11.074877766297334
rear,B,28000.0,159.8841205575376,15.0,0.7,1915.8535589164221,6.4e-05,731.5100446295893,159.8482656299042,21.85182101099455,1.8793887266771951,2.3666114104206823e-06,True,6.902363036223484e-13,-11.074877766297334
rear,C,28000.0,159.8841205575376,15.0,0.7,1915.8535589164221,0.000256,731.5100446295893,319.6965312598084,43.7036420219891,3.7587774533543903,0.011064719012295342,False,6.902363036223484e-13,-11.074877766297334
rear,D,28000.0,159.8841205575376,15.0,0.7,1915.8535589164221,0.001024,731.5100446295893,639.3930625196168,87.4072840439782,7.517554906708781,0.12629742605316835,False,6.902363036223484e-13,-11.074877766297334
rear,E,28000.0,159.8841205575376,15.0,0.7,1915.8535589164221,0.004096,731.5100446295893,1278.7861250392336,174.8145680879564,15.035109813417561,0.2836492313457277,False,6.902363036223484e-13,-11.074877766297334
rear,F,28000.0,159.8841205575376,15.0,0.7,1915.8535589164221,0.016384,731.5100446295893,2557.5722500784673,349.6291361759128,30.070219626835122,0.3874324154336423,False,6.902363036223484e-13,-11.074877766297334
rear,G,28000.0,159.8841205575376,15.0,0.7,1915.8535589164221,0.065536,731.5100446295893,5115.144500156935,699.2582723518256,60.140439253670245,0.4431416644212336,False,6.902363036223484e-13,-11.074877766297334
rear,H,28000.0,159.8841205575376,15.0,0.7,1915.8535589164221,0.262144,731.5100446295893,10230.28900031387,1398.516544703651,120.28087850734049,0.4714981860042634,False,6.902363036223484e-13,-11.074877766297334
rear,A,28250.0,161.31165734822991,15.0,0.7,1924.3874700125768,1.6e-05,731.5100446295893,80.10319971956191,10.950389582158552,0.9375146057382047,3.359310235874601e-20,True,6.904673813929974e-13,-11.063212394918168
rear,B,28250.0,161.31165734822991,15.0,0.7,1924.3874700125768,6.4e-05,731.5100446295893,160.20639943912383,21.900779164317104,1.8750292114764093,2.485029863477792e-06,True,6.904673813929974e-13,-11.063212394918168
rear,C,28250.0,161.31165734822991,15.0,0.7,1924.3874700125768,0.000256,731.5100446295893,320.41279887824766,43.80155832863421,3.7500584229528187,0.011214483329475623,False,6.904673813929974e-13,-11.063212394918168
rear,D,28250.0,161.31165734822991,15.0,0.7,1924.3874700125768,0.001024,731.5100446295893,640.8255977564953,87.60311665726842,7.500116845905637,0.1268284817249561,False,6.904673813929974e-13,-11.063212394918168
rear,E,28250.0,161.31165734822991,15.0,0.7,1924.3874700125768,0.004096,731.5100446295893,1281.6511955129906,175.20623331453683,15.000233691811275,0.28408254354362206,False,6.904673813929974e-13,-11.063212394918168
rear,F,28250.0,161.31165734822991,15.0,0.7,1924.3874700125768,0.016384,731.5100446295893,2563.3023910259813,350.41246662907366,30.00046738362255,0.3876772899893166,False,6.904673813929974e-13,-11.063212394918168
rear,G,28250.0,161.31165734822991,15.0,0.7,1924.3874700125768,0.065536,731.5100446295893,5126.6047820519625,700.8249332581473,60.0009347672451,0.4432679072892775,False,6.904673813929974e-13,-11.063212394918168
rear,H,28250.0,161.31165734822991,15.0,0.7,1924.3874700125768,0.262144,731.5100446295893,10253.209564103925,1401.6498665162947,120.0018695344902,0.4715617923072601,False,6.904673813929974e-13,-11.063212394918168
rear,A,28500.0,162.73919413892222,15.0,0.7,1932.8837032449962,1.6e-05,731.5100446295893,80.28182036675426,10.974807653858823,0.9353582227791711,4.0521745321430206e-20,True,6.908782797905038e-13,-11.050728315841827
rear,B,28500.0,162.73919413892222,15.0,0.7,1932.8837032449962,6.4e-05,731.5100446295893,160.56364073350852,21.949615307717647,1.8707164455583423,2.6082301594362517e-06,True,6.908782797905038e-13,-11.050728315841827
rear,C,28500.0,162.73919413892222,15.0,0.7,1932.8837032449962,0.000256,731.5100446295893,321.12728146701704,43.89923061543529,3.7414328911166845,0.011364949673259529,False,6.908782797905038e-13,-11.050728315841827
rear,D,28500.0,162.73919413892222,15.0,0.7,1932.8837032449962,0.001024,731.5100446295893,642.2545629340341,87.79846123087059,7.482865782233369,0.1273573902956115,False,6.908782797905038e-13,-11.050728315841827
rear,E,28500.0,162.73919413892222,15.0,0.7,1932.8837032449962,0.004096,731.5100446295893,1284.5091258680682,175.59692246174117,14.965731564466738,0.28451316319375397,False,6.908782797905038e-13,-11.050728315841827
rear,F,28500.0,162.73919413892222,15.0,0.7,1932.8837032449962,0.016384,731.5100446295893,2569.0182517361363,351.19384492348235,29.931463128933476,0.3879205102129672,False,6.908782797905038e-13,-11.050728315841827
rear,G,28500.0,162.73919413892222,15.0,0.7,1932.8837032449962,0.065536,731.5100446295893,5138.036503472273,702.3876898469647,59.86292625786695,0.44339328018255064,False,6.908782797905038e-13,-11.050728315841827
rear,H,28500.0,162.73919413892222,15.0,0.7,1932.8837032449962,0.262144,731.5100446295893,10276.073006944545,1404.7753796939294,119.7258525157339,0.47162495812791677,False,6.908782797905038e-13,-11.050728315841827
rear,A,28750.0,164.16673092961452,15.0,0.7,1941.3427533021506,1.6e-05,731.5100446295893,80.45999783389055,10.999165141284237,0.9332247571712692,4.87964732940155e-20,True,6.911145413573848e-13,-11.037453787035684
rear,B,28750.0,164.16673092961452,15.0,0.7,1941.3427533021506,6.4e-05,731.5100446295893,160.9199956677811,21.998330282568475,1.8664495143425384,2.73635504086894e-06,True,6.911145413573848e-13,-11.037453787035684
rear,C,28750.0,164.16673092961452,15.0,0.7,1941.3427533021506,0.000256,731.5100446295893,321.8399913355622,43.99666056513695,3.7328990286850767,0.011516110117341341,False,6.911145413573848e-13,-11.037453787035684
rear,D,28750.0,164.16673092961452,15.0,0.7,1941.3427533021506,0.001024,731.5100446295893,643.6799826711244,87.9933211302739,7.4657980573701535,0.1278841633335704,False,6.911145413573848e-13,-11.037453787035684
rear,E,28750.0,164.16673092961452,15.0,0.7,1941.3427533021506,0.004096,731.5100446295893,1287.3599653422489,175.9866422605478,14.931596114740307,0.2849411178986024,False,6.911145413573848e-13,-11.037453787035684
rear,F,28750.0,164.16673092961452,15.0,0.7,1941.3427533021506,0.016384,731.5100446295893,2574.7199306844977,351.9732845210956,29.863192229480614,0.3881620946211194,False,6.911145413573848e-13,-11.037453787035684
rear,G,28750.0,164.16673092961452,15.0,0.7,1941.3427533021506,0.065536,731.5100446295893,5149.4398613689955,703.9465690421912,59.72638445896123,0.4435177930344311,False,6.911145413573848e-13,-11.037453787035684
rear,H,28750.0,164.16673092961452,15.0,0.7,1941.3427533021506,0.262144,731.5100446295893,10298.879722737991,1407.8931380843824,119.45276891792246,0.4716876885202206,False,6.911145413573848e-13,-11.037453787035684
rear,A,29000.0,165.59426772030682,15.0,0.7,1949.7651041413835,1.6e-05,731.5100446295893,80.63773519638544,11.02346246485481,0.9311137644431717,5.866256626939202e-20,True,6.913535320897307e-13,-11.023416772448503
rear,B,29000.0,165.59426772030682,15.0,0.7,1949.7651041413835,6.4e-05,731.5100446295893,161.27547039277087,22.04692492970962,1.8622275288863435,2.869549770429611e-06,True,6.913535320897307e-13,-11.023416772448503
rear,C,29000.0,165.59426772030682,15.0,0.7,1949.7651041413835,0.000256,731.5100446295893,322.55094078554174,44.09384985941924,3.724455057772687,0.011667956800273825,False,6.913535320897307e-13,-11.023416772448503
rear,D,29000.0,165.59426772030682,15.0,0.7,1949.7651041413835,0.001024,731.5100446295893,645.1018815710835,88.18769971883847,7.448910115545374,0.1284088124718063,False,6.913535320897307e-13,-11.023416772448503
rear,E,29000.0,165.59426772030682,15.0,0.7,1949.7651041413835,0.004096,731.5100446295893,1290.203763142167,176.37539943767695,14.897820231090748,0.2853664349479323,False,6.913535320897307e-13,-11.023416772448503
rear,F,29000.0,165.59426772030682,15.0,0.7,1949.7651041413835,0.016384,731.5100446295893,2580.407526284334,352.7507988753539,29.795640462181495,0.38840206148642303,False,6.913535320897307e-13,-11.023416772448503
rear,G,29000.0,165.59426772030682,15.0,0.7,1949.7651041413835,0.065536,731.5100446295893,5160.815052568668,705.5015977507078,59.59128092436299,0.44364145564338336,False,6.913535320897307e-13,-11.023416772448503
rear,H,29000.0,165.59426772030682,15.0,0.7,1949.7651041413835,0.262144,731.5100446295893,10321.630105137336,1411.0031955014156,119.18256184872598,0.47174998846900945,False,6.913535320897307e-13,-11.023416772448503
rear,A,29250.0,167.02180451099912,15.0,0.7,1958.1512293120122,1.6e-05,731.5100446295893,80.81503552566633,11.047700044445486,0.9290248124763837,7.040701134820944e-20,True,6.915952116006775e-13,-11.00864490405855
rear,B,29250.0,167.02180451099912,15.0,0.7,1958.1512293120122,6.4e-05,731.5100446295893,161.63007105133266,22.095400088890973,1.8580496249527674,3.0079621314838504e-06,True,6.915952116006775e-13,-11.00864490405855
rear,C,29250.0,167.02180451099912,15.0,0.7,1958.1512293120122,0.000256,731.5100446295893,323.2601421026653,44.190800177781945,3.7160992499055348,0.011820481925093117,False,6.915952116006775e-13,-11.00864490405855
rear,D,29250.0,167.02180451099912,15.0,0.7,1958.1512293120122,0.001024,731.5100446295893,646.5202842053307,88.38160035556389,7.4321984998110695,0.12893134939792827,False,6.915952116006775e-13,-11.00864490405855
rear,E,29250.0,167.02180451099912,15.0,0.7,1958.1512293120122,0.004096,731.5100446295893,1293.0405684106613,176.76320071112778,14.864396999622139,0.28578914131822564,False,6.915952116006775e-13,-11.00864490405855
rear,F,29250.0,167.02180451099912,15.0,0.7,1958.1512293120122,0.016384,731.5100446295893,2586.0811368213226,353.52640142225556,29.728793999244278,0.3886404288389774,False,6.915952116006775e-13,-11.00864490405855
rear,G,29250.0,167.02180451099912,15.0,0.7,1958.1512293120122,0.065536,731.5100446295893,5172.162273642645,707.0528028445111,59.457587998488556,0.4437642776738746,False,6.915952116006775e-13,-11.00864490405855
rear,H,29250.0,167.02180451099912,15.0,0.7,1958.1512293120122,0.262144,731.5100446295893,10344.32454728529,1414.1056056890222,118.91517599697711,0.47181186289046434,False,6.915952116006775e-13,-11.00864490405855
rear,A,29500.0,168.44934130169142,15.0,0.7,1966.5015922660295,1.6e-05,731.5100446295893,80.99190188729236,11.071878299129,0.9269574810599327,8.436508002967266e-20,True,6.92190460343641e-13,-10.993165446904147
rear,B,29500.0,168.44934130169142,15.0,0.7,1966.5015922660295,6.4e-05,731.5100446295893,161.98380377458471,22.143756598258,1.8539149621198654,3.1517424279439044e-06,True,6.92190460343641e-13,-10.993165446904147
rear,C,29500.0,168.44934130169142,15.0,0.7,1966.5015922660295,0.000256,731.5100446295893,323.96760754916943,44.287513196516,3.707829924239731,0.01197367775894394,False,6.92190460343641e-13,-10.993165446904147
rear,D,29500.0,168.44934130169142,15.0,0.7,1966.5015922660295,0.001024,731.5100446295893,647.9352150983389,88.575026393032,7.415659848479462,0.12945178584492156,False,6.92190460343641e-13,-10.993165446904147
rear,E,29500.0,168.44934130169142,15.0,0.7,1966.5015922660295,0.004096,731.5100446295893,1295.8704301966777,177.150052786064,14.831319696958923,0.28620926367253274,False,6.92190460343641e-13,-10.993165446904147
rear,F,29500.0,168.44934130169142,15.0,0.7,1966.5015922660295,0.016384,731.5100446295893,2591.7408603933554,354.300105572128,29.662639393917846,0.3888772144678571,False,6.92190460343641e-13,-10.993165446904147
rear,G,29500.0,168.44934130169142,15.0,0.7,1966.5015922660295,0.065536,731.5100446295893,5183.481720786711,708.600211144256,59.32527878783569,0.4438862686573895,False,6.92190460343641e-13,-10.993165446904147
rear,H,29500.0,168.44934130169142,15.0,0.7,1966.5015922660295,0.262144,731.5100446295893,10366.963441573422,1417.200422288512,118.65055757567139,0.4718733166326495,False,6.92190460343641e-13,-10.993165446904147
rear,A,29750.0,169.87687809238372,15.0,0.7,1974.816646656979,1.6e-05,731.5100446295893,81.16833733922138,11.095997646938962,0.924911361464731,1.0092786020080241e-19,True,6.924366352822359e-13,-10.977005267094118
rear,B,29750.0,169.87687809238372,15.0,0.7,1974.816646656979,6.4e-05,731.5100446295893,162.33667467844276,22.191995293877923,1.849822722929462,3.3010434833134332e-06,True,6.924366352822359e-13,-10.977005267094118
rear,C,29750.0,169.87687809238372,15.0,0.7,1974.816646656979,0.000256,731.5100446295893,324.6733493568855,44.38399058775585,3.699645445858924,0.012127536632704265,False,6.924366352822359e-13,-10.977005267094118
rear,D,29750.0,169.87687809238372,15.0,0.7,1974.816646656979,0.001024,731.5100446295893,649.346698713771,88.7679811755117,7.399290891717848,0.12997013358249015,False,6.924366352822359e-13,-10.977005267094118
rear,E,29750.0,169.87687809238372,15.0,0.7,1974.816646656979,0.004096,731.5100446295893,1298.693397427542,177.5359623510234,14.798581783435695,0.28662682836070424,False,6.924366352822359e-13,-10.977005267094118
rear,F,29750.0,169.87687809238372,15.0,0.7,1974.816646656979,0.016384,731.5100446295893,2597.386794855084,355.0719247020468,29.59716356687139,0.3891124359228171,False,6.924366352822359e-13,-10.977005267094118
rear,G,29750.0,169.87687809238372,15.0,0.7,1974.816646656979,0.065536,731.5100446295893,5194.773589710168,710.1438494040935,59.19432713374278,0.44400743799353165,False,6.924366352822359e-13,-10.977005267094118
rear,H,29750.0,169.87687809238372,15.0,0.7,1974.816646656979,0.262144,731.5100446295893,10389.547179420337,1420.287698808187,118.38865426748556,0.4719343544760963,False,6.924366352822359e-13,-10.977005267094118
rear,A,30000.0,171.30441488307602,15.0,0.7,1983.096836627551,1.6e-05,731.5100446295893,81.34434493021526,11.12005850465186,0.9228860560365786,1.2055086913640153e-19,True,6.926853857402726e-13,-10.960190802773628
rear,B,30000.0,171.30441488307602,15.0,0.7,1983.096836627551,6.4e-05,731.5100446295893,162.68868986043051,22.24011700930372,1.8457721120731572,3.456020638949732e-06,True,6.926853857402726e-13,-10.960190802773628
rear,C,30000.0,171.30441488307602,15.0,0.7,1983.096836627551,0.000256,731.5100446295893,325.37737972086103,44.48023401860744,3.6915442241463143,0.012282050940609888,False,6.926853857402726e-13,-10.960190802773628
rear,D,30000.0,171.30441488307602,15.0,0.7,1983.096836627551,0.001024,731.5100446295893,650.7547594417221,88.96046803721488,7.383088448292629,0.1304864044089632,False,6.926853857402726e-13,-10.960190802773628
rear,E,30000.0,171.30441488307602,15.0,0.7,1983.096836627551,0.004096,731.5100446295893,1301.5095188834441,177.92093607442976,14.766176896585257,0.28704186141997157,False,6.926853857402726e-13,-10.960190802773628
rear,F,30000.0,171.30441488307602,15.0,0.7,1983.096836627551,0.016384,731.5100446295893,2603.0190377668882,355.8418721488595,29.532353793170515,0.389346110516158,False,6.926853857402726e-13,-10.960190802773628
rear,G,30000.0,171.30441488307602,15.0,0.7,1983.096836627551,0.065536,731.5100446295893,5206.0380755337765,711.683744297719,59.06470758634103,0.44412779495120214,False,6.926853857402726e-13,-10.960190802773628
rear,H,30000.0,171.30441488307602,15.0,0.7,1983.096836627551,0.262144,731.5100446295893,10412.076151067553,1423.367488595438,118.12941517268206,0.4719949811344248,False,6.926853857402726e-13,-10.960190802773628
rear,A,30250.0,172.73195167376832,15.0,0.7,1991.3425970864193,1.6e-05,731.5100446295893,81.51992769837338,11.144061287586581,0.920881177806848,1.4376388885937076e-19,True,6.929366731277794e-13,-10.942748037999479
rear,B,30250.0,172.73195167376832,15.0,0.7,1991.3425970864193,6.4e-05,731.5100446295893,163.03985539674676,22.288122575173162,1.841762355613696,3.616831751550201e-06,True,6.929366731277794e-13,-10.942748037999479
rear,C,30250.0,172.73195167376832,15.0,0.7,1991.3425970864193,0.000256,731.5100446295893,326.0797107934935,44.576245150346324,3.683524711227392,0.012437213139878207,False,6.929366731277794e-13,-10.942748037999479
rear,D,30250.0,172.73195167376832,15.0,0.7,1991.3425970864193,0.001024,731.5100446295893,652.159421586987,89.15249030069265,7.367049422454784,0.1310006101437307,False,6.929366731277794e-13,-10.942748037999479
rear,E,30250.0,172.73195167376832,15.0,0.7,1991.3425970864193,0.004096,731.5100446295893,1304.318843173974,178.3049806013853,14.734098844909568,0.28745438857584077,False,6.929366731277794e-13,-10.942748037999479
rear,F,30250.0,172.73195167376832,15.0,0.7,1991.3425970864193,0.016384,731.5100446295893,2608.637686347948,356.6099612027706,29.468197689819135,0.3895782553247338,False,6.929366731277794e-13,-10.942748037999479
rear,G,30250.0,172.73195167376832,15.0,0.7,1991.3425970864193,0.065536,731.5100446295893,5217.275372695896,713.2199224055412,58.93639537963827,0.44424734866984616,False,6.929366731277794e-13,-10.942748037999479
rear,H,30250.0,172.73195167376832,15.0,0.7,1991.3425970864193,0.262144,731.5100446295893,10434.550745391793,1426.4398448110824,117.87279075927654,0.47205520125499945,False,6.929366731277794e-13,-10.942748037999479
rear,A,30500.0,174.15948846446062,15.0,0.7,1999.5543539747978,1.6e-05,731.5100446295893,81.69508866978572,11.168006409420284,0.9188963501199388,1.7118218183054744e-19,True,6.931904593308096e-13,-10.924702479462098
rear,B,30500.0,174.15948846446062,15.0,0.7,1999.5543539747978,6.4e-05,731.5100446295893,163.39017733957144,22.33601281884057,1.8377927002398775,3.783637189871073e-06,True,6.931904593308096e-13,-10.924702479462098
rear,C,30500.0,174.15948846446062,15.0,0.7,1999.5543539747978,0.000256,731.5100446295893,326.7803546791429,44.67202563768114,3.675585400479755,0.01259301575033128,False,6.931904593308096e-13,-10.924702479462098
rear,D,30500.0,174.15948846446062,15.0,0.7,1999.5543539747978,0.001024,731.5100446295893,653.5607093582857,89.34405127536228,7.35117080095951,0.13151276262017442,False,6.931904593308096e-13,-10.924702479462098
rear,E,30500.0,174.15948846446062,15.0,0.7,1999.5543539747978,0.004096,731.5100446295893,1307.1214187165715,178.68810255072455,14.70234160191902,0.28786443524327343,False,6.931904593308096e-13,-10.924702479462098
rear,F,30500.0,174.15948846446062,15.0,0.7,1999.5543539747978,0.016384,731.5100446295893,2614.242837433143,357.3762051014491,29.40468320383804,0.38980888719208484,False,6.931904593308096e-13,-10.924702479462098
rear,G,30500.0,174.15948846446062,15.0,0.7,1999.5543539747978,0.065536,731.5100446295893,5228.485674866286,714.7524102028982,58.80936640767608,0.4443661081607595,False,6.931904593308096e-13,-10.924702479462098
rear,H,30500.0,174.15948846446062,15.0,0.7,1999.5543539747978,0.262144,731.5100446295893,10456.971349732572,1429.5048204057964,117.61873281535216,0.4721150194196134,False,6.931904593308096e-13,-10.924702479462098
rear,A,30750.0,175.58702525515292,15.0,0.7,2007.7325245231884,1.6e-05,731.5100446295893,81.86983085729733,11.191894282019504,0.9169312062766527,2.0351926328173798e-19,True,6.934467067140849e-13,-10.906079135973565
rear,B,30750.0,175.58702525515292,15.0,0.7,2007.7325245231884,6.4e-05,731.5100446295893,163.73966171459466,22.38378856403901,1.8338624125533054,3.956599830686424e-06,True,6.934467067140849e-13,-10.906079135973565
rear,C,30750.0,175.58702525515292,15.0,0.7,2007.7325245231884,0.000256,731.5100446295893,327.4793234291893,44.76757712807802,3.667724825106611,0.012749451354018152,False,6.934467067140849e-13,-10.906079135973565
rear,D,30750.0,175.58702525515292,15.0,0.7,2007.7325245231884,0.001024,731.5100446295893,654.9586468583786,89.53515425615603,7.335449650213222,0.13202287367906418,False,6.934467067140849e-13,-10.906079135973565
rear,E,30750.0,175.58702525515292,15.0,0.7,2007.7325245231884,0.004096,731.5100446295893,1309.9172937167573,179.07030851231207,14.670899300426443,0.2882720265281258,False,6.934467067140849e-13,-10.906079135973565
rear,F,30750.0,175.58702525515292,15.0,0.7,2007.7325245231884,0.016384,731.5100446295893,2619.8345874335146,358.14061702462413,29.341798600852886,0.3900380227306832,False,6.934467067140849e-13,-10.906079135973565
rear,G,30750.0,175.58702525515292,15.0,0.7,2007.7325245231884,0.065536,731.5100446295893,5239.669174867029,716.2812340492483,58.68359720170577,0.4444840823084466,False,6.934467067140849e-13,-10.906079135973565
rear,H,30750.0,175.58702525515292,15.0,0.7,2007.7325245231884,0.262144,731.5100446295893,10479.338349734058,1432.5624680984965,117.36719440341155,0.4721744401451992,False,6.934467067140849e-13,-10.906079135973565
rear,A,31000.0,177.01456204584522,15.0,0.7,2015.8775174987543,1.6e-05,731.5100446295893,82.04415725937636,11.2157253152854,0.9149853891926826,2.4160142672885613e-19,True,6.937053781228229e-13,-10.886902500630356
rear,B,31000.0,177.01456204584522,15.0,0.7,2015.8775174987543,6.4e-05,731.5100446295893,164.08831451875272,22.4314506305708,1.8299707783853651,4.135885053995666e-06,True,6.937053781228229e-13,-10.886902500630356
rear,C,31000.0,177.01456204584522,15.0,0.7,2015.8775174987543,0.000256,731.5100446295893,328.17662903750545,44.8629012611416,3.6599415567707303,0.012906512594836163,False,6.937053781228229e-13,-10.886902500630356
rear,D,31000.0,177.01456204584522,15.0,0.7,2015.8775174987543,0.001024,731.5100446295893,656.3532580750109,89.7258025222832,7.319883113541461,0.13253095516238955,False,6.937053781228229e-13,-10.886902500630356
rear,E,31000.0,177.01456204584522,15.0,0.7,2015.8775174987543,0.004096,731.5100446295893,1312.7065161500218,179.4516050445664,14.639766227082921,0.2886771872288212,False,6.937053781228229e-13,-10.886902500630356
rear,F,31000.0,177.01456204584522,15.0,0.7,2015.8775174987543,0.016384,731.5100446295893,2625.4130323000436,358.9032100891328,29.279532454165842,0.3902656783242742,False,6.937053781228229e-13,-10.886902500630356
rear,G,31000.0,177.01456204584522,15.0,0.7,2015.8775174987543,0.065536,731.5100446295893,5250.826064600087,717.8064201782656,58.559064908331685,0.44460127987202447,False,6.937053781228229e-13,-10.886902500630356
rear,H,31000.0,177.01456204584522,15.0,0.7,2015.8775174987543,0.262144,731.5100446295893,10501.652129200174,1435.6128403565313,117.11812981666337,0.47223346788456066,False,6.937053781228229e-13,-10.886902500630356
rear,A,31250.0,178.44209883653753,15.0,0.7,2023.989733443731,1.6e-05,731.5100446295893,82.21807085907865,11.239499917012207,0.9130585510714616,2.8638424146908123e-19,True,6.941392803301149e-13,-10.867196535545709
rear,B,31250.0,178.44209883653753,15.0,0.7,2023.989733443731,6.4e-05,731.5100446295893,164.4361417181573,22.478999834024414,1.8261171021429232,4.321660737488473e-06,True,6.941392803301149e-13,-10.867196535545709
rear,C,31250.0,178.44209883653753,15.0,0.7,2023.989733443731,0.000256,731.5100446295893,328.8722834363146,44.95799966804883,3.6522342042858464,0.013064192178151407,False,6.941392803301149e-13,-10.867196535545709
rear,D,31250.0,178.44209883653753,15.0,0.7,2023.989733443731,0.001024,731.5100446295893,657.7445668726292,89.91599933609766,7.304468408571693,0.13303701890760183,False,6.941392803301149e-13,-10.867196535545709
rear,E,31250.0,178.44209883653753,15.0,0.7,2023.989733443731,0.004096,731.5100446295893,1315.4891337452584,179.8319986721953,14.608936817143386,0.28907994183823427,False,6.941392803301149e-13,-10.867196535545709
rear,F,31250.0,178.44209883653753,15.0,0.7,2023.989733443731,0.016384,731.5100446295893,2630.978267490517,359.6639973443906,29.21787363428677,0.39049187013030406,False,6.941392803301149e-13,-10.867196535545709
rear,G,31250.0,178.44209883653753,15.0,0.7,2023.989733443731,0.065536,731.5100446295893,5261.956534981034,719.3279946887812,58.43574726857354,0.4447177094866647,False,6.941392803301149e-13,-10.867196535545709
rear,H,31250.0,178.44209883653753,15.0,0.7,2023.989733443731,0.262144,731.5100446295893,10523.913069962067,1438.6559893775625,116.87149453714709,0.47229210702712476,False,6.941392803301149e-13,-10.867196535545709
rear,A,31500.0,179.86963562722983,15.0,0.7,2032.069564905274,1.6e-05,731.5100446295893,82.39157462310216,11.263218492757993,0.9111503530906568,3.3897126535317153e-19,True,6.94229846805839e-13,-10.846984659039396
rear,B,31500.0,179.86963562722983,15.0,0.7,2032.069564905274,6.4e-05,731.5100446295893,164.78314924620432,22.526436985515986,1.8223007061813137,4.514097250275778e-06,True,6.94229846805839e-13,-10.846984659039396
rear,C,31500.0,179.86963562722983,15.0,0.7,2032.069564905274,0.000256,731.5100446295893,329.56629849240863,45.05287397103197,3.6446014123626274,0.013222482870418037,False,6.94229846805839e-13,-10.846984659039396
rear,D,31500.0,179.86963562722983,15.0,0.7,2032.069564905274,0.001024,731.5100446295893,659.1325969848173,90.10574794206394,7.289202824725255,0.13354107674223858,False,6.94229846805839e-13,-10.846984659039396
rear,E,31500.0,179.86963562722983,15.0,0.7,2032.069564905274,0.004096,731.5100446295893,1318.2651939696345,180.21149588412788,14.57840564945051,0.2894803145457635,False,6.94229846805839e-13,-10.846984659039396
rear,F,31500.0,179.86963562722983,15.0,0.7,2032.069564905274,0.016384,731.5100446295893,2636.530387939269,360.42299176825577,29.15681129890102,0.3907166140824204,False,6.94229846805839e-13,-10.846984659039396
rear,G,31500.0,179.86963562722983,15.0,0.7,2032.069564905274,0.065536,731.5100446295893,5273.060775878538,720.8459835365115,58.31362259780204,0.44483337966506903,False,6.94229846805839e-13,-10.846984659039396
rear,H,31500.0,179.86963562722983,15.0,0.7,2032.069564905274,0.262144,731.5100446295893,10546.121551757076,1441.691967073023,116.62724519560408,0.47235036189970825,False,6.94229846805839e-13,-10.846984659039396
rear,A,31750.0,181.29717241792213,15.0,0.7,2040.1173966571127,1.6e-05,731.5100446295893,82.5646715009252,11.286881445726834,0.9092604651016363,4.0063524302113004e-19,True,6.946676900411647e-13,-10.826289735164277
rear,B,31750.0,181.29717241792213,15.0,0.7,2040.1173966571127,6.4e-05,731.5100446295893,165.1293430018504,22.57376289145367,1.8185209302032725,4.713367445896652e-06,True,6.946676900411647e-13,-10.826289735164277
rear,C,31750.0,181.29717241792213,15.0,0.7,2040.1173966571127,0.000256,731.5100446295893,330.2586860037008,45.14752578290734,3.637041860406545,0.013381377498796802,False,6.946676900411647e-13,-10.826289735164277
rear,D,31750.0,181.29717241792213,15.0,0.7,2040.1173966571127,0.001024,731.5100446295893,660.5173720074016,90.29505156581467,7.27408372081309,0.13404314047891036,False,6.946676900411647e-13,-10.826289735164277
rear,E,31750.0,181.29717241792213,15.0,0.7,2040.1173966571127,0.004096,731.5100446295893,1321.0347440148032,180.59010313162935,14.54816744162618,0.2898783292395759,False,6.946676900411647e-13,-10.826289735164277
rear,F,31750.0,181.29717241792213,15.0,0.7,2040.1173966571127,0.016384,731.5100446295893,2642.0694880296064,361.1802062632587,29.09633488325236,0.3909399258930365,False,6.946676900411647e-13,-10.826289735164277
rear,G,31750.0,181.29717241792213,15.0,0.7,2040.1173966571127,0.065536,731.5100446295893,5284.138976059213,722.3604125265174,58.19266976650472,0.44494829879897246,False,6.946676900411647e-13,-10.826289735164277
rear,H,31750.0,181.29717241792213,15.0,0.7,2040.1173966571127,0.262144,731.5100446295893,10568.277952118426,1444.7208250530348,116.38533953300944,0.4724082367672989,False,6.946676900411647e-13,-10.826289735164277
rear,A,32000.0,182.72470920861443,15.0,0.7,2048.133605913364,1.6e-05,731.5100446295893,82.73736442402247,11.310489176661646,0.9073885653412748,4.728420892977023e-19,True,6.947635777760182e-13,-10.805134065444726
rear,B,32000.0,182.72470920861443,15.0,0.7,2048.133605913364,6.4e-05,731.5100446295893,165.47472884804495,22.62097835332329,1.8147771306825495,4.91964665460989e-06,True,6.947635777760182e-13,-10.805134065444726
rear,C,32000.0,182.72470920861443,15.0,0.7,2048.133605913364,0.000256,731.5100446295893,330.9494576960899,45.24195670664658,3.629554261365099,0.013540868950772353,False,6.947635777760182e-13,-10.805134065444726
rear,D,32000.0,182.72470920861443,15.0,0.7,2048.133605913364,0.001024,731.5100446295893,661.8989153921798,90.48391341329317,7.259108522730198,0.1345432219106248,False,6.947635777760182e-13,-10.805134065444726
rear,E,32000.0,182.72470920861443,15.0,0.7,2048.133605913364,0.004096,731.5100446295893,1323.7978307843596,180.96782682658633,14.518217045460396,0.29027400950900195,False,6.947635777760182e-13,-10.805134065444726
rear,F,32000.0,182.72470920861443,15.0,0.7,2048.133605913364,0.016384,731.5100446295893,2647.595661568719,361.93565365317266,29.036434090920793,0.39116182105594877,False,6.947635777760182e-13,-10.805134065444726
rear,G,32000.0,182.72470920861443,15.0,0.7,2048.133605913364,0.065536,731.5100446295893,5295.191323137438,723.8713073063453,58.072868181841585,0.445062475160669,False,6.947635777760182e-13,-10.805134065444726
rear,H,32000.0,182.72470920861443,15.0,0.7,2048.133605913364,0.262144,731.5100446295893,10590.382646274877,1447.7426146126907,116.14573636368317,0.47246573583384643,False,6.947635777760182e-13,-10.805134065444726
rear,A,32250.0,184.15224599930673,15.0,0.7,2056.1185625348467,1.6e-05,731.5100446295893,82.9096563051539,11.33404208374697,0.9055343401555003,5.572779897807816e-19,True,6.953766322149212e-13,-10.783539382698041
rear,B,32250.0,184.15224599930673,15.0,0.7,2056.1185625348467,6.4e-05,731.5100446295893,165.8193126103078,22.66808416749394,1.8110686803110005,5.133112674980735e-06,True,6.953766322149212e-13,-10.783539382698041
rear,C,32250.0,184.15224599930673,15.0,0.7,2056.1185625348467,0.000256,731.5100446295893,331.6386252206156,45.33616833498788,3.622137360622001,0.01370095017376966,False,6.953766322149212e-13,-10.783539382698041
rear,D,32250.0,184.15224599930673,15.0,0.7,2056.1185625348467,0.001024,731.5100446295893,663.2772504412312,90.67233666997576,7.244274721244002,0.13504133280642844,False,6.953766322149212e-13,-10.783539382698041
rear,E,32250.0,184.15224599930673,15.0,0.7,2056.1185625348467,0.004096,731.5100446295893,1326.5545008824624,181.34467333995153,14.488549442488004,0.29066737864706776,False,6.953766322149212e-13,-10.783539382698041
rear,F,32250.0,184.15224599930673,15.0,0.7,2056.1185625348467,0.016384,731.5100446295893,2653.109001764925,362.68934667990305,28.97709888497601,0.3913823148489993,False,6.953766322149212e-13,-10.783539382698041
rear,G,32250.0,184.15224599930673,15.0,0.7,2056.1185625348467,0.065536,731.5100446295893,5306.21800352985,725.3786933598061,57.95419776995202,0.44517591690455666,False,6.953766322149212e-13,-10.783539382698041
rear,H,32250.0,184.15224599930673,15.0,0.7,2056.1185625348467,0.262144,731.5100446295893,10612.4360070597,1450.7573867196122,115.90839553990403,0.4725228632430633,False,6.953766322149212e-13,-10.783539382698041
rear,A,32500.0,185.57978278999903,15.0,0.7,2064.072629228209,1.6e-05,731.5100446295893,83.08155003772087,11.357540562520974,0.9036974837340154,6.558799860497248e-19,True,6.953062911208155e-13,-10.761526846808444
rear,B,32500.0,185.57978278999903,15.0,0.7,2064.072629228209,6.4e-05,731.5100446295893,166.16310007544175,22.715081125041948,1.8073949674680307,5.353945764772348e-06,True,6.953062911208155e-13,-10.761526846808444
rear,C,32500.0,185.57978278999903,15.0,0.7,2064.072629228209,0.000256,731.5100446295893,332.3262001508835,45.430162250083896,3.6147899349360615,0.01386161417476947,False,6.953062911208155e-13,-10.761526846808444
rear,D,32500.0,185.57978278999903,15.0,0.7,2064.072629228209,0.001024,731.5100446295893,664.652400301767,90.86032450016779,7.229579869872123,0.1355374849073484,False,6.953062911208155e-13,-10.761526846808444
rear,E,32500.0,185.57978278999903,15.0,0.7,2064.072629228209,0.004096,731.5100446295893,1329.304800603534,181.72064900033558,14.459159739744246,0.29105845965314764,False,6.953062911208155e-13,-10.761526846808444
rear,F,32500.0,185.57978278999903,15.0,0.7,2064.072629228209,0.016384,731.5100446295893,2658.609601207068,363.44129800067117,28.918319479488492,0.39160142233677575,False,6.953062911208155e-13,-10.761526846808444
rear,G,32500.0,185.57978278999903,15.0,0.7,2064.072629228209,0.065536,731.5100446295893,5317.219202414136,726.8825960013423,57.836638958976984,0.4452886320686959,False,6.953062911208155e-13,-10.761526846808444
rear,H,32500.0,185.57978278999903,15.0,0.7,2064.072629228209,0.262144,731.5100446295893,10634.438404828272,1453.7651920026847,115.67327791795397,0.47257962307923135,False,6.953062911208155e-13,-10.761526846808444
rear,A,32750.0,187.00731958069133,15.0,0.7,2071.9961617381764,1.6e-05,731.5100446295893,83.25304849518578,11.38098500579608,0.9018776978556607,7.708704516183991e-19,True,6.955809308027543e-13,-10.739117042321055
rear,B,32750.0,187.00731958069133,15.0,0.7,2071.9961617381764,6.4e-05,731.5100446295893,166.50609699037156,22.76197001159216,1.8037553957113215,5.582328631152758e-06,True,6.955809308027543e-13,-10.739117042321055
rear,C,32750.0,187.00731958069133,15.0,0.7,2071.9961617381764,0.000256,731.5100446295893,333.0121939807431,45.52394002318432,3.607510791422643,0.014022854019922995,False,6.955809308027543e-13,-10.739117042321055
rear,D,32750.0,187.00731958069133,15.0,0.7,2071.9961617381764,0.001024,731.5100446295893,666.0243879614862,91.04788004636865,7.215021582845286,0.13603168992261327,False,6.955809308027543e-13,-10.739117042321055
rear,E,32750.0,187.00731958069133,15.0,0.7,2071.9961617381764,0.004096,731.5100446295893,1332.0487759229725,182.0957600927373,14.430043165690572,0.2914472752357234,False,6.955809308027543e-13,-10.739117042321055
rear,F,32750.0,187.00731958069133,15.0,0.7,2071.9961617381764,0.016384,731.5100446295893,2664.097551845945,364.1915201854746,28.860086331381144,0.3918191583733402,False,6.955809308027543e-13,-10.739117042321055
rear,G,32750.0,187.00731958069133,15.0,0.7,2071.9961617381764,0.065536,731.5100446295893,5328.19510369189,728.3830403709492,57.72017266276229,0.44540062857638024,False,6.955809308027543e-13,-10.739117042321055
rear,H,32750.0,187.00731958069133,15.0,0.7,2071.9961617381764,0.262144,731.5100446295893,10656.39020738378,1456.7660807418983,115.44034532552458,0.4726360193680139,False,6.955809308027543e-13,-10.739117042321055
rear,A,33000.0,188.43485637138363,15.0,0.7,2079.889509033213,1.6e-05,731.5100446295893,83.42415453054994,11.40437580358763,0.9000746916439144,9.047959070192079e-19,True,6.960280591762158e-13,-10.716329977726897
rear,B,33000.0,188.43485637138363,15.0,0.7,2079.889509033213,6.4e-05,731.5100446295893,166.84830906109988,22.80875160717526,1.8001493832878288,5.8184464202270754e-06,True,6.960280591762158e-13,-10.716329977726897
rear,C,33000.0,188.43485637138363,15.0,0.7,2079.889509033213,0.000256,731.5100446295893,333.69661812219977,45.61750321435052,3.6002987665756576,0.014184662834165505,False,6.960280591762158e-13,-10.716329977726897
rear,D,33000.0,188.43485637138363,15.0,0.7,2079.889509033213,0.001024,731.5100446295893,667.3932362443995,91.23500642870104,7.200597533151315,0.13652395952613866,False,6.960280591762158e-13,-10.716329977726897
rear,E,33000.0,188.43485637138363,15.0,0.7,2079.889509033213,0.004096,731.5100446295893,1334.786472488799,182.47001285740208,14.40119506630263,0.29183384781523747,False,6.960280591762158e-13,-10.716329977726897
rear,F,33000.0,188.43485637138363,15.0,0.7,2079.889509033213,0.016384,731.5100446295893,2669.572944977598,364.94002571480416,28.80239013260526,0.3920355376049819,False,6.960280591762158e-13,-10.716329977726897
rear,G,33000.0,188.43485637138363,15.0,0.7,2079.889509033213,0.065536,731.5100446295893,5339.145889955196,729.8800514296083,57.60478026521052,0.4455119142377133,False,6.960280591762158e-13,-10.716329977726897
rear,H,33000.0,188.43485637138363,15.0,0.7,2079.889509033213,0.262144,731.5100446295893,10678.291779910393,1459.7601028592167,115.20956053042104,0.4726920560772709,False,6.960280591762158e-13,-10.716329977726897
rear,A,33250.0,189.86239316207593,15.0,0.7,2087.753013484858,1.6e-05,731.5100446295893,83.59487097588622,11.42771334304995,0.898288181332052,1.0605706685085964e-18,True,6.963066063019343e-13,-10.693185086307867
rear,B,33250.0,189.86239316207593,15.0,0.7,2087.753013484858,6.4e-05,731.5100446295893,167.18974195177245,22.8554266860999,1.796576362664104,6.06248670590601e-06,True,6.963066063019343e-13,-10.693185086307867
rear,C,33250.0,189.86239316207593,15.0,0.7,2087.753013484858,0.000256,731.5100446295893,334.3794839035449,45.7108533721998,3.593152725328208,0.014347033800829162,False,6.963066063019343e-13,-10.693185086307867
rear,D,33250.0,189.86239316207593,15.0,0.7,2087.753013484858,0.001024,731.5100446295893,668.7589678070898,91.4217067443996,7.186305450656416,0.13701430535325893,False,6.963066063019343e-13,-10.693185086307867
rear,E,33250.0,189.86239316207593,15.0,0.7,2087.753013484858,0.004096,731.5100446295893,1337.5179356141796,182.8434134887992,14.372610901312832,0.2922181995270279,False,6.963066063019343e-13,-10.693185086307867
rear,F,33250.0,189.86239316207593,15.0,0.7,2087.753013484858,0.016384,731.5100446295893,2675.035871228359,365.6868269775984,28.745221802625665,0.3922505744729866,False,6.963066063019343e-13,-10.693185086307867
rear,G,33250.0,189.86239316207593,15.0,0.7,2087.753013484858,0.065536,731.5100446295893,5350.071742456718,731.3736539551968,57.49044360525133,0.4456224967511909,False,6.963066063019343e-13,-10.693185086307867
rear,H,33250.0,189.86239316207593,15.0,0.7,2087.753013484858,0.262144,731.5100446295893,10700.143484913437,1462.7473079103936,114.98088721050266,0.47274773711787554,False,6.963066063019343e-13,-10.693185086307867
rear,A,33500.0,191.28992995276823,15.0,0.7,2095.587011041009,1.6e-05,731.5100446295893,83.76520064192266,11.450998008419472,0.8965178900375167,1.2415258751252975e-18,True,6.9641758342197e-13,-10.669701228416496
rear,B,33500.0,191.28992995276823,15.0,0.7,2095.587011041009,6.4e-05,731.5100446295893,167.53040128384532,22.901996016838943,1.7930357800750334,6.314639478122072e-06,True,6.9641758342197e-13,-10.669701228416496
rear,C,33500.0,191.28992995276823,15.0,0.7,2095.587011041009,0.000256,731.5100446295893,335.06080256769064,45.803992033677886,3.586071560150067,0.014509960161255477,False,6.9641758342197e-13,-10.669701228416496
rear,D,33500.0,191.28992995276823,15.0,0.7,2095.587011041009,0.001024,731.5100446295893,670.1216051353813,91.60798406735577,7.172143120300134,0.1375027389976941,False,6.9641758342197e-13,-10.669701228416496
rear,E,33500.0,191.28992995276823,15.0,0.7,2095.587011041009,0.004096,731.5100446295893,1340.2432102707626,183.21596813471155,14.344286240600267,0.29260035222433534,False,6.9641758342197e-13,-10.669701228416496
rear,F,33500.0,191.28992995276823,15.0,0.7,2095.587011041009,0.016384,731.5100446295893,2680.486420541525,366.4319362694231,28.688572481200534,0.3924642832164177,False,6.9641758342197e-13,-10.669701228416496
rear,G,33500.0,191.28992995276823,15.0,0.7,2095.587011041009,0.065536,731.5100446295893,5360.97284108305,732.8638725388462,57.37714496240107,0.44573238370528545,False,6.9641758342197e-13,-10.669701228416496
rear,H,33500.0,191.28992995276823,15.0,0.7,2095.587011041009,0.262144,731.5100446295893,10721.9456821661,1465.7277450776924,114.75428992480214,0.472803066344532,False,6.9641758342197e-13,-10.669701228416496
rear,A,33750.0,192.71746674346053,15.0,0.7,2103.3918313933987,1.6e-05,731.5100446295893,83.9351463176733,11.474230180964238,0.8947635475450693,1.4514644935211396e-18,True,6.967006041990213e-13,-10.645896695066499
rear,B,33750.0,192.71746674346053,15.0,0.7,2103.3918313933987,6.4e-05,731.5100446295893,167.8702926353466,22.948460361928475,1.7895270950901385,6.575097130403088e-06,True,6.967006041990213e-13,-10.645896695066499
rear,C,33750.0,192.71746674346053,15.0,0.7,2103.3918313933987,0.000256,731.5100446295893,335.7405852706932,45.89692072385695,3.579054190180277,0.014673435214406531,False,6.967006041990213e-13,-10.645896695066499
rear,D,33750.0,192.71746674346053,15.0,0.7,2103.3918313933987,0.001024,731.5100446295893,671.4811705413864,91.7938414477139,7.158108380360554,0.13798927200873345,False,6.967006041990213e-13,-10.645896695066499
rear,E,33750.0,192.71746674346053,15.0,0.7,2103.3918313933987,0.004096,731.5100446295893,1342.9623410827728,183.5876828954278,14.316216760721108,0.2929803274813705,False,6.967006041990213e-13,-10.645896695066499
rear,F,33750.0,192.71746674346053,15.0,0.7,2103.3918313933987,0.016384,731.5100446295893,2685.9246821655456,367.1753657908556,28.632433521442216,0.39267667787490373,False,6.967006041990213e-13,-10.645896695066499
rear,G,33750.0,192.71746674346053,15.0,0.7,2103.3918313933987,0.065536,731.5100446295893,5371.849364331091,734.3507315817112,57.26486704288443,0.4458415825800285,False,6.967006041990213e-13,-10.645896695066499
rear,H,33750.0,192.71746674346053,15.0,0.7,2103.3918313933987,0.262144,731.5100446295893,10743.698728662182,1468.7014631634224,114.52973408576887,0.47285804755659167,False,6.967006041990213e-13,-10.645896695066499
rear,A,34000.0,194.14500353415283,15.0,0.7,2111.167798139494,1.6e-05,731.5100446295893,84.10471077011313,11.497410238939475,0.8930248900983186,1.6947229594562311e-18,True,6.971546066568157e-13,-10.621789212714425
rear,B,34000.0,194.14500353415283,15.0,0.7,2111.167798139494,6.4e-05,731.5100446295893,168.20942154022626,22.99482047787895,1.7860497801966373,6.84405444681575e-06,True,6.971546066568157e-13,-10.621789212714425
rear,C,34000.0,194.14500353415283,15.0,0.7,2111.167798139494,0.000256,731.5100446295893,336.4188430804525,45.9896409557579,3.5720995603932746,0.0148374523164761,False,6.971546066568157e-13,-10.621789212714425
rear,D,34000.0,194.14500353415283,15.0,0.7,2111.167798139494,0.001024,731.5100446295893,672.837686160905,91.9792819115158,7.144199120786549,0.13847391588862618,False,6.971546066568157e-13,-10.621789212714425
rear,E,34000.0,194.14500353415283,15.0,0.7,2111.167798139494,0.004096,731.5100446295893,1345.67537232181,183.9585638230316,14.288398241573098,0.2933581465964342,False,6.971546066568157e-13,-10.621789212714425
rear,F,34000.0,194.14500353415283,15.0,0.7,2111.167798139494,0.016384,731.5100446295893,2691.35074464362,367.9171276460632,28.576796483146197,0.39288777229142846,False,6.971546066568157e-13,-10.621789212714425
rear,G,34000.0,194.14500353415283,15.0,0.7,2111.167798139494,0.065536,731.5100446295893,5382.70148928724,735.8342552921264,57.15359296629239,0.44595010074859165,False,6.971546066568157e-13,-10.621789212714425
rear,H,34000.0,194.14500353415283,15.0,0.7,2111.167798139494,0.262144,731.5100446295893,10765.40297857448,1471.6685105842528,114.30718593258479,0.47291268449886764,False,6.971546066568157e-13,-10.621789212714425
rear,A,34250.0,195.57254032484514,15.0,0.7,2118.9152289390545,1.6e-05,731.5100446295893,84.2738967438941,11.520538557548775,0.8913016601992467,1.976240179449929e-18,True,6.97104034137374e-13,-10.597395949118475
rear,B,34250.0,195.57254032484514,15.0,0.7,2118.9152289390545,6.4e-05,731.5100446295893,168.5477934877882,23.04107711509755,1.7826033203984935,7.12170858828931e-06,True,6.97104034137374e-13,-10.597395949118475
rear,C,34250.0,195.57254032484514,15.0,0.7,2118.9152289390545,0.000256,731.5100446295893,337.0955869755764,46.0821542301951,3.565206640796987,0.015002004880500039,False,6.97104034137374e-13,-10.597395949118475
rear,D,34250.0,195.57254032484514,15.0,0.7,2118.9152289390545,0.001024,731.5100446295893,674.1911739511528,92.1643084603902,7.130413281593974,0.1389566820901647,False,6.97104034137374e-13,-10.597395949118475
rear,E,34250.0,195.57254032484514,15.0,0.7,2118.9152289390545,0.004096,731.5100446295893,1348.3823479023056,184.3286169207804,14.260826563187948,0.29373383059508096,False,6.97104034137374e-13,-10.597395949118475
rear,F,34250.0,195.57254032484514,15.0,0.7,2118.9152289390545,0.016384,731.5100446295893,2696.764695804611,368.6572338415608,28.521653126375895,0.3930975801151179,False,6.97104034137374e-13,-10.597395949118475
rear,G,34250.0,195.57254032484514,15.0,0.7,2118.9152289390545,0.065536,731.5100446295893,5393.529391609222,737.3144676831216,57.04330625275179,0.4460579454788621,False,6.97104034137374e-13,-10.597395949118475
rear,H,34250.0,195.57254032484514,15.0,0.7,2118.9152289390545,0.262144,731.5100446295893,10787.058783218445,1474.6289353662432,114.08661250550358,0.47296698086244626,False,6.97104034137374e-13,-10.597395949118475
rear,A,34500.0,197.00007711553744,15.0,0.7,2126.6344356655495,1.6e-05,731.5100446295893,84.44270696109935,11.543615508910493,0.8895936064153662,2.3016346861831135e-18,True,6.97393345844848e-13,-10.57273352016379
rear,B,34500.0,197.00007711553744,15.0,0.7,2126.6344356655495,6.4e-05,731.5100446295893,168.8854139221987,23.087231017820987,1.7791872128307324,7.408259078331594e-06,True,6.97393345844848e-13,-10.57273352016379
rear,C,34500.0,197.00007711553744,15.0,0.7,2126.6344356655495,0.000256,731.5100446295893,337.7708278443974,46.17446203564197,3.558374425661465,0.015167086375966286,False,6.97393345844848e-13,-10.57273352016379
rear,D,34500.0,197.00007711553744,15.0,0.7,2126.6344356655495,0.001024,731.5100446295893,675.5416556887948,92.34892407128395,7.11674885132293,0.139437582014451,False,6.97393345844848e-13,-10.57273352016379
rear,E,34500.0,197.00007711553744,15.0,0.7,2126.6344356655495,0.004096,731.5100446295893,1351.0833113775896,184.6978481425679,14.23349770264586,0.2941074002333184,False,6.97393345844848e-13,-10.57273352016379
rear,F,34500.0,197.00007711553744,15.0,0.7,2126.6344356655495,0.016384,731.5100446295893,2702.166622755179,369.3956962851358,28.46699540529172,0.3933061148040229,False,6.97393345844848e-13,-10.57273352016379
rear,G,34500.0,197.00007711553744,15.0,0.7,2126.6344356655495,0.065536,731.5100446295893,5404.333245510358,738.7913925702716,56.93399081058344,0.44616512393501095,False,6.97393345844848e-13,-10.57273352016379
rear,H,34500.0,197.00007711553744,15.0,0.7,2126.6344356655495,0.262144,731.5100446295893,10808.666491020716,1477.5827851405431,113.86798162116688,0.47302094028549485,False,6.97393345844848e-13,-10.57273352016379
rear,A,34750.0,198.42761390622974,15.0,0.7,2134.325724552655,1.6e-05,731.5100446295893,84.61114412103282,11.566641462028988,0.8879004831941687,2.677290817242998e-18,True,6.976845792618805e-13,-10.547817997549659
rear,B,34750.0,198.42761390622974,15.0,0.7,2134.325724552655,6.4e-05,731.5100446295893,169.22228824206564,23.133282924057976,1.7758009663883374,7.703907788148589e-06,True,6.976845792618805e-13,-10.547817997549659
rear,C,34750.0,198.42761390622974,15.0,0.7,2134.325724552655,0.000256,731.5100446295893,338.4445764841313,46.26656584811595,3.551601932776675,0.015332690328424593,False,6.976845792618805e-13,-10.547817997549659
rear,D,34750.0,198.42761390622974,15.0,0.7,2134.325724552655,0.001024,731.5100446295893,676.8891529682626,92.5331316962319,7.10320386555335,0.13991662700883267,False,6.976845792618805e-13,-10.547817997549659
rear,E,34750.0,198.42761390622974,15.0,0.7,2134.325724552655,0.004096,731.5100446295893,1353.7783059365252,185.0662633924638,14.2064077311067,0.29447887600083567,False,6.976845792618805e-13,-10.547817997549659
rear,F,34750.0,198.42761390622974,15.0,0.7,2134.325724552655,0.016384,731.5100446295893,2707.5566118730503,370.1325267849276,28.4128154622134,0.3935133896278914,False,6.976845792618805e-13,-10.547817997549659
rear,G,34750.0,198.42761390622974,15.0,0.7,2134.325724552655,0.065536,731.5100446295893,5415.113223746101,740.2650535698552,56.8256309244268,0.4462716431790542,False,6.976845792618805e-13,-10.547817997549659
rear,H,34750.0,198.42761390622974,15.0,0.7,2134.325724552655,0.262144,731.5100446295893,10830.226447492201,1480.5301071397105,113.6512618488536,0.47307456635406453,False,6.976845792618805e-13,-10.547817997549659
rear,A,35000.0,199.85515069692204,15.0,0.7,2141.989396336009,1.6e-05,731.5100446295893,84.77921090004206,11.58961678277039,0.8862220506845363,3.1104548691039315e-18,True,6.979777047449705e-13,-10.522664917238739
rear,B,35000.0,199.85515069692204,15.0,0.7,2141.989396336009,6.4e-05,731.5100446295893,169.55842180008412,23.17923356554078,1.7724441013690726,8.008858921179151e-06,True,6.979777047449705e-13,-10.522664917238739
rear,C,35000.0,199.85515069692204,15.0,0.7,2141.989396336009,0.000256,731.5100446295893,339.11684360016824,46.35846713108156,3.544888202738145,0.01549881031909591,False,6.979777047449705e-13,-10.522664917238739
rear,D,35000.0,199.85515069692204,15.0,0.7,2141.989396336009,0.001024,731.5100446295893,678.2336872003365,92.71693426216312,7.08977640547629,0.14039382836500147,False,6.979777047449705e-13,-10.522664917238739
rear,E,35000.0,199.85515069692204,15.0,0.7,2141.989396336009,0.004096,731.5100446295893,1356.467374400673,185.43386852432624,14.17955281095258,0.2948482781242543,False,6.979777047449705e-13,-10.522664917238739
rear,F,35000.0,199.85515069692204,15.0,0.7,2141.989396336009,0.016384,731.5100446295893,2712.934748801346,370.8677370486525,28.35910562190516,0.39371941767092894,False,6.979777047449705e-13,-10.522664917238739
rear,G,35000.0,199.85515069692204,15.0,0.7,2141.989396336009,0.065536,731.5100446295893,5425.869497602692,741.735474097305,56.71821124381032,0.4463775101724029,False,6.979777047449705e-13,-10.522664917238739
rear,H,35000.0,199.85515069692204,15.0,0.7,2141.989396336009,0.262144,731.5100446295893,10851.738995205384,1483.47094819461,113.43642248762065,0.473127862602888,False,6.979777047449705e-13,-10.522664917238739
rear,A,35250.0,201.28268748761434,15.0,0.7,2149.6257463904235,1.6e-05,731.5100446295893,84.94690995137155,11.612541833842574,0.884558074564807,3.609342267282737e-18,True,6.981054020739041e-13,-10.497289288575239
rear,B,35250.0,201.28268748761434,15.0,0.7,2149.6257463904235,6.4e-05,731.5100446295893,169.8938199027431,23.225083667685148,1.769116149129614,8.323318997056915e-06,True,6.981054020739041e-13,-10.497289288575239
rear,C,35250.0,201.28268748761434,15.0,0.7,2149.6257463904235,0.000256,731.5100446295893,339.7876398054862,46.450167335370296,3.538232298259228,0.015665439984481635,False,6.981054020739041e-13,-10.497289288575239
rear,D,35250.0,201.28268748761434,15.0,0.7,2149.6257463904235,0.001024,731.5100446295893,679.5752796109724,92.90033467074059,7.076464596518456,0.14086919731724157,False,6.981054020739041e-13,-10.497289288575239
rear,E,35250.0,201.28268748761434,15.0,0.7,2149.6257463904235,0.004096,731.5100446295893,1359.1505592219448,185.80066934148118,14.152929193036911,0.29521562657039513,False,6.981054020739041e-13,-10.497289288575239
rear,F,35250.0,201.28268748761434,15.0,0.7,2149.6257463904235,0.016384,731.5100446295893,2718.3011184438897,371.60133868296236,28.305858386073822,0.3939242118345444,False,6.981054020739041e-13,-10.497289288575239
rear,G,35250.0,201.28268748761434,15.0,0.7,2149.6257463904235,0.065536,731.5100446295893,5436.602236887779,743.2026773659247,56.611716772147645,0.4464827317774028,False,6.981054020739041e-13,-10.497289288575239
rear,H,35250.0,201.28268748761434,15.0,0.7,2149.6257463904235,0.262144,731.5100446295893,10873.204473775559,1486.4053547318495,113.22343354429529,0.47318083251617093,False,6.981054020739041e-13,-10.497289288575239
rear,A,35500.0,202.71022427830664,15.0,0.7,2157.2350648627216,1.6e-05,731.5100446295893,85.11424390504487,11.635416974779028,0.8829083258772028,4.183256889851692e-18,True,6.984025533964314e-13,-10.47170560398322
rear,B,35500.0,202.71022427830664,15.0,0.7,2157.2350648627216,6.4e-05,731.5100446295893,170.22848781008975,23.270833949558057,1.7658166517544056,8.64749683501138e-06,True,6.984025533964314e-13,-10.47170560398322
rear,C,35500.0,202.71022427830664,15.0,0.7,2157.2350648627216,0.000256,731.5100446295893,340.4569756201795,46.54166789911611,3.531633303508811,0.01583257301597303,False,6.984025533964314e-13,-10.47170560398322
rear,D,35500.0,202.71022427830664,15.0,0.7,2157.2350648627216,0.001024,731.5100446295893,680.913951240359,93.08333579823223,7.063266607017622,0.14134274504082173,False,6.984025533964314e-13,-10.47170560398322
rear,E,35500.0,202.71022427830664,15.0,0.7,2157.2350648627216,0.004096,731.5100446295893,1361.827902480718,186.16667159646445,14.126533214035245,0.29558094104955707,False,6.984025533964314e-13,-10.47170560398322
rear,F,35500.0,202.71022427830664,15.0,0.7,2157.2350648627216,0.016384,731.5100446295893,2723.655804961436,372.3333431929289,28.25306642807049,0.3941277848400782,False,6.984025533964314e-13,-10.47170560398322
rear,G,35500.0,202.71022427830664,15.0,0.7,2157.2350648627216,0.065536,731.5100446295893,5447.311609922872,744.6666863858578,56.50613285614098,0.44658731475886115,False,6.984025533964314e-13,-10.47170560398322
rear,H,35500.0,202.71022427830664,15.0,0.7,2157.2350648627216,0.262144,731.5100446295893,10894.623219845744,1489.3333727717156,113.01226571228196,0.47323347952837674,False,6.984025533964314e-13,-10.47170560398322
rear,A,35750.0,204.13776106899894,15.0,0.7,2164.817636800374,1.6e-05,731.5100446295893,85.281215367773,11.65824256192632,0.8812725808683411,4.8427237854173594e-18,True,6.987015084609014e-13,-10.445927849161997
rear,B,35750.0,204.13776106899894,15.0,0.7,2164.817636800374,6.4e-05,731.5100446295893,170.562430735546,23.31648512385264,1.7625451617366823,8.981603536719022e-06,True,6.987015084609014e-13,-10.445927849161997
rear,C,35750.0,204.13776106899894,15.0,0.7,2164.817636800374,0.000256,731.5100446295893,341.124861471092,46.63297024770528,3.5250903234733646,0.016000203159460137,False,6.987015084609014e-13,-10.445927849161997
rear,D,35750.0,204.13776106899894,15.0,0.7,2164.817636800374,0.001024,731.5100446295893,682.249722942184,93.26594049541056,7.050180646946729,0.14181448265052027,False,6.987015084609014e-13,-10.445927849161997
rear,E,35750.0,204.13776106899894,15.0,0.7,2164.817636800374,0.004096,731.5100446295893,1364.499445884368,186.53188099082112,14.100361293893458,0.2959442410188003,False,6.987015084609014e-13,-10.445927849161997
rear,F,35750.0,204.13776106899894,15.0,0.7,2164.817636800374,0.016384,731.5100446295893,2728.998891768736,373.06376198164224,28.200722587786917,0.3943301492315104,False,6.987015084609014e-13,-10.445927849161997
rear,G,35750.0,204.13776106899894,15.0,0.7,2164.817636800374,0.065536,731.5100446295893,5457.997783537472,746.1275239632845,56.40144517557383,0.44669126578556084,False,6.987015084609014e-13,-10.445927849161997
rear,H,35750.0,204.13776106899894,15.0,0.7,2164.817636800374,0.262144,731.5100446295893,10915.995567074944,1492.255047926569,112.80289035114767,0.4732858070250044,False,6.987015084609014e-13,-10.445927849161997
rear,A,36000.0,205.56529785969124,15.0,0.7,2172.3737422760937,1.6e-05,731.5100446295893,85.44782692288754,11.681018948434986,0.8796506208355644,5.599636638795064e-18,True,6.988359290537345e-13,-10.419969513702487
rear,B,36000.0,205.56529785969124,15.0,0.7,2172.3737422760937,6.4e-05,731.5100446295893,170.8956538457751,23.36203789686997,1.759301241671129,9.325852468617973e-06,True,6.988359290537345e-13,-10.419969513702487
rear,C,36000.0,205.56529785969124,15.0,0.7,2172.3737422760937,0.000256,731.5100446295893,341.7913076915502,46.72407579373994,3.518602483342258,0.016168324214941306,False,6.988359290537345e-13,-10.419969513702487
rear,D,36000.0,205.56529785969124,15.0,0.7,2172.3737422760937,0.001024,731.5100446295893,683.5826153831003,93.44815158747988,7.037204966684516,0.14228442119927615,False,6.988359290537345e-13,-10.419969513702487
rear,E,36000.0,205.56529785969124,15.0,0.7,2172.3737422760937,0.004096,731.5100446295893,1367.1652307662007,186.89630317495977,14.074409933369031,0.29630554568523243,False,6.988359290537345e-13,-10.419969513702487
rear,F,36000.0,205.56529785969124,15.0,0.7,2172.3737422760937,0.016384,731.5100446295893,2734.3304615324014,373.79260634991954,28.148819866738062,0.39453131737814784,False,6.988359290537345e-13,-10.419969513702487
rear,G,36000.0,205.56529785969124,15.0,0.7,2172.3737422760937,0.065536,731.5100446295893,5468.660923064803,747.5852126998391,56.297639733476124,0.44679459143175937,False,6.988359290537345e-13,-10.419969513702487
rear,H,36000.0,205.56529785969124,15.0,0.7,2172.3737422760937,0.262144,731.5100446295893,10937.321846129606,1495.1704253996782,112.59527946695225,0.4733378183433583,False,6.988359290537345e-13,-10.419969513702487
rear,A,36250.0,206.99283465038354,15.0,0.7,2179.9036565085453,1.6e-05,731.5100446295893,85.61408113029674,11.703746484253497,0.8780422319788374,6.4674214584437245e-18,True,6.991387312717325e-13,-10.393843602051945
rear,B,36250.0,206.99283465038354,15.0,0.7,2179.9036565085453,6.4e-05,731.5100446295893,171.22816226059348,23.407492968506993,1.7560844639576747,9.680459243697321e-06,True,6.991387312717325e-13,-10.393843602051945
rear,C,36250.0,206.99283465038354,15.0,0.7,2179.9036565085453,0.000256,731.5100446295893,342.45632452118696,46.81498593701399,3.5121689279153494,0.01633693003613271,False,6.991387312717325e-13,-10.393843602051945
rear,D,36250.0,206.99283465038354,15.0,0.7,2179.9036565085453,0.001024,731.5100446295893,684.9126490423739,93.62997187402797,7.024337855830699,0.14275257167695932,False,6.991387312717325e-13,-10.393843602051945
rear,E,36250.0,206.99283465038354,15.0,0.7,2179.9036565085453,0.004096,731.5100446295893,1369.8252980847478,187.25994374805595,14.048675711661398,0.2966648740092911,False,6.991387312717325e-13,-10.393843602051945
rear,F,36250.0,206.99283465038354,15.0,0.7,2179.9036565085453,0.016384,731.5100446295893,2739.6505961694957,374.5198874961119,28.097351423322795,0.39473130147728774,False,6.991387312717325e-13,-10.393843602051945
rear,G,36250.0,206.99283465038354,15.0,0.7,2179.9036565085453,0.065536,731.5100446295893,5479.301192338991,749.0397749922238,56.19470284664559,0.4468972981786731,False,6.991387312717325e-13,-10.393843602051945
rear,H,36250.0,206.99283465038354,15.0,0.7,2179.9036565085453,0.262144,731.5100446295893,10958.602384677983,1498.0795499844476,112.38940569329118,0.4733895167733104,False,6.991387312717325e-13,-10.393843602051945
rear,A,36500.0,208.42037144107584,15.0,0.7,2187.407649979311,1.6e-05,731.5100446295893,85.77998052646252,11.726425516125136,0.8764472052579757,7.46121808984636e-18,True,6.992775865035666e-13,-10.367562644760852
rear,B,36500.0,208.42037144107584,15.0,0.7,2187.407649979311,6.4e-05,731.5100446295893,171.55996105292505,23.452851032250273,1.7528944105159514,1.0045641702773073e-05,True,6.992775865035666e-13,-10.367562644760852
rear,C,36500.0,208.42037144107584,15.0,0.7,2187.407649979311,0.000256,731.5100446295893,343.1199221058501,46.905702064500545,3.505788821031903,0.01650601453007805,False,6.992775865035666e-13,-10.367562644760852
rear,D,36500.0,208.42037144107584,15.0,0.7,2187.407649979311,0.001024,731.5100446295893,686.2398442117002,93.81140412900109,7.011577642063806,0.14321894500925147,False,6.992775865035666e-13,-10.367562644760852
rear,E,36500.0,208.42037144107584,15.0,0.7,2187.407649979311,0.004096,731.5100446295893,1372.4796884234004,187.62280825800218,14.023155284127611,0.2970222447080204,False,6.992775865035666e-13,-10.367562644760852
rear,F,36500.0,208.42037144107584,15.0,0.7,2187.407649979311,0.016384,731.5100446295893,2744.9593768468008,375.24561651600436,28.046310568255223,0.3949301135568559,False,6.992775865035666e-13,-10.367562644760852
rear,G,36500.0,208.42037144107584,15.0,0.7,2187.407649979311,0.065536,731.5100446295893,5489.9187536936015,750.4912330320087,56.092621136510445,0.44699939241594555,False,6.992775865035666e-13,-10.367562644760852
rear,H,36500.0,208.42037144107584,15.0,0.7,2187.407649979311,0.262144,731.5100446295893,10979.837507387203,1500.9824660640174,112.18524227302089,0.473440905558054,False,6.992775865035666e-13,-10.367562644760852
rear,A,36750.0,209.84790823176814,15.0,0.7,2194.8859885462607,1.6e-05,731.5100446295893,85.94552762439747,11.749056387587574,0.8748653362549743,8.598081299008265e-18,True,6.99749467099237e-13,-10.341138709951352
rear,B,36750.0,209.84790823176814,15.0,0.7,2194.8859885462607,6.4e-05,731.5100446295893,171.89105524879494,23.498112775175148,1.7497306725099486,1.0421619895263468e-05,True,6.99749467099237e-13,-10.341138709951352
rear,C,36750.0,209.84790823176814,15.0,0.7,2194.8859885462607,0.000256,731.5100446295893,343.7821104975899,46.996225550350296,3.4994613450198973,0.016675571656758804,False,6.99749467099237e-13,-10.341138709951352
rear,D,36750.0,209.84790823176814,15.0,0.7,2194.8859885462607,0.001024,731.5100446295893,687.5642209951798,93.99245110070059,6.9989226900397945,0.1436835520566323,False,6.99749467099237e-13,-10.341138709951352
rear,E,36750.0,209.84790823176814,15.0,0.7,2194.8859885462607,0.004096,731.5100446295893,1375.1284419903595,187.98490220140118,13.997845380079589,0.29737767625833705,False,6.99749467099237e-13,-10.341138709951352
rear,F,36750.0,209.84790823176814,15.0,0.7,2194.8859885462607,0.016384,731.5100446295893,2750.256883980719,375.96980440280237,27.995690760159178,0.39512776547801925,False,6.99749467099237e-13,-10.341138709951352
rear,G,36750.0,209.84790823176814,15.0,0.7,2194.8859885462607,0.065536,731.5100446295893,5500.513767961438,751.9396088056047,55.991381520318356,0.4471008804430996,False,6.99749467099237e-13,-10.341138709951352
rear,H,36750.0,209.84790823176814,15.0,0.7,2194.8859885462607,0.262144,731.5100446295893,11001.027535922876,1503.8792176112095,111.98276304063671,0.4734919878948481,False,6.99749467099237e-13,-10.341138709951352
rear,A,37000.0,211.27544502246045,15.0,0.7,2202.3389335534575,1.6e-05,731.5100446295893,86.11072491367976,11.771639438974919,0.8732964250412248,9.897203320705252e-18,True,6.998923177988174e-13,-10.31458341495027
rear,B,37000.0,211.27544502246045,15.0,0.7,2202.3389335534575,6.4e-05,731.5100446295893,172.22144982735952,23.543278877949838,1.7465928500824497,1.0808616059475295e-05,True,6.998923177988174e-13,-10.31458341495027
rear,C,37000.0,211.27544502246045,15.0,0.7,2202.3389335534575,0.000256,731.5100446295893,344.44289965471904,47.086557755899676,3.4931857001648994,0.016845595428704754,False,6.998923177988174e-13,-10.31458341495027
rear,D,37000.0,211.27544502246045,15.0,0.7,2202.3389335534575,0.001024,731.5100446295893,688.8857993094381,94.17311551179935,6.986371400329799,0.14414640361346365,False,6.998923177988174e-13,-10.31458341495027
rear,E,37000.0,211.27544502246045,15.0,0.7,2202.3389335534575,0.004096,731.5100446295893,1377.7715986188762,188.3462310235987,13.972742800659598,0.29773118690028333,False,6.998923177988174e-13,-10.31458341495027
rear,F,37000.0,211.27544502246045,15.0,0.7,2202.3389335534575,0.016384,731.5100446295893,2755.5431972377523,376.6924620471974,27.945485601319195,0.39532426893777,False,6.998923177988174e-13,-10.31458341495027
rear,G,37000.0,211.27544502246045,15.0,0.7,2202.3389335534575,0.065536,731.5100446295893,5511.086394475505,753.3849240943948,55.89097120263839,0.4472017684709716,False,6.998923177988174e-13,-10.31458341495027
rear,H,37000.0,211.27544502246045,15.0,0.7,2202.3389335534575,0.262144,731.5100446295893,11022.17278895101,1506.7698481887896,111.78194240527678,0.47354276693575403,False,6.998923177988174e-13,-10.31458341495027
rear,A,37250.0,212.70298181315275,15.0,0.7,2209.7667419377244,1.6e-05,731.5100446295893,86.27557486048514,11.794175007422082,0.8717402760494137,1.1380159927698846e-17,True,7.002021544569517e-13,-10.287907938035929
rear,B,37250.0,212.70298181315275,15.0,0.7,2209.7667419377244,6.4e-05,731.5100446295893,172.55114972097027,23.588350014844163,1.7434805520988275,1.1206854602413885e-05,True,7.002021544569517e-13,-10.287907938035929
rear,C,37250.0,212.70298181315275,15.0,0.7,2209.7667419377244,0.000256,731.5100446295893,345.10229944194054,47.17670002968833,3.486961104197655,0.017016079910605313,False,7.002021544569517e-13,-10.287907938035929
rear,D,37250.0,212.70298181315275,15.0,0.7,2209.7667419377244,0.001024,731.5100446295893,690.2045988838811,94.35340005937665,6.97392220839531,0.14460751040716757,False,7.002021544569517e-13,-10.287907938035929
rear,E,37250.0,212.70298181315275,15.0,0.7,2209.7667419377244,0.004096,731.5100446295893,1380.4091977677622,188.7068001187533,13.94784441679062,0.29808279464026494,False,7.002021544569517e-13,-10.287907938035929
rear,F,37250.0,212.70298181315275,15.0,0.7,2209.7667419377244,0.016384,731.5100446295893,2760.8183955355244,377.4136002375066,27.89568883358124,0.39551963547148206,False,7.002021544569517e-13,-10.287907938035929
rear,G,37250.0,212.70298181315275,15.0,0.7,2209.7667419377244,0.065536,731.5100446295893,5521.636791071049,754.8272004750132,55.79137766716248,0.44730206262312905,False,7.002021544569517e-13,-10.287907938035929
rear,H,37250.0,212.70298181315275,15.0,0.7,2209.7667419377244,0.262144,731.5100446295893,11043.273582142097,1509.6544009500265,111.58275533432496,0.4735932457883618,False,7.002021544569517e-13,-10.287907938035929
rear,A,37500.0,214.13051860384505,15.0,0.7,2217.1696663319995,1.6e-05,731.5100446295893,86.44007990763437,11.81666342687127,0.8701966979499071,1.3071182250501116e-17,True,7.003492031873262e-13,-10.261123030251143
rear,B,37500.0,214.13051860384505,15.0,0.7,2217.1696663319995,6.4e-05,731.5100446295893,172.88015981526874,23.63332685374254,1.7403933958998141,1.1616562079128035e-05,True,7.003492031873262e-13,-10.261123030251143
rear,C,37500.0,214.13051860384505,15.0,0.7,2217.1696663319995,0.000256,731.5100446295893,345.7603196305375,47.26665370748508,3.4807867917996282,0.017187019218921084,False,7.003492031873262e-13,-10.261123030251143
rear,D,37500.0,214.13051860384505,15.0,0.7,2217.1696663319995,0.001024,731.5100446295893,691.520639261075,94.53330741497015,6.9615735835992565,0.14506688309749027,False,7.003492031873262e-13,-10.261123030251143
rear,E,37500.0,214.13051860384505,15.0,0.7,2217.1696663319995,0.004096,731.5100446295893,1383.04127852215,189.0666148299403,13.923147167198513,0.29843251725426934,False,7.003492031873262e-13,-10.261123030251143
rear,F,37500.0,214.13051860384505,15.0,0.7,2217.1696663319995,0.016384,731.5100446295893,2766.0825570443,378.1332296598806,27.846294334397026,0.3957138764554373,False,7.003492031873262e-13,-10.261123030251143
rear,G,37500.0,214.13051860384505,15.0,0.7,2217.1696663319995,0.065536,731.5100446295893,5532.1651140886,756.2664593197612,55.69258866879405,0.4474017689372697,False,7.003492031873262e-13,-10.261123030251143
rear,H,37500.0,214.13051860384505,15.0,0.7,2217.1696663319995,0.262144,731.5100446295893,11064.3302281772,1512.5329186395224,111.3851773375881,0.47364342751650773,False,7.003492031873262e-13,-10.261123030251143
rear,A,37750.0,215.55805539453735,15.0,0.7,2224.5479551655962,1.6e-05,731.5100446295893,86.60424247465522,11.839105028080446,0.8686655035314361,1.4997456763134934e-17,True,7.004984634205574e-13,-10.234239027240942
rear,B,37750.0,215.55805539453735,15.0,0.7,2224.5479551655962,6.4e-05,731.5100446295893,173.20848494931045,23.678210056160893,1.7373310070628722,1.2037967171603043e-05,True,7.004984634205574e-13,-10.234239027240942
rear,C,37750.0,215.55805539453735,15.0,0.7,2224.5479551655962,0.000256,731.5100446295893,346.4169698986209,47.356420112321786,3.4746620141257445,0.017358407521496422,False,7.004984634205574e-13,-10.234239027240942
rear,D,37750.0,215.55805539453735,15.0,0.7,2224.5479551655962,0.001024,731.5100446295893,692.8339397972418,94.71284022464357,6.949324028251489,0.14552453227584838,False,7.004984634205574e-13,-10.234239027240942
rear,E,37750.0,215.55805539453735,15.0,0.7,2224.5479551655962,0.004096,731.5100446295893,1385.6678795944836,189.42568044928714,13.898648056502978,0.2987803722910636,False,7.004984634205574e-13,-10.234239027240942
rear,F,37750.0,215.55805539453735,15.0,0.7,2224.5479551655962,0.016384,731.5100446295893,2771.335759188967,378.8513608985743,27.797296113005956,0.3959070031093215,False,7.004984634205574e-13,-10.234239027240942
rear,G,37750.0,215.55805539453735,15.0,0.7,2224.5479551655962,0.065536,731.5100446295893,5542.671518377934,757.7027217971486,55.59459222601191,0.4475008933666026,False,7.004984634205574e-13,-10.234239027240942
rear,H,37750.0,215.55805539453735,15.0,0.7,2224.5479551655962,0.262144,731.5100446295893,11085.343036755869,1515.4054435942971,111.18918445202382,0.473693315140982,False,7.004984634205574e-13,-10.234239027240942
rear,A,38000.0,216.98559218522965,15.0,0.7,2231.9018527614785,1.6e-05,731.5100446295893,86.76806495785759,11.86150013863362,0.8671465095859062,1.7189456049407473e-17,True,7.006499050216373e-13,-10.207265861075406
rear,B,38000.0,216.98559218522965,15.0,0.7,2231.9018527614785,6.4e-05,731.5100446295893,173.53612991571518,23.72300027726724,1.7342930191718124,1.2471300667213738e-05,True,7.006499050216373e-13,-10.207265861075406
rear,C,38000.0,216.98559218522965,15.0,0.7,2231.9018527614785,0.000256,731.5100446295893,347.07225983143036,47.44600055453448,3.468586038343625,0.017530239037172712,False,7.006499050216373e-13,-10.207265861075406
rear,D,38000.0,216.98559218522965,15.0,0.7,2231.9018527614785,0.001024,731.5100446295893,694.1445196628607,94.89200110906896,6.93717207668725,0.145980468464753,False,7.006499050216373e-13,-10.207265861075406
rear,E,38000.0,216.98559218522965,15.0,0.7,2231.9018527614785,0.004096,731.5100446295893,1388.2890393257214,189.7840022181379,13.8743441533745,0.2991263770753695,False,7.006499050216373e-13,-10.207265861075406
rear,F,38000.0,216.98559218522965,15.0,0.7,2231.9018527614785,0.016384,731.5100446295893,2776.578078651443,379.5680044362758,27.748688306749,0.3960990264986891,False,7.006499050216373e-13,-10.207265861075406
rear,G,38000.0,216.98559218522965,15.0,0.7,2231.9018527614785,0.065536,731.5100446295893,5553.156157302886,759.1360088725517,55.497376613498,0.44759944178121047,False,7.006499050216373e-13,-10.207265861075406
rear,H,38000.0,216.98559218522965,15.0,0.7,2231.9018527614785,0.262144,731.5100446295893,11106.312314605771,1518.2720177451033,110.994753226996,0.4737429116402271,False,7.006499050216373e-13,-10.207265861075406
rear,A,38250.0,218.41312897592195,15.0,0.7,2239.231599430663,1.6e-05,731.5100446295893,86.9315497304211,11.883849082952805,0.8656395367971611,1.968130317726078e-17,True,7.009669700787815e-13,-10.180213072024044
rear,B,38250.0,218.41312897592195,15.0,0.7,2239.231599430663,6.4e-05,731.5100446295893,173.8630994608422,23.76769816590561,1.7312790735943222,1.2916795436749e-05,True,7.009669700787815e-13,-10.180213072024044
rear,C,38250.0,218.41312897592195,15.0,0.7,2239.231599430663,0.000256,731.5100446295893,347.7261989216844,47.53539633181122,3.4625581471886444,0.01770250803540235,False,7.009669700787815e-13,-10.180213072024044
rear,D,38250.0,218.41312897592195,15.0,0.7,2239.231599430663,0.001024,731.5100446295893,695.4523978433688,95.07079266362244,6.925116294377289,0.14643470211730558,False,7.009669700787815e-13,-10.180213072024044
rear,E,38250.0,218.41312897592195,15.0,0.7,2239.231599430663,0.004096,731.5100446295893,1390.9047956867375,190.14158532724488,13.850232588754578,0.29947054871101353,False,7.009669700787815e-13,-10.180213072024044
rear,F,38250.0,218.41312897592195,15.0,0.7,2239.231599430663,0.016384,731.5100446295893,2781.809591373475,380.28317065448977,27.700465177509155,0.39628995753739726,False,7.009669700787815e-13,-10.180213072024044
rear,G,38250.0,218.41312897592195,15.0,0.7,2239.231599430663,0.065536,731.5100446295893,5563.61918274695,760.5663413089795,55.40093035501831,0.4476974199693937,False,7.009669700787815e-13,-10.180213072024044
rear,H,38250.0,218.41312897592195,15.0,0.7,2239.231599430663,0.262144,731.5100446295893,11127.2383654939,1521.132682617959,110.80186071003662,0.47379221995102616,False,7.009669700787815e-13,-10.180213072024044
rear,A,38500.0,219.84066576661425,15.0,0.7,2246.537431563848,1.6e-05,731.5100446295893,87.0946991424938,11.906152182311516,0.8641444096335413,2.2511172736589505e-17,True,7.011223795757928e-13,-10.15308982025013
rear,B,38500.0,219.84066576661425,15.0,0.7,2246.537431563848,6.4e-05,731.5100446295893,174.1893982849876,23.81230436462303,1.7282888192670827,1.3374686412020586e-05,True,7.011223795757928e-13,-10.15308982025013
rear,C,38500.0,219.84066576661425,15.0,0.7,2246.537431563848,0.000256,731.5100446295893,348.3787965699752,47.62460872924606,3.4565776385341653,0.01787520883586374,False,7.011223795757928e-13,-10.15308982025013
rear,D,38500.0,219.84066576661425,15.0,0.7,2246.537431563848,0.001024,731.5100446295893,696.7575931399504,95.24921745849213,6.913155277068331,0.14688724361676125,False,7.011223795757928e-13,-10.15308982025013
rear,E,38500.0,219.84066576661425,15.0,0.7,2246.537431563848,0.004096,731.5100446295893,1393.5151862799007,190.49843491698425,13.826310554136661,0.2998129040840505,False,7.011223795757928e-13,-10.15308982025013
rear,F,38500.0,219.84066576661425,15.0,0.7,2246.537431563848,0.016384,731.5100446295893,2787.0303725598014,380.9968698339685,27.652621108273323,0.3964798069900063,False,7.011223795757928e-13,-10.15308982025013
rear,G,38500.0,219.84066576661425,15.0,0.7,2246.537431563848,0.065536,731.5100446295893,5574.060745119603,761.993739667937,55.305242216546645,0.4477948336389945,False,7.011223795757928e-13,-10.15308982025013
rear,H,38500.0,219.84066576661425,15.0,0.7,2246.537431563848,0.262144,731.5100446295893,11148.121490239206,1523.987479335874,110.61048443309329,0.47384124296918134,False,7.011223795757928e-13,-10.15308982025013
rear,A,38750.0,221.26820255730655,15.0,0.7,2253.819581720368,1.6e-05,731.5100446295893,87.25751552130151,11.928409754849728,0.8626609562440837,2.572173183932317e-17,True,7.012798844670463e-13,-10.125904897397804
rear,B,38750.0,221.26820255730655,15.0,0.7,2253.819581720368,6.4e-05,731.5100446295893,174.51503104260303,23.856819509699456,1.7253219124881674,1.3845210563068516e-05,True,7.012798844670463e-13,-10.125904897397804
rear,C,38750.0,221.26820255730655,15.0,0.7,2253.819581720368,0.000256,731.5100446295893,349.03006208520605,47.71363901939891,3.4506438249763347,0.018048335808077364,False,7.012798844670463e-13,-10.125904897397804
rear,D,38750.0,221.26820255730655,15.0,0.7,2253.819581720368,0.001024,731.5100446295893,698.0601241704121,95.42727803879782,6.901287649952669,0.1473381032761577,False,7.012798844670463e-13,-10.125904897397804
rear,E,38750.0,221.26820255730655,15.0,0.7,2253.819581720368,0.004096,731.5100446295893,1396.1202483408242,190.85455607759565,13.802575299905339,0.30015345986585884,False,7.012798844670463e-13,-10.125904897397804
rear,F,38750.0,221.26820255730655,15.0,0.7,2253.819581720368,0.016384,731.5100446295893,2792.2404966816484,381.7091121551913,27.605150599810678,0.39666858547414885,False,7.012798844670463e-13,-10.125904897397804
rear,G,38750.0,221.26820255730655,15.0,0.7,2253.819581720368,0.065536,731.5100446295893,5584.480993363297,763.4182243103826,55.210301199621355,0.44789168841870314,False,7.012798844670463e-13,-10.125904897397804
rear,H,38750.0,221.26820255730655,15.0,0.7,2253.819581720368,0.262144,731.5100446295893,11168.961986726594,1526.8364486207652,110.42060239924271,0.47388998355018264,False,7.012798844670463e-13,-10.125904897397804
rear,A,39000.0,222.69573934799882,15.0,0.7,2261.078278714574,1.6e-05,731.5100446295893,87.42000117126656,11.950622115590079,0.8611890083582168,2.9360624640420623e-17,True,7.016020147454686e-13,-10.09866673804761
rear,B,39000.0,222.69573934799882,15.0,0.7,2261.078278714574,6.4e-05,731.5100446295893,174.84000234253313,23.901244231180158,1.7223780167164335,1.4328606874974372e-05,True,7.016020147454686e-13,-10.09866673804761
rear,C,39000.0,222.69573934799882,15.0,0.7,2261.078278714574,0.000256,731.5100446295893,349.68000468506625,47.802488462360316,3.444756033432867,0.018221883371022842,False,7.016020147454686e-13,-10.09866673804761
rear,D,39000.0,222.69573934799882,15.0,0.7,2261.078278714574,0.001024,731.5100446295893,699.3600093701325,95.60497692472063,6.889512066865734,0.14778729133800284,False,7.016020147454686e-13,-10.09866673804761
rear,E,39000.0,222.69573934799882,15.0,0.7,2261.078278714574,0.004096,731.5100446295893,1398.720018740265,191.20995384944126,13.779024133731468,0.30049223251620705,False,7.016020147454686e-13,-10.09866673804761
rear,F,39000.0,222.69573934799882,15.0,0.7,2261.078278714574,0.016384,731.5100446295893,2797.44003748053,382.4199076988825,27.558048267462937,0.3968563034628657,False,7.016020147454686e-13,-10.09866673804761
rear,G,39000.0,222.69573934799882,15.0,0.7,2261.078278714574,0.065536,731.5100446295893,5594.88007496106,764.839815397765,55.11609653492587,0.4479879898593438,False,7.016020147454686e-13,-10.09866673804761
rear,H,39000.0,222.69573934799882,15.0,0.7,2261.078278714574,0.262144,731.5100446295893,11189.76014992212,1529.67963079553,110.23219306985175,0.47393844450986644,False,7.016020147454686e-13,-10.09866673804761
rear,A,39250.0,224.12327613869112,15.0,0.7,2268.313747699719,1.6e-05,731.5100446295893,87.58215837413526,11.97278957645534,0.8597284011888119,3.348100421561847e-17,True,7.019255820957136e-13,-10.0713834310186
rear,B,39250.0,224.12327613869112,15.0,0.7,2268.313747699719,6.4e-05,731.5100446295893,175.16431674827052,23.94557915291068,1.7194568023776238,1.4825116324294528e-05,True,7.019255820957136e-13,-10.0713834310186
rear,C,39250.0,224.12327613869112,15.0,0.7,2268.313747699719,0.000256,731.5100446295893,350.32863349654104,47.89115830582136,3.4389136047552475,0.018395845992756905,False,7.019255820957136e-13,-10.0713834310186
rear,D,39250.0,224.12327613869112,15.0,0.7,2268.313747699719,0.001024,731.5100446295893,700.6572669930821,95.78231661164271,6.877827209510495,0.14823481797401922,False,7.019255820957136e-13,-10.0713834310186
rear,E,39250.0,224.12327613869112,15.0,0.7,2268.313747699719,0.004096,731.5100446295893,1401.3145339861642,191.56463322328543,13.75565441902099,0.30082923828628877,False,7.019255820957136e-13,-10.0713834310186
rear,F,39250.0,224.12327613869112,15.0,0.7,2268.313747699719,0.016384,731.5100446295893,2802.6290679723284,383.12926644657085,27.51130883804198,0.3970429712869088,False,7.019255820957136e-13,-10.0713834310186
rear,G,39250.0,224.12327613869112,15.0,0.7,2268.313747699719,0.065536,731.5100446295893,5605.258135944657,766.2585328931417,55.02261767608396,0.44808374343514235,False,7.019255820957136e-13,-10.0713834310186
rear,H,39250.0,224.12327613869112,15.0,0.7,2268.313747699719,0.262144,731.5100446295893,11210.516271889313,1532.5170657862834,110.04523535216792,0.4739866286250642,False,7.019255820957136e-13,-10.0713834310186
rear,A,39500.0,225.55081292938343,15.0,0.7,2275.5262102494517,1.6e-05,731.5100446295893,87.74398938911364,11.994912446286923,0.858278973338457,3.814211592723615e-17,True,7.020886059466528e-13,-10.044062730499185
rear,B,39500.0,225.55081292938343,15.0,0.7,2275.5262102494517,6.4e-05,731.5100446295893,175.48797877822727,23.989824892573846,1.716557946676914,1.5334981855126902e-05,True,7.020886059466528e-13,-10.044062730499185
rear,C,39500.0,225.55081292938343,15.0,0.7,2275.5262102494517,0.000256,731.5100446295893,350.97595755645455,47.97964978514769,3.433115893353828,0.01857021819003316,False,7.020886059466528e-13,-10.044062730499185
rear,D,39500.0,225.55081292938343,15.0,0.7,2275.5262102494517,0.001024,731.5100446295893,701.9519151129091,95.95929957029539,6.866231786707656,0.14868069328494238,False,7.020886059466528e-13,-10.044062730499185
rear,E,39500.0,225.55081292938343,15.0,0.7,2275.5262102494517,0.004096,731.5100446295893,1403.9038302258182,191.91859914059077,13.732463573415313,0.30116449322172734,False,7.020886059466528e-13,-10.044062730499185
rear,F,39500.0,225.55081292938343,15.0,0.7,2275.5262102494517,0.016384,731.5100446295893,2807.8076604516364,383.83719828118154,27.464927146830625,0.3972285991370106,False,7.020886059466528e-13,-10.044062730499185
rear,G,39500.0,225.55081292938343,15.0,0.7,2275.5262102494517,0.065536,731.5100446295893,5615.615320903273,767.6743965623631,54.92985429366125,0.448178954544974,False,7.020886059466528e-13,-10.044062730499185
rear,H,39500.0,225.55081292938343,15.0,0.7,2275.5262102494517,0.262144,731.5100446295893,11231.230641806545,1535.3487931247262,109.8597085873225,0.4740345386342411,False,7.020886059466528e-13,-10.044062730499185
rear,A,39750.0,226.97834972007573,15.0,0.7,2282.715884436983,1.6e-05,731.5100446295893,87.90549645301017,12.016991030864434,0.8568405667088279,4.340993672395975e-17,True,7.020919569132231e-13,-10.016712066989578
rear,B,39750.0,226.97834972007573,15.0,0.7,2282.715884436983,6.4e-05,731.5100446295893,175.81099290602035,24.033982061728867,1.7136811334176558,1.5858448354819844e-05,True,7.020919569132231e-13,-10.016712066989578
rear,C,39750.0,226.97834972007573,15.0,0.7,2282.715884436983,0.000256,731.5100446295893,351.6219858120407,48.067964123457735,3.4273622668353116,0.018744994527922235,False,7.020919569132231e-13,-10.016712066989578
rear,D,39750.0,226.97834972007573,15.0,0.7,2282.715884436983,0.001024,731.5100446295893,703.2439716240814,96.13592824691547,6.854724533670623,0.14912492730036703,False,7.020919569132231e-13,-10.016712066989578
rear,E,39750.0,226.97834972007573,15.0,0.7,2282.715884436983,0.004096,731.5100446295893,1406.4879432481628,192.27185649383094,13.709449067341247,0.3014980131655462,False,7.020919569132231e-13,-10.016712066989578
rear,F,39750.0,226.97834972007573,15.0,0.7,2282.715884436983,0.016384,731.5100446295893,2812.9758864963255,384.5437129876619,27.418898134682493,0.3974131970661209,False,7.020919569132231e-13,-10.016712066989578
rear,G,39750.0,226.97834972007573,15.0,0.7,2282.715884436983,0.065536,731.5100446295893,5625.951772992651,769.0874259753238,54.837796269364986,0.44827362851359204,False,7.020919569132231e-13,-10.016712066989578
rear,H,39750.0,226.97834972007573,15.0,0.7,2282.715884436983,0.262144,731.5100446295893,11251.903545985302,1538.1748519506475,109.67559253872997,0.47408217723812507,False,7.020919569132231e-13,-10.016712066989578
rear,A,40000.0,228.40588651076803,15.0,0.7,2289.882984912024,1.6e-05,731.5100446295893,88.06668178038566,12.039025632926135,0.8554130264130335,4.935787515545272e-17,True,7.024205899972018e-13,-9.989338558043105
rear,B,40000.0,228.40588651076803,15.0,0.7,2289.882984912024,6.4e-05,731.5100446295893,176.13336356077133,24.07805126585227,1.710826052826067,1.6395762629339272e-05,True,7.024205899972018e-13,-9.989338558043105
rear,C,40000.0,228.40588651076803,15.0,0.7,2289.882984912024,0.000256,731.5100446295893,352.26672712154266,48.15610253170454,3.421652105652134,0.018920169619434154,False,7.024205899972018e-13,-9.989338558043105
rear,D,40000.0,228.40588651076803,15.0,0.7,2289.882984912024,0.001024,731.5100446295893,704.5334542430853,96.31220506340908,6.843304211304268,0.1495675299786422,False,7.024205899972018e-13,-9.989338558043105
rear,E,40000.0,228.40588651076803,15.0,0.7,2289.882984912024,0.004096,731.5100446295893,1409.0669084861706,192.62441012681816,13.686608422608536,0.30182981376110807,False,7.024205899972018e-13,-9.989338558043105
rear,F,40000.0,228.40588651076803,15.0,0.7,2289.882984912024,0.016384,731.5100446295893,2818.1338169723413,385.2488202536363,27.373216845217073,0.3975967749916096,False,7.024205899972018e-13,-9.989338558043105
rear,G,40000.0,228.40588651076803,15.0,0.7,2289.882984912024,0.065536,731.5100446295893,5636.2676339446825,770.4976405072726,54.746433690434145,0.4483677705928375,False,7.024205899972018e-13,-9.989338558043105
rear,H,40000.0,228.40588651076803,15.0,0.7,2289.882984912024,0.262144,731.5100446295893,11272.535267889365,1540.9952810145453,109.49286738086829,0.4741295471003253,False,7.024205899972018e-13,-9.989338558043105
rear,A,40250.0,229.83342330146033,15.0,0.7,2297.0277229755598,1.6e-05,731.5100446295893,88.2275475637087,12.061016552190203,0.8539962006908222,5.606753723865371e-17,True,7.027505675328334e-13,-9.961949018793282
rear,B,40250.0,229.83342330146033,15.0,0.7,2297.0277229755598,6.4e-05,731.5100446295893,176.4550951274174,24.122033104380407,1.7079924013816443,1.6947173378301616e-05,True,7.027505675328334e-13,-9.961949018793282
rear,C,40250.0,229.83342330146033,15.0,0.7,2297.0277229755598,0.000256,731.5100446295893,352.9101902548348,48.24406620876081,3.4159848027632886,0.019095738125141367,False,7.027505675328334e-13,-9.961949018793282
rear,D,40250.0,229.83342330146033,15.0,0.7,2297.0277229755598,0.001024,731.5100446295893,705.8203805096696,96.48813241752163,6.831969605526577,0.15000851120680825,False,7.027505675328334e-13,-9.961949018793282
rear,E,40250.0,229.83342330146033,15.0,0.7,2297.0277229755598,0.004096,731.5100446295893,1411.6407610193392,192.97626483504325,13.663939211053155,0.30215991045501783,False,7.027505675328334e-13,-9.961949018793282
rear,F,40250.0,229.83342330146033,15.0,0.7,2297.0277229755598,0.016384,731.5100446295893,2823.2815220386783,385.9525296700865,27.32787842210631,0.3977793426974368,False,7.027505675328334e-13,-9.961949018793282
rear,G,40250.0,229.83342330146033,15.0,0.7,2297.0277229755598,0.065536,731.5100446295893,5646.563044077357,771.905059340173,54.65575684421262,0.44846138596282953,False,7.027505675328334e-13,-9.961949018793282
rear,H,40250.0,229.83342330146033,15.0,0.7,2297.0277229755598,0.262144,731.5100446295893,11293.126088154713,1543.810118680346,109.31151368842524,0.47417665084794125,False,7.027505675328334e-13,-9.961949018793282
rear,A,40500.0,231.26096009215263,15.0,0.7,2304.1503066525347,1.6e-05,731.5100446295893,88.38809597351705,12.082964085376796,0.852589940826536,6.362956369106526e-17,True,7.029210905672024e-13,-9.934549972258788
rear,B,40500.0,231.26096009215263,15.0,0.7,2304.1503066525347,6.4e-05,731.5100446295893,176.7761919470341,24.165928170753592,1.705179881653072,1.7512931169687782e-05,True,7.029210905672024e-13,-9.934549972258788
rear,C,40500.0,231.26096009215263,15.0,0.7,2304.1503066525347,0.000256,731.5100446295893,353.5523838940682,48.331856341507184,3.410359763306144,0.019271694752803686,False,7.029210905672024e-13,-9.934549972258788
rear,D,40500.0,231.26096009215263,15.0,0.7,2304.1503066525347,0.001024,731.5100446295893,707.1047677881364,96.66371268301437,6.820719526612288,0.1504478808005763,False,7.029210905672024e-13,-9.934549972258788
rear,E,40500.0,231.26096009215263,15.0,0.7,2304.1503066525347,0.004096,731.5100446295893,1414.2095355762729,193.32742536602873,13.641439053224577,0.30248831849999247,False,7.029210905672024e-13,-9.934549972258788
rear,F,40500.0,231.26096009215263,15.0,0.7,2304.1503066525347,0.016384,731.5100446295893,2828.4190711525457,386.65485073205747,27.282878106449154,0.3979609098362889,False,7.029210905672024e-13,-9.934549972258788
rear,G,40500.0,231.26096009215263,15.0,0.7,2304.1503066525347,0.065536,731.5100446295893,5656.838142305091,773.3097014641149,54.56575621289831,0.4485544797331364,False,7.029210905672024e-13,-9.934549972258788
rear,H,40500.0,231.26096009215263,15.0,0.7,2304.1503066525347,0.262144,731.5100446295893,11313.676284610183,1546.6194029282299,109.13151242579661,0.4742234910721618,False,7.029210905672024e-13,-9.934549972258788
rear,A,40750.0,232.68849688284493,15.0,0.7,2311.250940762525,1.6e-05,731.5100446295893,88.54832915858385,12.104868526230776,0.8511941010697109,7.21445444480294e-17,True,7.029330112046603e-13,-9.907147659416378
rear,B,40750.0,232.68849688284493,15.0,0.7,2311.250940762525,6.4e-05,731.5100446295893,177.0966583171677,24.209737052461552,1.7023882021394219,1.8093288414246832e-05,True,7.029330112046603e-13,-9.907147659416378
rear,C,40750.0,232.68849688284493,15.0,0.7,2311.250940762525,0.000256,731.5100446295893,354.1933166343354,48.419474104923104,3.4047764042788438,0.019448034256994342,False,7.029330112046603e-13,-9.907147659416378
rear,D,40750.0,232.68849688284493,15.0,0.7,2311.250940762525,0.001024,731.5100446295893,708.3866332686708,96.83894820984621,6.8095528085576875,0.15088564850434555,False,7.029330112046603e-13,-9.907147659416378
rear,E,40750.0,232.68849688284493,15.0,0.7,2311.250940762525,0.004096,731.5100446295893,1416.7732665373417,193.67789641969242,13.619105617115375,0.30281505295769506,False,7.029330112046603e-13,-9.907147659416378
rear,F,40750.0,232.68849688284493,15.0,0.7,2311.250940762525,0.016384,731.5100446295893,2833.5465330746833,387.35579283938483,27.23821123423075,0.398141485931682,False,7.029330112046603e-13,-9.907147659416378
rear,G,40750.0,232.68849688284493,15.0,0.7,2311.250940762525,0.065536,731.5100446295893,5667.093066149367,774.7115856787697,54.4764224684615,0.4486470569439283,False,7.029330112046603e-13,-9.907147659416378
rear,H,40750.0,232.68849688284493,15.0,0.7,2311.250940762525,0.262144,731.5100446295893,11334.186132298733,1549.4231713575393,108.952844936923,0.47427007032885443,False,7.029330112046603e-13,-9.907147659416378
rear,A,41000.0,234.11603367353723,15.0,0.7,2318.3298269884594,1.6e-05,731.5100446295893,88.70824924608836,12.126730165545036,0.8498085385582171,8.172401680730448e-17,True,7.032677651733469e-13,-9.87974804903717
rear,B,41000.0,234.11603367353723,15.0,0.7,2318.3298269884594,6.4e-05,731.5100446295893,177.41649849217671,24.25346033109007,1.6996170771164343,1.868849933960377e-05,True,7.032677651733469e-13,-9.87974804903717
rear,C,41000.0,234.11603367353723,15.0,0.7,2318.3298269884594,0.000256,731.5100446295893,354.83299698435343,48.50692066218014,3.3992341542328686,0.019624751438727953,False,7.032677651733469e-13,-9.87974804903717
rear,D,41000.0,234.11603367353723,15.0,0.7,2318.3298269884594,0.001024,731.5100446295893,709.6659939687069,97.01384132436029,6.798468308465737,0.15132182399125677,False,7.032677651733469e-13,-9.87974804903717
rear,E,41000.0,234.11603367353723,15.0,0.7,2318.3298269884594,0.004096,731.5100446295893,1419.3319879374137,194.02768264872057,13.596936616931474,0.3031401287015336,False,7.032677651733469e-13,-9.87974804903717
rear,F,41000.0,234.11603367353723,15.0,0.7,2318.3298269884594,0.016384,731.5100446295893,2838.6639758748274,388.05536529744114,27.19387323386295,0.3983210803800327,False,7.032677651733469e-13,-9.87974804903717
rear,G,41000.0,234.11603367353723,15.0,0.7,2318.3298269884594,0.065536,731.5100446295893,5677.327951749655,776.1107305948823,54.3877464677259,0.4487391225671108,False,7.032677651733469e-13,-9.87974804903717
rear,H,41000.0,234.11603367353723,15.0,0.7,2318.3298269884594,0.262144,731.5100446295893,11354.65590349931,1552.2214611897646,108.7754929354518,0.474316391139145,False,7.032677651733469e-13,-9.87974804903717
rear,A,41250.0,235.54357046422953,15.0,0.7,2325.3871639434637,1.6e-05,731.5100446295893,88.86785834179067,12.148549291184402,0.8484331132438488,9.249155399613042e-17,True,7.034438666423474e-13,-9.852356847280088
rear,B,41250.0,235.54357046422953,15.0,0.7,2325.3871639434637,6.4e-05,731.5100446295893,177.73571668358133,24.297098582368804,1.6968662264876977,1.929881996407994e-05,True,7.034438666423474e-13,-9.852356847280088
rear,C,41250.0,235.54357046422953,15.0,0.7,2325.3871639434637,0.000256,731.5100446295893,355.47143336716266,48.59419716473761,3.3937324529753954,0.019801841145089608,False,7.034438666423474e-13,-9.852356847280088
rear,D,41250.0,235.54357046422953,15.0,0.7,2325.3871639434637,0.001024,731.5100446295893,710.9428667343253,97.18839432947522,6.787464905950791,0.1517564168632793,False,7.034438666423474e-13,-9.852356847280088
rear,E,41250.0,235.54357046422953,15.0,0.7,2325.3871639434637,0.004096,731.5100446295893,1421.8857334686506,194.37678865895043,13.574929811901582,0.3034635604194237,False,7.034438666423474e-13,-9.852356847280088
rear,F,41250.0,235.54357046422953,15.0,0.7,2325.3871639434637,0.016384,731.5100446295893,2843.7714669373013,388.75357731790086,27.149859623803163,0.39849970245269484,False,7.034438666423474e-13,-9.852356847280088
rear,G,41250.0,235.54357046422953,15.0,0.7,2325.3871639434637,0.065536,731.5100446295893,5687.542933874603,777.5071546358017,54.299719247606326,0.4488306815074395,False,7.034438666423474e-13,-9.852356847280088
rear,H,41250.0,235.54357046422953,15.0,0.7,2325.3871639434637,0.262144,731.5100446295893,11375.085867749205,1555.0143092716035,108.59943849521265,0.47436245598998733,False,7.034438666423474e-13,-9.852356847280088
rear,A,41500.0,236.97110725492183,15.0,0.7,2332.4231472358765,1.6e-05,731.5100446295893,89.02715853021022,12.170326188110023,0.8470676878202663,1.0458395143484968e-16,True,7.037814019197776e-13,-9.824979507040013
rear,B,41500.0,236.97110725492183,15.0,0.7,2332.4231472358765,6.4e-05,731.5100446295893,178.05431706042043,24.340652376220046,1.6941353756405326,1.9924508070240337e-05,True,7.037814019197776e-13,-9.824979507040013
rear,C,41500.0,236.97110725492183,15.0,0.7,2332.4231472358765,0.000256,731.5100446295893,356.10863412084086,48.68130475244009,3.3882707512810653,0.019979298268866102,False,7.037814019197776e-13,-9.824979507040013
rear,D,41500.0,236.97110725492183,15.0,0.7,2332.4231472358765,0.001024,731.5100446295893,712.2172682416817,97.36260950488018,6.7765415025621305,0.15218943665133072,False,7.037814019197776e-13,-9.824979507040013
rear,E,41500.0,236.97110725492183,15.0,0.7,2332.4231472358765,0.004096,731.5100446295893,1424.4345364833634,194.72521900976037,13.553083005124261,0.30378536261651534,False,7.037814019197776e-13,-9.824979507040013
rear,F,41500.0,236.97110725492183,15.0,0.7,2332.4231472358765,0.016384,731.5100446295893,2848.869072966727,389.45043801952073,27.106166010248522,0.3986773612979647,False,7.037814019197776e-13,-9.824979507040013
rear,G,41500.0,236.97110725492183,15.0,0.7,2332.4231472358765,0.065536,731.5100446295893,5697.738145933454,778.9008760390415,54.212332020497044,0.44892173860361656,False,7.037814019197776e-13,-9.824979507040013
rear,H,41500.0,236.97110725492183,15.0,0.7,2332.4231472358765,0.262144,731.5100446295893,11395.476291866908,1557.801752078083,108.42466404099409,0.47440826733472397,False,7.037814019197776e-13,-9.824979507040013
rear,A,41750.0,238.39864404561413,15.0,0.7,2339.4379695325106,1.6e-05,731.5100446295893,89.18615187480731,12.192061138404192,0.8457121276532057,1.1815251847800135e-16,True,7.03960814677745e-13,-9.797621237047606
rear,B,41750.0,238.39864404561413,15.0,0.7,2339.4379695325106,6.4e-05,731.5100446295893,178.37230374961462,24.384122276808384,1.6914242553064114,2.0565823178176645e-05,True,7.03960814677745e-13,-9.797621237047606
rear,C,41750.0,238.39864404561413,15.0,0.7,2339.4379695325106,0.000256,731.5100446295893,356.74460749922923,48.76824455361677,3.3828485106128228,0.02015711774817844,False,7.03960814677745e-13,-9.797621237047606
rear,D,41750.0,238.39864404561413,15.0,0.7,2339.4379695325106,0.001024,731.5100446295893,713.4892149984585,97.53648910723354,6.7656970212256455,0.15262089281542446,False,7.03960814677745e-13,-9.797621237047606
rear,E,41750.0,238.39864404561413,15.0,0.7,2339.4379695325106,0.004096,731.5100446295893,1426.978429996917,195.07297821446707,13.531394042451291,0.3041055496178837,False,7.03960814677745e-13,-9.797621237047606
rear,F,41750.0,238.39864404561413,15.0,0.7,2339.4379695325106,0.016384,731.5100446295893,2853.956859993834,390.14595642893414,27.062788084902582,0.3988540659430536,False,7.03960814677745e-13,-9.797621237047606
rear,G,41750.0,238.39864404561413,15.0,0.7,2339.4379695325106,0.065536,731.5100446295893,5707.913719987668,780.2919128578683,54.125576169805164,0.44901229862936864,False,7.03960814677745e-13,-9.797621237047606
rear,H,41750.0,238.39864404561413,15.0,0.7,2339.4379695325106,0.262144,731.5100446295893,11415.827439975335,1560.5838257157366,108.25115233961033,0.4744538275936368,False,7.03960814677745e-13,-9.797621237047606
rear,A,42000.0,239.82618083630643,15.0,0.7,2346.4318206202115,1.6e-05,731.5100446295893,89.34484041816755,12.213754421295555,0.8443663007128704,1.333644839501637e-16,True,7.041419910735744e-13,-9.770287010720022
rear,B,42000.0,239.82618083630643,15.0,0.7,2346.4318206202115,6.4e-05,731.5100446295893,178.6896808363351,24.42750884259111,1.6887326014257409,2.1223026518538697e-05,True,7.041419910735744e-13,-9.770287010720022
rear,C,42000.0,239.82618083630643,15.0,0.7,2346.4318206202115,0.000256,731.5100446295893,357.3793616726702,48.85501768518222,3.3774652028514818,0.020335294566116248,False,7.041419910735744e-13,-9.770287010720022
rear,D,42000.0,239.82618083630643,15.0,0.7,2346.4318206202115,0.001024,731.5100446295893,714.7587233453404,97.71003537036444,6.7549304057029635,0.15305079474484667,False,7.041419910735744e-13,-9.770287010720022
rear,E,42000.0,239.82618083630643,15.0,0.7,2346.4318206202115,0.004096,731.5100446295893,1429.5174466906808,195.42007074072887,13.509860811405927,0.30442413557118264,False,7.041419910735744e-13,-9.770287010720022
rear,F,42000.0,239.82618083630643,15.0,0.7,2346.4318206202115,0.016384,731.5100446295893,2859.0348933813616,390.84014148145775,27.019721622811854,0.3990298252960278,False,7.041419910735744e-13,-9.770287010720022
rear,G,42000.0,239.82618083630643,15.0,0.7,2346.4318206202115,0.065536,731.5100446295893,5718.069786762723,781.6802829629155,54.03944324562371,0.4491023662945068,False,7.041419910735744e-13,-9.770287010720022
rear,H,42000.0,239.82618083630643,15.0,0.7,2346.4318206202115,0.262144,731.5100446295893,11436.139573525446,1563.360565925831,108.07888649124742,0.47449913915448894,False,7.041419910735744e-13,-9.770287010720022
rear,A,42250.0,241.25371762699874,15.0,0.7,2353.4048874657683,1.6e-05,731.5100446295893,89.50322618218878,12.235406313184674,0.8430300775084227,1.5040452436077774e-16,True,7.041661328903353e-13,-9.7429815747618
rear,B,42250.0,241.25371762699874,15.0,0.7,2353.4048874657683,6.4e-05,731.5100446295893,179.00645236437757,24.470812626369348,1.6860601550168455,2.189638100532475e-05,True,7.041661328903353e-13,-9.7429815747618
rear,C,42250.0,241.25371762699874,15.0,0.7,2353.4048874657683,0.000256,731.5100446295893,358.01290472875513,48.941625252738696,3.372120310033691,0.020513823750373864,False,7.041661328903353e-13,-9.7429815747618
rear,D,42250.0,241.25371762699874,15.0,0.7,2353.4048874657683,0.001024,731.5100446295893,716.0258094575103,97.88325050547739,6.744240620067382,0.15347915175835763,False,7.041661328903353e-13,-9.7429815747618
rear,E,42250.0,241.25371762699874,15.0,0.7,2353.4048874657683,0.004096,731.5100446295893,1432.0516189150205,195.76650101095478,13.488481240134764,0.3047411344492628,False,7.041661328903353e-13,-9.7429815747618
rear,F,42250.0,241.25371762699874,15.0,0.7,2353.4048874657683,0.016384,731.5100446295893,2864.103237830041,391.53300202190957,26.976962480269528,0.39920464814771706,False,7.041661328903353e-13,-9.7429815747618
rear,G,42250.0,241.25371762699874,15.0,0.7,2353.4048874657683,0.065536,731.5100446295893,5728.206475660082,783.0660040438191,53.953924960539055,0.4491919462459682,False,7.041661328903353e-13,-9.7429815747618
rear,H,42250.0,241.25371762699874,15.0,0.7,2353.4048874657683,0.262144,731.5100446295893,11456.412951320164,1566.1320080876383,107.90784992107811,0.4745442043730568,False,7.041661328903353e-13,-9.7429815747618
rear,A,42500.0,242.68125441769104,15.0,0.7,2360.3573542742315,1.6e-05,731.5100446295893,89.66131116827019,12.257017087669862,0.8417033310245007,1.6947642428124166e-16,True,7.045095413619923e-13,-9.71570945751706
rear,B,42500.0,242.68125441769104,15.0,0.7,2360.3573542742315,6.4e-05,731.5100446295893,179.32262233654038,24.514034175339724,1.6834066620490014,2.25861512084422e-05,True,7.045095413619923e-13,-9.71570945751706
rear,C,42500.0,242.68125441769104,15.0,0.7,2360.3573542742315,0.000256,731.5100446295893,358.64524467308075,49.02806835067945,3.3668133240980027,0.020692700372888388,False,7.045095413619923e-13,-9.71570945751706
rear,D,42500.0,242.68125441769104,15.0,0.7,2360.3573542742315,0.001024,731.5100446295893,717.2904893461615,98.0561367013589,6.733626648196005,0.15390597310441867,False,7.045095413619923e-13,-9.71570945751706
rear,E,42500.0,242.68125441769104,15.0,0.7,2360.3573542742315,0.004096,731.5100446295893,1434.580978692323,196.1122734027178,13.46725329639201,0.3050565600527527,False,7.045095413619923e-13,-9.71570945751706
rear,F,42500.0,242.68125441769104,15.0,0.7,2360.3573542742315,0.016384,731.5100446295893,2869.161957384646,392.2245468054356,26.93450659278402,0.3993785431735915,False,7.045095413619923e-13,-9.71570945751706
rear,G,42500.0,242.68125441769104,15.0,0.7,2360.3573542742315,0.065536,731.5100446295893,5738.323914769292,784.4490936108712,53.86901318556804,0.44928104306884026,False,7.045095413619923e-13,-9.71570945751706
rear,H,42500.0,242.68125441769104,15.0,0.7,2360.3573542742315,0.262144,731.5100446295893,11476.647829538584,1568.8981872217423,107.73802637113609,0.47458902557365307,False,7.045095413619923e-13,-9.71570945751706
rear,A,42750.0,244.10879120838334,15.0,0.7,2367.2894025456912,1.6e-05,731.5100446295893,89.81909735750314,12.278587015573292,0.8403859366596832,1.9080487899994215e-16,True,7.046958694049077e-13,-9.688474977073975
rear,B,42750.0,244.10879120838334,15.0,0.7,2367.2894025456912,6.4e-05,731.5100446295893,179.63819471500628,24.557174031146584,1.6807718733193664,2.329260332604826e-05,True,7.046958694049077e-13,-9.688474977073975
rear,C,42750.0,244.10879120838334,15.0,0.7,2367.2894025456912,0.000256,731.5100446295893,359.27638943001256,49.11434806229317,3.361543746638733,0.02087191954947925,False,7.046958694049077e-13,-9.688474977073975
rear,D,42750.0,244.10879120838334,15.0,0.7,2367.2894025456912,0.001024,731.5100446295893,718.5527788600251,98.22869612458634,6.723087493277466,0.15433126796143942,False,7.046958694049077e-13,-9.688474977073975
rear,E,42750.0,244.10879120838334,15.0,0.7,2367.2894025456912,0.004096,731.5100446295893,1437.1055577200502,196.45739224917267,13.446174986554931,0.305370426012603,False,7.046958694049077e-13,-9.688474977073975
rear,F,42750.0,244.10879120838334,15.0,0.7,2367.2894025456912,0.016384,731.5100446295893,2874.2111154401005,392.91478449834534,26.892349973109862,0.3995515189356072,False,7.046958694049077e-13,-9.688474977073975
rear,G,42750.0,244.10879120838334,15.0,0.7,2367.2894025456912,0.065536,731.5100446295893,5748.422230880201,785.8295689966907,53.784699946219725,0.44936966128736705,False,7.046958694049077e-13,-9.688474977073975
rear,H,42750.0,244.10879120838334,15.0,0.7,2367.2894025456912,0.262144,731.5100446295893,11496.844461760402,1571.6591379933814,107.56939989243945,0.47463360504964136,False,7.046958694049077e-13,-9.688474977073975
rear,A,43000.0,245.53632799907564,15.0,0.7,2374.2012111305608,1.6e-05,731.5100446295893,89.97658671086369,12.300116364967296,0.8390777721668364,2.1463745023822173e-16,True,7.048838693754195e-13,-9.661282249123591
rear,B,43000.0,245.53632799907564,15.0,0.7,2374.2012111305608,6.4e-05,731.5100446295893,179.95317342172737,24.600232729934593,1.6781555443336729,2.4016005156682598e-05,True,7.048838693754195e-13,-9.661282249123591
rear,C,43000.0,245.53632799907564,15.0,0.7,2374.2012111305608,0.000256,731.5100446295893,359.90634684345474,49.200465459869186,3.3563110886673457,0.02105147643948993,False,7.048838693754195e-13,-9.661282249123591
rear,D,43000.0,245.53632799907564,15.0,0.7,2374.2012111305608,0.001024,731.5100446295893,719.8126936869095,98.40093091973837,6.7126221773346915,0.15475504543804847,False,7.048838693754195e-13,-9.661282249123591
rear,E,43000.0,245.53632799907564,15.0,0.7,2374.2012111305608,0.004096,731.5100446295893,1439.625387373819,196.80186183947674,13.425244354669383,0.30568274579259497,False,7.048838693754195e-13,-9.661282249123591
rear,F,43000.0,245.53632799907564,15.0,0.7,2374.2012111305608,0.016384,731.5100446295893,2879.250774747638,393.6037236789535,26.850488709338766,0.3997235838840209,False,7.048838693754195e-13,-9.661282249123591
rear,G,43000.0,245.53632799907564,15.0,0.7,2374.2012111305608,0.065536,731.5100446295893,5758.501549495276,787.207447357907,53.70097741867753,0.4494578053659385,False,7.048838693754195e-13,-9.661282249123591
rear,H,43000.0,245.53632799907564,15.0,0.7,2374.2012111305608,0.262144,731.5100446295893,11517.003098990552,1574.414894715814,107.40195483735506,0.4746779450639409,False,7.048838693754195e-13,-9.661282249123591
rear,A,43250.0,246.96386478976794,15.0,0.7,2381.0929562834176,1.6e-05,731.5100446295893,90.13378116940639,12.321605401200873,0.8377787175952692,2.412466864138072e-16,True,7.050735191829954e-13,-9.634135194575778
rear,B,43250.0,246.96386478976794,15.0,0.7,2381.0929562834176,6.4e-05,731.5100446295893,180.26756233881278,24.643210802401747,1.6755574351905385,2.475662607120346e-05,True,7.050735191829954e-13,-9.634135194575778
rear,C,43250.0,246.96386478976794,15.0,0.7,2381.0929562834176,0.000256,731.5100446295893,360.53512467762556,49.28642160480349,3.351114870381077,0.02123136624543162,False,7.050735191829954e-13,-9.634135194575778
rear,D,43250.0,246.96386478976794,15.0,0.7,2381.0929562834176,0.001024,731.5100446295893,721.0702493552511,98.57284320960699,6.702229740762154,0.15517731457338219,False,7.050735191829954e-13,-9.634135194575778
rear,E,43250.0,246.96386478976794,15.0,0.7,2381.0929562834176,0.004096,731.5100446295893,1442.1404987105022,197.14568641921397,13.404459481524308,0.3059935326918131,False,7.050735191829954e-13,-9.634135194575778
rear,F,43250.0,246.96386478976794,15.0,0.7,2381.0929562834176,0.016384,731.5100446295893,2884.2809974210045,394.29137283842795,26.808918963048615,0.3998947463591743,False,7.050735191829954e-13,-9.634135194575778
rear,G,43250.0,246.96386478976794,15.0,0.7,2381.0929562834176,0.065536,731.5100446295893,5768.561994842009,788.5827456768559,53.61783792609723,0.4495454797100622,False,7.050735191829954e-13,-9.634135194575778
rear,H,43250.0,246.96386478976794,15.0,0.7,2381.0929562834176,0.262144,731.5100446295893,11537.123989684018,1577.1654913537118,107.23567585219446,0.47472204784952315,False,7.050735191829954e-13,-9.634135194575778
rear,A,43500.0,248.39140158046024,15.0,0.7,2387.964811715447,1.6e-05,731.5100446295893,90.29068265445909,12.343054386926305,0.8364886552346341,2.709324196793445e-16,True,7.052647970612651e-13,-9.607037546935313
rear,B,43500.0,248.39140158046024,15.0,0.7,2387.964811715447,6.4e-05,731.5100446295893,180.58136530891818,24.68610877385261,1.6729773104692682,2.5514736984533567e-05,True,7.052647970612651e-13,-9.607037546935313
rear,C,43500.0,248.39140158046024,15.0,0.7,2387.964811715447,0.000256,731.5100446295893,361.16273061783636,49.37221754770522,3.3459546209385365,0.021411584212628378,False,7.052647970612651e-13,-9.607037546935313
rear,D,43500.0,248.39140158046024,15.0,0.7,2387.964811715447,0.001024,731.5100446295893,722.3254612356727,98.74443509541044,6.691909241877073,0.15559808433739108,False,7.052647970612651e-13,-9.607037546935313
rear,E,43500.0,248.39140158046024,15.0,0.7,2387.964811715447,0.004096,731.5100446295893,1444.6509224713454,197.48887019082088,13.383818483754146,0.3063027998470801,False,7.052647970612651e-13,-9.607037546935313
rear,F,43500.0,248.39140158046024,15.0,0.7,2387.964811715447,0.016384,731.5100446295893,2889.301844942691,394.97774038164175,26.76763696750829,0.40006501459324767,False,7.052647970612651e-13,-9.607037546935313
rear,G,43500.0,248.39140158046024,15.0,0.7,2387.964811715447,0.065536,731.5100446295893,5778.603689885382,789.9554807632835,53.53527393501658,0.4496326886673188,False,7.052647970612651e-13,-9.607037546935313
rear,H,43500.0,248.39140158046024,15.0,0.7,2387.964811715447,0.262144,731.5100446295893,11557.207379770764,1579.910961526567,107.07054787003317,0.4747659156098993,False,7.052647970612651e-13,-9.607037546935313
rear,A,43750.0,249.81893837115254,15.0,0.7,2394.8169486455276,1.6e-05,731.5100446295893,90.44729306781859,12.364463582125914,0.8352074695605145,3.040242527445837e-16,True,7.053005640390952e-13,-9.579992859441711
rear,B,43750.0,249.81893837115254,15.0,0.7,2394.8169486455276,6.4e-05,731.5100446295893,180.89458613563718,24.72892716425183,1.670414939121029,2.629061032723259e-05,True,7.053005640390952e-13,-9.579992859441711
rear,C,43750.0,249.81893837115254,15.0,0.7,2394.8169486455276,0.000256,731.5100446295893,361.78917227127437,49.45785432850366,3.340829878242058,0.021592125628864853,False,7.053005640390952e-13,-9.579992859441711
rear,D,43750.0,249.81893837115254,15.0,0.7,2394.8169486455276,0.001024,731.5100446295893,723.5783445425487,98.91570865700731,6.681659756484116,0.15601736363116486,False,7.053005640390952e-13,-9.579992859441711
rear,E,43750.0,249.81893837115254,15.0,0.7,2394.8169486455276,0.004096,731.5100446295893,1447.1566890850975,197.83141731401463,13.363319512968232,0.3066105602353576,False,7.053005640390952e-13,-9.579992859441711
rear,F,43750.0,249.81893837115254,15.0,0.7,2394.8169486455276,0.016384,731.5100446295893,2894.313378170195,395.66283462802926,26.726639025936464,0.4002343967119845,False,7.053005640390952e-13,-9.579992859441711
rear,G,43750.0,249.81893837115254,15.0,0.7,2394.8169486455276,0.065536,731.5100446295893,5788.62675634039,791.3256692560585,53.45327805187293,0.44971943652830004,False,7.053005640390952e-13,-9.579992859441711
rear,H,43750.0,249.81893837115254,15.0,0.7,2394.8169486455276,0.262144,731.5100446295893,11577.25351268078,1582.651338512117,106.90655610374586,0.47480955051959955,False,7.053005640390952e-13,-9.579992859441711
rear,A,44000.0,251.24647516184484,15.0,0.7,2401.6495358500083,1.6e-05,731.5100446295893,90.60361429194687,12.385833244138885,0.8339350471816331,3.408842493117251e-16,True,7.054953051101413e-13,-9.55300451197655
rear,B,44000.0,251.24647516184484,15.0,0.7,2401.6495358500083,6.4e-05,731.5100446295893,181.20722858389374,24.77166648827777,1.6678700943632663,2.7084520016900333e-05,True,7.054953051101413e-13,-9.55300451197655
rear,C,44000.0,251.24647516184484,15.0,0.7,2401.6495358500083,0.000256,731.5100446295893,362.4144571677875,49.54333297655554,3.3357401887265326,0.021772985824035564,False,7.054953051101413e-13,-9.55300451197655
rear,D,44000.0,251.24647516184484,15.0,0.7,2401.6495358500083,0.001024,731.5100446295893,724.828914335575,99.08666595311108,6.671480377453065,0.15643516128727153,False,7.054953051101413e-13,-9.55300451197655
rear,E,44000.0,251.24647516184484,15.0,0.7,2401.6495358500083,0.004096,731.5100446295893,1449.65782867115,198.17333190622216,13.34296075490613,0.3069168266761103,False,7.054953051101413e-13,-9.55300451197655
rear,F,44000.0,251.24647516184484,15.0,0.7,2401.6495358500083,0.016384,731.5100446295893,2899.3156573423,396.3466638124443,26.68592150981226,0.4004029007363859,False,7.054953051101413e-13,-9.55300451197655
rear,G,44000.0,251.24647516184484,15.0,0.7,2401.6495358500083,0.065536,731.5100446295893,5798.6313146846,792.6933276248886,53.37184301962452,0.44980572752753084,False,7.054953051101413e-13,-9.55300451197655
rear,H,44000.0,251.24647516184484,15.0,0.7,2401.6495358500083,0.262144,731.5100446295893,11597.2626293692,1585.3866552497773,106.74368603924904,0.4748529547246436,False,7.054953051101413e-13,-9.55300451197655
rear,A,44250.0,252.67401195253714,15.0,0.7,2408.4627397112135,1.6e-05,731.5100446295893,90.75964819016775,12.40716362768815,0.8326712767886276,3.8190984281753077e-16,True,7.058481862104739e-13,-9.526075717743065
rear,B,44250.0,252.67401195253714,15.0,0.7,2408.4627397112135,6.4e-05,731.5100446295893,181.5192963803355,24.8143272553763,1.6653425535772552,2.7896741429424673e-05,True,7.058481862104739e-13,-9.526075717743065
rear,C,44250.0,252.67401195253714,15.0,0.7,2408.4627397112135,0.000256,731.5100446295893,363.038592760671,49.6286545107526,3.3306851071545105,0.021954160169796295,False,7.058481862104739e-13,-9.526075717743065
rear,D,44250.0,252.67401195253714,15.0,0.7,2408.4627397112135,0.001024,731.5100446295893,726.077185521342,99.2573090215052,6.661370214309021,0.15685148607011135,False,7.058481862104739e-13,-9.526075717743065
rear,E,44250.0,252.67401195253714,15.0,0.7,2408.4627397112135,0.004096,731.5100446295893,1452.154371042684,198.5146180430104,13.322740428618042,0.30722161183363456,False,7.058481862104739e-13,-9.526075717743065
rear,F,44250.0,252.67401195253714,15.0,0.7,2408.4627397112135,0.016384,731.5100446295893,2904.308742085368,397.0292360860208,26.645480857236084,0.40057053458437636,False,7.058481862104739e-13,-9.526075717743065
rear,G,44250.0,252.67401195253714,15.0,0.7,2408.4627397112135,0.065536,731.5100446295893,5808.617484170736,794.0584721720415,53.29096171447217,0.4498915658443752,False,7.058481862104739e-13,-9.526075717743065
rear,H,44250.0,252.67401195253714,15.0,0.7,2408.4627397112135,0.262144,731.5100446295893,11617.234968341472,1588.116944344083,106.58192342894434,0.4748961303430032,False,7.058481862104739e-13,-9.526075717743065
rear,A,44500.0,254.10154874322944,15.0,0.7,2415.256724264717,1.6e-05,731.5100446295893,90.91539660686377,12.428454984907294,0.8314160491043376,4.2753697908345584e-16,True,7.060457650109544e-13,-9.499209529722151
rear,B,44500.0,254.10154874322944,15.0,0.7,2415.256724264717,6.4e-05,731.5100446295893,181.83079321372753,24.856909969814588,1.6628320982086753,2.8727551370082686e-05,True,7.060457650109544e-13,-9.499209529722151
rear,C,44500.0,254.10154874322944,15.0,0.7,2415.256724264717,0.000256,731.5100446295893,363.66158642745506,49.713819939629175,3.3256641964173506,0.022135644079217632,False,7.060457650109544e-13,-9.499209529722151
rear,D,44500.0,254.10154874322944,15.0,0.7,2415.256724264717,0.001024,731.5100446295893,727.3231728549101,99.42763987925835,6.651328392834701,0.15726634667628453,False,7.060457650109544e-13,-9.499209529722151
rear,E,44500.0,254.10154874322944,15.0,0.7,2415.256724264717,0.004096,731.5100446295893,1454.6463457098203,198.8552797585167,13.302656785669402,0.3075249282193525,False,7.060457650109544e-13,-9.499209529722151
rear,F,44500.0,254.10154874322944,15.0,0.7,2415.256724264717,0.016384,731.5100446295893,2909.2926914196405,397.7105595170334,26.605313571338804,0.40073730607244085,False,7.060457650109544e-13,-9.499209529722151
rear,G,44500.0,254.10154874322944,15.0,0.7,2415.256724264717,0.065536,731.5100446295893,5818.585382839281,795.4211190340668,53.21062714267761,0.44997695560392553,False,7.060457650109544e-13,-9.499209529722151
rear,H,44500.0,254.10154874322944,15.0,0.7,2415.256724264717,0.262144,731.5100446295893,11637.170765678562,1590.8422380681336,106.42125428535522,0.474939079465056,False,7.060457650109544e-13,-9.499209529722151
rear,A,44750.0,255.52908553392174,15.0,0.7,2422.0316512454197,1.6e-05,731.5100446295893,91.07086136767302,12.449707565367483,0.830169256835551,4.782435094285461e-16,True,7.062448677336771e-13,-9.472408846909516
rear,B,44750.0,255.52908553392174,15.0,0.7,2422.0316512454197,6.4e-05,731.5100446295893,182.14172273534604,24.899415130734965,1.660338513671102,2.9577228044505227e-05,True,7.062448677336771e-13,-9.472408846909516
rear,C,44750.0,255.52908553392174,15.0,0.7,2422.0316512454197,0.000256,731.5100446295893,364.2834454706921,49.79883026146993,3.320677027342204,0.022317433006440457,False,7.062448677336771e-13,-9.472408846909516
rear,D,44750.0,255.52908553392174,15.0,0.7,2422.0316512454197,0.001024,731.5100446295893,728.5668909413841,99.59766052293986,6.641354054684408,0.15767975173497095,False,7.062448677336771e-13,-9.472408846909516
rear,E,44750.0,255.52908553392174,15.0,0.7,2422.0316512454197,0.004096,731.5100446295893,1457.1337818827683,199.19532104587972,13.282708109368816,0.3078267881940702,False,7.062448677336771e-13,-9.472408846909516
rear,F,44750.0,255.52908553392174,15.0,0.7,2422.0316512454197,0.016384,731.5100446295893,2914.2675637655366,398.39064209175945,26.56541621873763,0.40090322291723357,False,7.062448677336771e-13,-9.472408846909516
rear,G,44750.0,255.52908553392174,15.0,0.7,2422.0316512454197,0.065536,731.5100446295893,5828.535127531073,796.7812841835189,53.13083243747526,0.45006190087787734,False,7.062448677336771e-13,-9.472408846909516
rear,H,44750.0,255.52908553392174,15.0,0.7,2422.0316512454197,0.262144,731.5100446295893,11657.070255062146,1593.5625683670378,106.26166487495053,0.4749818041540317,False,7.062448677336771e-13,-9.472408846909516
rear,A,45000.0,256.95662232461405,15.0,0.7,2428.7876801324774,1.6e-05,731.5100446295893,91.2260442796861,12.470921616104361,0.8289307946261556,5.345528518006715e-16,True,7.062896981610478e-13,-9.44567642033926
rear,B,45000.0,256.95662232461405,15.0,0.7,2428.7876801324774,6.4e-05,731.5100446295893,182.4520885593722,24.941843232208722,1.6578615892523112,3.0446051029514998e-05,True,7.062896981610478e-13,-9.44567642033926
rear,C,45000.0,256.95662232461405,15.0,0.7,2428.7876801324774,0.000256,731.5100446295893,364.9041771187444,49.883686464417444,3.3157231785046224,0.022499522446333582,False,7.062896981610478e-13,-9.44567642033926
rear,D,45000.0,256.95662232461405,15.0,0.7,2428.7876801324774,0.001024,731.5100446295893,729.8083542374889,99.76737292883489,6.631446357009245,0.15809170980832138,False,7.062896981610478e-13,-9.44567642033926
rear,E,45000.0,256.95662232461405,15.0,0.7,2428.7876801324774,0.004096,731.5100446295893,1459.6167084749777,199.53474585766978,13.26289271401849,0.3081272039702023,False,7.062896981610478e-13,-9.44567642033926
rear,F,45000.0,256.95662232461405,15.0,0.7,2428.7876801324774,0.016384,731.5100446295893,2919.2334169499554,399.06949171533955,26.52578542803698,0.4010682927371591,False,7.062896981610478e-13,-9.44567642033926
rear,G,45000.0,256.95662232461405,15.0,0.7,2428.7876801324774,0.065536,731.5100446295893,5838.466833899911,798.1389834306791,53.05157085607396,0.4501464056853871,False,7.062896981610478e-13,-9.44567642033926
rear,H,45000.0,256.95662232461405,15.0,0.7,2428.7876801324774,0.262144,731.5100446295893,11676.933667799822,1596.2779668613582,106.10314171214792,0.4750243064464504,False,7.062896981610478e-13,-9.44567642033926
rear,A,45250.0,258.3841591153063,15.0,0.7,2435.524968193097,1.6e-05,731.5100446295893,91.38094713164247,12.492097381644916,0.8277005590116541,5.970379385314386e-16,True,7.06647565524278e-13,-9.419014858898667
rear,B,45250.0,258.3841591153063,15.0,0.7,2435.524968193097,6.4e-05,731.5100446295893,182.76189426328494,24.984194763289832,1.6554011180233081,3.1334301243846364e-05,True,7.06647565524278e-13,-9.419014858898667
rear,C,45250.0,258.3841591153063,15.0,0.7,2435.524968193097,0.000256,731.5100446295893,365.5237885265699,49.968389526579664,3.3108022360466163,0.02268190793415343,False,7.06647565524278e-13,-9.419014858898667
rear,D,45250.0,258.3841591153063,15.0,0.7,2435.524968193097,0.001024,731.5100446295893,731.0475770531398,99.93677905315933,6.6216044720932326,0.15850222939185915,False,7.06647565524278e-13,-9.419014858898667
rear,E,45250.0,258.3841591153063,15.0,0.7,2435.524968193097,0.004096,731.5100446295893,1462.0951541062796,199.87355810631865,13.243208944186465,0.3084261876139615,False,7.06647565524278e-13,-9.419014858898667
rear,F,45250.0,258.3841591153063,15.0,0.7,2435.524968193097,0.016384,731.5100446295893,2924.190308212559,399.7471162126373,26.48641788837293,0.4012325230539257,False,7.06647565524278e-13,-9.419014858898667
rear,G,45250.0,258.3841591153063,15.0,0.7,2435.524968193097,0.065536,731.5100446295893,5848.380616425118,799.4942324252746,52.97283577674586,0.4502304739939161,False,7.06647565524278e-13,-9.419014858898667
rear,H,45250.0,258.3841591153063,15.0,0.7,2435.524968193097,0.262144,731.5100446295893,11696.761232850236,1598.9884648505492,105.94567155349172,0.4750665883525524,False,7.06647565524278e-13,-9.419014858898667
rear,A,45500.0,259.81169590599865,15.0,0.7,2442.243670525255,1.6e-05,731.5100446295893,91.53557169412667,12.51323510403429,0.8264784483749874,6.663254704209898e-16,True,7.066958720677349e-13,-9.392426634939817
rear,B,45500.0,259.81169590599865,15.0,0.7,2442.243670525255,6.4e-05,731.5100446295893,183.07114338825335,25.02647020806858,1.6529568967499748,3.224226091875921e-05,True,7.066958720677349e-13,-9.392426634939817
rear,C,45500.0,259.81169590599865,15.0,0.7,2442.243670525255,0.000256,731.5100446295893,366.1422867765067,50.05294041613716,3.3059137934999496,0.022864585045206005,False,7.066958720677349e-13,-9.392426634939817
rear,D,45500.0,259.81169590599865,15.0,0.7,2442.243670525255,0.001024,731.5100446295893,732.2845735530134,100.10588083227432,6.611827586999899,0.1589113189148919,False,7.066958720677349e-13,-9.392426634939817
rear,E,45500.0,259.81169590599865,15.0,0.7,2442.243670525255,0.004096,731.5100446295893,1464.5691471060268,200.21176166454865,13.223655173999799,0.3087237510475146,False,7.066958720677349e-13,-9.392426634939817
rear,F,45500.0,259.81169590599865,15.0,0.7,2442.243670525255,0.016384,731.5100446295893,2929.1382942120536,400.4235233290973,26.447310347999597,0.4013959212940721,False,7.066958720677349e-13,-9.392426634939817
rear,G,45500.0,259.81169590599865,15.0,0.7,2442.243670525255,0.065536,731.5100446295893,5858.276588424107,800.8470466581946,52.894620695999194,0.4503141097200583,False,7.066958720677349e-13,-9.392426634939817
rear,H,45500.0,259.81169590599865,15.0,0.7,2442.243670525255,0.262144,731.5100446295893,11716.553176848214,1601.6940933163892,105.78924139199839,0.47510865185672135,False,7.066958720677349e-13,-9.392426634939817
rear,A,45750.0,261.2392326966909,15.0,0.7,2448.943940099355,1.6e-05,731.5100446295893,91.68991971976389,12.534335022862525,0.8252643629036279,7.431004980116618e-16,True,7.067461472250922e-13,-9.365914089692815
rear,B,45750.0,261.2392326966909,15.0,0.7,2448.943940099355,6.4e-05,731.5100446295893,183.37983943952779,25.06867004572505,1.6505287258072558,3.317021356855192e-05,True,7.067461472250922e-13,-9.365914089692815
rear,C,45750.0,261.2392326966909,15.0,0.7,2448.943940099355,0.000256,731.5100446295893,366.75967887905557,50.1373400914501,3.3010574516145117,0.023047549394510626,False,7.067461472250922e-13,-9.365914089692815
rear,D,45750.0,261.2392326966909,15.0,0.7,2448.943940099355,0.001024,731.5100446295893,733.5193577581111,100.2746801829002,6.602114903229023,0.15931898674093053,False,7.067461472250922e-13,-9.365914089692815
rear,E,45750.0,261.2392326966909,15.0,0.7,2448.943940099355,0.004096,731.5100446295893,1467.0387155162223,200.5493603658004,13.204229806458047,0.3090199060511048,False,7.067461472250922e-13,-9.365914089692815
rear,F,45750.0,261.2392326966909,15.0,0.7,2448.943940099355,0.016384,731.5100446295893,2934.0774310324446,401.0987207316008,26.408459612916094,0.40155849479046707,False,7.067461472250922e-13,-9.365914089692815
rear,G,45750.0,261.2392326966909,15.0,0.7,2448.943940099355,0.065536,731.5100446295893,5868.154862064889,802.1974414632016,52.81691922583219,0.4503973167303544,False,7.067461472250922e-13,-9.365914089692815
rear,H,45750.0,261.2392326966909,15.0,0.7,2448.943940099355,0.262144,731.5100446295893,11736.309724129778,1604.3948829264032,105.63383845166437,0.4751504989178988,False,7.067461472250922e-13,-9.365914089692815
rear,A,46000.0,262.66676948738325,15.0,0.7,2455.625927798866,1.6e-05,731.5100446295893,91.84399294341493,12.555397375291198,0.8240582045478979,8.28111352117654e-16,True,7.071078245529341e-13,-9.339479438486102
rear,B,46000.0,262.66676948738325,15.0,0.7,2455.625927798866,6.4e-05,731.5100446295893,183.68798588682986,25.110794750582397,1.6481164090957958,3.4118443960987826e-05,True,7.071078245529341e-13,-9.339479438486102
rear,C,46000.0,262.66676948738325,15.0,0.7,2455.625927798866,0.000256,731.5100446295893,367.3759717736597,50.22158950116479,3.2962328181915916,0.02323079663646635,False,7.071078245529341e-13,-9.339479438486102
rear,D,46000.0,262.66676948738325,15.0,0.7,2455.625927798866,0.001024,731.5100446295893,734.7519435473195,100.44317900232959,6.592465636383183,0.15972524116811843,False,7.071078245529341e-13,-9.339479438486102
rear,E,46000.0,262.66676948738325,15.0,0.7,2455.625927798866,0.004096,731.5100446295893,1469.503887094639,200.88635800465917,13.184931272766367,0.30931466426514065,False,7.071078245529341e-13,-9.339479438486102
rear,F,46000.0,262.66676948738325,15.0,0.7,2455.625927798866,0.016384,731.5100446295893,2939.007774189278,401.77271600931834,26.369862545532733,0.4017202507837838,False,7.071078245529341e-13,-9.339479438486102
rear,G,46000.0,262.66676948738325,15.0,0.7,2455.625927798866,0.065536,731.5100446295893,5878.015548378556,803.5454320186367,52.739725091065466,0.4504800988420904,False,7.071078245529341e-13,-9.339479438486102
rear,H,46000.0,262.66676948738325,15.0,0.7,2455.625927798866,0.262144,731.5100446295893,11756.031096757111,1607.0908640372734,105.47945018213093,0.47519213146999206,False,7.071078245529341e-13,-9.339479438486102
rear,A,46250.0,264.0943062780755,15.0,0.7,2462.2897824599618,1.6e-05,731.5100446295893,91.99779308237034,12.576422396079982,0.822859876980469,9.221749469408263e-16,True,7.073159209661489e-13,-9.31312477577966
rear,B,46250.0,264.0943062780755,15.0,0.7,2462.2897824599618,6.4e-05,731.5100446295893,183.99558616474067,25.152844792159964,1.645719753960938,3.5087238087639344e-05,True,7.073159209661489e-13,-9.31312477577966
rear,C,46250.0,264.0943062780755,15.0,0.7,2462.2897824599618,0.000256,731.5100446295893,367.99117232948134,50.30568958431993,3.291439507921876,0.023414322464520007,False,7.073159209661489e-13,-9.31312477577966
rear,D,46250.0,264.0943062780755,15.0,0.7,2462.2897824599618,0.001024,731.5100446295893,735.9823446589627,100.61137916863986,6.582879015843752,0.16013009042966636,False,7.073159209661489e-13,-9.31312477577966
rear,E,46250.0,264.0943062780755,15.0,0.7,2462.2897824599618,0.004096,731.5100446295893,1471.9646893179254,201.2227583372797,13.165758031687504,0.30960803719225244,False,7.073159209661489e-13,-9.31312477577966
rear,F,46250.0,264.0943062780755,15.0,0.7,2462.2897824599618,0.016384,731.5100446295893,2943.9293786358508,402.4455166745594,26.33151606337501,0.40188119642394726,False,7.073159209661489e-13,-9.31312477577966
rear,G,46250.0,264.0943062780755,15.0,0.7,2462.2897824599618,0.065536,731.5100446295893,5887.8587572717015,804.8910333491189,52.66303212675002,0.4505624598240826,False,7.073159209661489e-13,-9.31312477577966
rear,H,46250.0,264.0943062780755,15.0,0.7,2462.2897824599618,0.262144,731.5100446295893,11775.717514543403,1609.7820666982377,105.32606425350004,0.47523355142227436,False,7.073159209661489e-13,-9.31312477577966
rear,A,46500.0,265.52184306876785,15.0,0.7,2468.9356509102076,1.6e-05,731.5100446295893,92.15132183654373,12.597410317613052,0.821669285557007,1.0261824804250891e-15,True,7.07371194243484e-13,-9.286852080016128
rear,B,46500.0,265.52184306876785,15.0,0.7,2468.9356509102076,6.4e-05,731.5100446295893,184.30264367308746,25.194820635226105,1.643338571114014,3.607688313416205e-05,True,7.07371194243484e-13,-9.286852080016128
rear,C,46500.0,265.52184306876785,15.0,0.7,2468.9356509102076,0.000256,731.5100446295893,368.6052873461749,50.38964127045221,3.286677142228028,0.023598122610836856,False,7.07371194243484e-13,-9.286852080016128
rear,D,46500.0,265.52184306876785,15.0,0.7,2468.9356509102076,0.001024,731.5100446295893,737.2105746923498,100.77928254090442,6.573354284456056,0.16053354269429443,False,7.07371194243484e-13,-9.286852080016128
rear,E,46500.0,265.52184306876785,15.0,0.7,2468.9356509102076,0.004096,731.5100446295893,1474.4211493846997,201.55856508180884,13.146708568912112,0.30990003619931566,False,7.07371194243484e-13,-9.286852080016128
rear,F,46500.0,265.52184306876785,15.0,0.7,2468.9356509102076,0.016384,731.5100446295893,2948.8422987693993,403.1171301636177,26.293417137824225,0.4020413387715571,False,7.07371194243484e-13,-9.286852080016128
rear,G,46500.0,265.52184306876785,15.0,0.7,2468.9356509102076,0.065536,731.5100446295893,5897.684597538799,806.2342603272353,52.58683427564845,0.4506444033974484,False,7.07371194243484e-13,-9.286852080016128
rear,H,46500.0,265.52184306876785,15.0,0.7,2468.9356509102076,0.262144,731.5100446295893,11795.369195077597,1612.4685206544707,105.1736685512969,0.4752747606597779,False,7.07371194243484e-13,-9.286852080016128
rear,A,46750.0,266.9493798594601,15.0,0.7,2475.5636780063032,1.6e-05,731.5100446295893,92.30458088866426,12.618361369925415,0.8204863372779208,1.141105557883108e-15,True,7.075823067746508e-13,-9.260663218294713
rear,B,46750.0,266.9493798594601,15.0,0.7,2475.5636780063032,6.4e-05,731.5100446295893,184.60916177732852,25.23672273985083,1.6409726745558415,3.708766745050663e-05,True,7.075823067746508e-13,-9.260663218294713
rear,C,46750.0,266.9493798594601,15.0,0.7,2475.5636780063032,0.000256,731.5100446295893,369.21832355465705,50.47344547970166,3.281945349111683,0.023782192845973247,False,7.075823067746508e-13,-9.260663218294713
rear,D,46750.0,266.9493798594601,15.0,0.7,2475.5636780063032,0.001024,731.5100446295893,738.4366471093141,100.94689095940332,6.563890698223366,0.16093560606668017,False,7.075823067746508e-13,-9.260663218294713
rear,E,46750.0,266.9493798594601,15.0,0.7,2475.5636780063032,0.004096,731.5100446295893,1476.8732942186282,201.89378191880664,13.127781396446732,0.3101906725194431,False,7.075823067746508e-13,-9.260663218294713
rear,F,46750.0,266.9493798594601,15.0,0.7,2475.5636780063032,0.016384,731.5100446295893,2953.7465884372564,403.7875638376133,26.255562792893464,0.4022006847992854,False,7.075823067746508e-13,-9.260663218294713
rear,G,46750.0,266.9493798594601,15.0,0.7,2475.5636780063032,0.065536,731.5100446295893,5907.493176874513,807.5751276752266,52.51112558578693,0.45072593323636295,False,7.075823067746508e-13,-9.260663218294713
rear,H,46750.0,266.9493798594601,15.0,0.7,2475.5636780063032,0.262144,731.5100446295893,11814.986353749026,1615.150255350453,105.02225117157386,0.47531576104367995,False,7.075823067746508e-13,-9.260663218294713
rear,A,47000.0,268.37691665015245,15.0,0.7,2482.1740066709226,1.6e-05,731.5100446295893,92.4575719044678,12.639275780729031,0.8193109407511802,1.2680027663722675e-15,True,7.076410699644214e-13,-9.234559950874345
rear,B,47000.0,268.37691665015245,15.0,0.7,2482.1740066709226,6.4e-05,731.5100446295893,184.9151438089356,25.278551561458062,1.6386218815023603,3.811988052107557e-05,True,7.076410699644214e-13,-9.234559950874345
rear,C,47000.0,268.37691665015245,15.0,0.7,2482.1740066709226,0.000256,731.5100446295893,369.8302876178712,50.557103122916125,3.2772437630047206,0.023966528978551414,False,7.076410699644214e-13,-9.234559950874345
rear,D,47000.0,268.37691665015245,15.0,0.7,2482.1740066709226,0.001024,731.5100446295893,739.6605752357424,101.11420624583225,6.554487526009441,0.16133628858791182,False,7.076410699644214e-13,-9.234559950874345
rear,E,47000.0,268.37691665015245,15.0,0.7,2482.1740066709226,0.004096,731.5100446295893,1479.3211504714848,202.2284124916645,13.108975052018883,0.3104799572539445,False,7.076410699644214e-13,-9.234559950874345
rear,F,47000.0,268.37691665015245,15.0,0.7,2482.1740066709226,0.016384,731.5100446295893,2958.6423009429695,404.456824983329,26.217950104037765,0.4023592413932495,False,7.076410699644214e-13,-9.234559950874345
rear,G,47000.0,268.37691665015245,15.0,0.7,2482.1740066709226,0.065536,731.5100446295893,5917.284601885939,808.913649966658,52.43590020807553,0.45080705296880297,False,7.076410699644214e-13,-9.234559950874345
rear,H,47000.0,268.37691665015245,15.0,0.7,2482.1740066709226,0.262144,731.5100446295893,11834.569203771878,1617.827299933316,104.87180041615106,0.47535655441168184,False,7.076410699644214e-13,-9.234559950874345
rear,A,47250.0,269.8044534408447,15.0,0.7,2488.7667779286726,1.6e-05,731.5100446295893,92.61029653288725,12.660153775438832,0.8181430061561672,1.4080267288043305e-15,True,7.080085704364157e-13,-9.20854393551018
rear,B,47250.0,269.8044534408447,15.0,0.7,2488.7667779286726,6.4e-05,731.5100446295893,185.2205930657745,25.320307550877665,1.6362860123123344,3.9173812934836356e-05,True,7.080085704364157e-13,-9.20854393551018
rear,C,47250.0,269.8044534408447,15.0,0.7,2488.7667779286726,0.000256,731.5100446295893,370.441186131549,50.64061510175533,3.272572024624669,0.02415112685493661,False,7.080085704364157e-13,-9.20854393551018
rear,D,47250.0,269.8044534408447,15.0,0.7,2488.7667779286726,0.001024,731.5100446295893,740.882372263098,101.28123020351066,6.545144049249338,0.1617355982359464,False,7.080085704364157e-13,-9.20854393551018
rear,E,47250.0,269.8044534408447,15.0,0.7,2488.7667779286726,0.004096,731.5100446295893,1481.764744526196,202.56246040702132,13.090288098498675,0.31076790137425525,False,7.080085704364157e-13,-9.20854393551018
rear,F,47250.0,269.8044534408447,15.0,0.7,2488.7667779286726,0.016384,731.5100446295893,2963.529489052392,405.12492081404264,26.18057619699735,0.40251701535436146,False,7.080085704364157e-13,-9.20854393551018
rear,G,47250.0,269.8044534408447,15.0,0.7,2488.7667779286726,0.065536,731.5100446295893,5927.058978104784,810.2498416280853,52.3611523939947,0.4508877661772764,False,7.080085704364157e-13,-9.20854393551018
rear,H,47250.0,269.8044534408447,15.0,0.7,2488.7667779286726,0.262144,731.5100446295893,11854.117956209568,1620.4996832561706,104.7223047879894,0.4753971425783811,False,7.080085704364157e-13,-9.20854393551018
rear,A,47500.0,271.23199023153705,15.0,0.7,2495.3421309411965,1.6e-05,731.5100446295893,92.76275640624148,12.680995577198567,0.8169824452085251,1.5624316683452646e-15,True,7.080704912003267e-13,-9.182616731629462
rear,B,47500.0,271.23199023153705,15.0,0.7,2495.3421309411965,6.4e-05,731.5100446295893,185.52551281248296,25.361991154397135,1.6339648904170503,4.024975635539637e-05,True,7.080704912003267e-13,-9.182616731629462
rear,C,47500.0,271.23199023153705,15.0,0.7,2495.3421309411965,0.000256,731.5100446295893,371.0510256249659,50.72398230879427,3.2679297808341006,0.024335982358916434,False,7.080704912003267e-13,-9.182616731629462
rear,D,47500.0,271.23199023153705,15.0,0.7,2495.3421309411965,0.001024,731.5100446295893,742.1020512499318,101.44796461758854,6.535859561668201,0.16213354292607174,False,7.080704912003267e-13,-9.182616731629462
rear,E,47500.0,271.23199023153705,15.0,0.7,2495.3421309411965,0.004096,731.5100446295893,1484.2041024998637,202.89592923517708,13.071719123336402,0.31105451572383447,False,7.080704912003267e-13,-9.182616731629462
rear,F,47500.0,271.23199023153705,15.0,0.7,2495.3421309411965,0.016384,731.5100446295893,2968.4082049997273,405.79185847035416,26.143438246672805,0.40267401339965303,False,7.080704912003267e-13,-9.182616731629462
rear,G,47500.0,271.23199023153705,15.0,0.7,2495.3421309411965,0.065536,731.5100446295893,5936.816409999455,811.5837169407083,52.28687649334561,0.4509680763995396,False,7.080704912003267e-13,-9.182616731629462
rear,H,47500.0,271.23199023153705,15.0,0.7,2495.3421309411965,0.262144,731.5100446295893,11873.63281999891,1623.1674338814166,104.57375298669122,0.47543752733563716,False,7.080704912003267e-13,-9.182616731629462
rear,A,47750.0,272.6595270222293,15.0,0.7,2501.9002030414476,1.6e-05,731.5100446295893,92.9149531404232,12.701801406906451,0.815829171125976,1.732581515302455e-15,True,7.082871589747297e-13,-9.1567798043517
rear,B,47750.0,272.6595270222293,15.0,0.7,2501.9002030414476,6.4e-05,731.5100446295893,185.8299062808464,25.403602813812903,1.631658342251952,4.1348003491050674e-05,True,7.082871589747297e-13,-9.1567798043517
rear,C,47750.0,272.6595270222293,15.0,0.7,2501.9002030414476,0.000256,731.5100446295893,371.6598125616928,50.807205627625805,3.263316684503904,0.02452109141138244,False,7.082871589747297e-13,-9.1567798043517
rear,D,47750.0,272.6595270222293,15.0,0.7,2501.9002030414476,0.001024,731.5100446295893,743.3196251233855,101.61441125525161,6.526633369007808,0.1625301305113731,False,7.082871589747297e-13,-9.1567798043517
rear,E,47750.0,272.6595270222293,15.0,0.7,2501.9002030414476,0.004096,731.5100446295893,1486.639250246771,203.22882251050322,13.053266738015616,0.3113398110200326,False,7.082871589747297e-13,-9.1567798043517
rear,F,47750.0,272.6595270222293,15.0,0.7,2501.9002030414476,0.016384,731.5100446295893,2973.278500493542,406.45764502100644,26.10653347603123,0.4028302421635777,False,7.082871589747297e-13,-9.1567798043517
rear,G,47750.0,272.6595270222293,15.0,0.7,2501.9002030414476,0.065536,731.5100446295893,5946.557000987084,812.9152900420129,52.21306695206246,0.4510479871293015,False,7.082871589747297e-13,-9.1567798043517
rear,H,47750.0,272.6595270222293,15.0,0.7,2501.9002030414476,0.262144,731.5100446295893,11893.114001974169,1625.8305800840258,104.42613390412492,0.4754777104529303,False,7.082871589747297e-13,-9.1567798043517
rear,A,48000.0,274.08706381292166,15.0,0.7,2508.441129767155,1.6e-05,731.5100446295893,93.06688833508522,12.722571483240669,0.8146830985950704,1.919958590405345e-15,True,7.085051091546943e-13,-9.131034528357748
rear,B,48000.0,274.08706381292166,15.0,0.7,2508.441129767155,6.4e-05,731.5100446295893,186.13377667017045,25.445142966481338,1.6293661971901408,4.246884806480656e-05,True,7.085051091546943e-13,-9.131034528357748
rear,C,48000.0,274.08706381292166,15.0,0.7,2508.441129767155,0.000256,731.5100446295893,372.2675533403409,50.890285932962676,3.2587323943802815,0.024706449970013675,False,7.085051091546943e-13,-9.131034528357748
rear,D,48000.0,274.08706381292166,15.0,0.7,2508.441129767155,0.001024,731.5100446295893,744.5351066806818,101.78057186592535,6.517464788760563,0.16292536878320163,False,7.085051091546943e-13,-9.131034528357748
rear,E,48000.0,274.08706381292166,15.0,0.7,2508.441129767155,0.004096,731.5100446295893,1489.0702133613636,203.5611437318507,13.034929577521126,0.3116237978559282,False,7.085051091546943e-13,-9.131034528357748
rear,F,48000.0,274.08706381292166,15.0,0.7,2508.441129767155,0.016384,731.5100446295893,2978.140426722727,407.1222874637014,26.069859155042252,0.4029857081992897,False,7.085051091546943e-13,-9.131034528357748
rear,G,48000.0,274.08706381292166,15.0,0.7,2508.441129767155,0.065536,731.5100446295893,5956.280853445454,814.2445749274028,52.139718310084504,0.4511275018169149,False,7.085051091546943e-13,-9.131034528357748
rear,H,48000.0,274.08706381292166,15.0,0.7,2508.441129767155,0.262144,731.5100446295893,11912.561706890909,1628.4891498548056,104.27943662016901,0.47551769367771385,False,7.085051091546943e-13,-9.131034528357748
rear,A,48250.0,275.5146006036139,15.0,0.7,2514.965044893508,1.6e-05,731.5100446295893,93.21856357382572,12.743306022684664,0.8135441437388444,2.1261729001681215e-15,True,7.084194320291595e-13,-9.105382191613458
rear,B,48250.0,275.5146006036139,15.0,0.7,2514.965044893508,6.4e-05,731.5100446295893,186.43712714765144,25.486612045369327,1.6270882874776889,4.3612584784398906e-05,True,7.084194320291595e-13,-9.105382191613458
rear,C,48250.0,275.5146006036139,15.0,0.7,2514.965044893508,0.000256,731.5100446295893,372.8742542953029,50.973224090738654,3.2541765749553777,0.024892054028963,False,7.084194320291595e-13,-9.105382191613458
rear,D,48250.0,275.5146006036139,15.0,0.7,2514.965044893508,0.001024,731.5100446295893,745.7485085906058,101.94644818147731,6.508353149910755,0.1633192654716471,False,7.084194320291595e-13,-9.105382191613458
rear,E,48250.0,275.5146006036139,15.0,0.7,2514.965044893508,0.004096,731.5100446295893,1491.4970171812115,203.89289636295462,13.01670629982151,0.31190648670213633,False,7.084194320291595e-13,-9.105382191613458
rear,F,48250.0,275.5146006036139,15.0,0.7,2514.965044893508,0.016384,731.5100446295893,2982.994034362423,407.78579272590923,26.03341259964302,0.4031404179799005,False,7.084194320291595e-13,-9.105382191613458
rear,G,48250.0,275.5146006036139,15.0,0.7,2514.965044893508,0.065536,731.5100446295893,5965.988068724846,815.5715854518185,52.06682519928604,0.4512066238700557,False,7.084194320291595e-13,-9.105382191613458
rear,H,48250.0,275.5146006036139,15.0,0.7,2514.965044893508,0.262144,731.5100446295893,11931.976137449692,1631.143170903637,104.13365039857209,0.47555747873576065,False,7.084194320291595e-13,-9.105382191613458
rear,A,48500.0,276.94213739430626,15.0,0.7,2521.4720804650783,1.6e-05,731.5100446295893,93.36998042437179,12.764005239552251,0.8124122240853507,2.352972081876013e-15,True,7.087925916649457e-13,-9.079823998952342
rear,B,48500.0,276.94213739430626,15.0,0.7,2521.4720804650783,6.4e-05,731.5100446295893,186.73996084874358,25.528010479104502,1.6248244481707015,4.477950931229824e-05,True,7.087925916649457e-13,-9.079823998952342
rear,C,48500.0,276.94213739430626,15.0,0.7,2521.4720804650783,0.000256,731.5100446295893,373.47992169748716,51.056020958209004,3.249648896341403,0.025077899618545202,False,7.087925916649457e-13,-9.079823998952342
rear,D,48500.0,276.94213739430626,15.0,0.7,2521.4720804650783,0.001024,731.5100446295893,746.9598433949743,102.11204191641801,6.499297792682806,0.16371182824601221,False,7.087925916649457e-13,-9.079823998952342
rear,E,48500.0,276.94213739430626,15.0,0.7,2521.4720804650783,0.004096,731.5100446295893,1493.9196867899486,204.22408383283602,12.998595585365612,0.31218788790858687,False,7.087925916649457e-13,-9.079823998952342
rear,F,48500.0,276.94213739430626,15.0,0.7,2521.4720804650783,0.016384,731.5100446295893,2987.8393735798973,408.44816766567203,25.997191170731224,0.4032943778997136,False,7.087925916649457e-13,-9.079823998952342
rear,G,48500.0,276.94213739430626,15.0,0.7,2521.4720804650783,0.065536,731.5100446295893,5975.6787471597945,816.8963353313441,51.99438234146245,0.45128535665439,False,7.087925916649457e-13,-9.079823998952342
rear,H,48500.0,276.94213739430626,15.0,0.7,2521.4720804650783,0.262144,731.5100446295893,11951.357494319589,1633.7926706626881,103.9887646829249,0.47559706733150287,False,7.087925916649457e-13,-9.079823998952342
rear,A,48750.0,278.36967418499853,15.0,0.7,2527.9623668270015,1.6e-05,731.5100446295893,93.52114043876155,12.78466934601251,0.8112872585370372,2.602252037668006e-15,True,7.090145371414873e-13,-9.05436107552215
rear,B,48750.0,278.36967418499853,15.0,0.7,2527.9623668270015,6.4e-05,731.5100446295893,187.0422808775231,25.56933869202502,1.6225745170740744,4.596991823572161e-05,True,7.090145371414873e-13,-9.05436107552215
rear,C,48750.0,278.36967418499853,15.0,0.7,2527.9623668270015,0.000256,731.5100446295893,374.0845617550462,51.13867738405004,3.245149034148149,0.025263982804927435,False,7.090145371414873e-13,-9.05436107552215
rear,D,48750.0,278.36967418499853,15.0,0.7,2527.9623668270015,0.001024,731.5100446295893,748.1691235100924,102.27735476810008,6.490298068296298,0.16410306471528813,False,7.090145371414873e-13,-9.05436107552215
rear,E,48750.0,278.36967418499853,15.0,0.7,2527.9623668270015,0.004096,731.5100446295893,1496.3382470201848,204.55470953620016,12.980596136592595,0.31246801170627453,False,7.090145371414873e-13,-9.05436107552215
rear,F,48750.0,278.36967418499853,15.0,0.7,2527.9623668270015,0.016384,731.5100446295893,2992.6764940403696,409.1094190724003,25.96119227318519,0.40344759427543664,False,7.090145371414873e-13,-9.05436107552215
rear,G,48750.0,278.36967418499853,15.0,0.7,2527.9623668270015,0.065536,731.5100446295893,5985.352988080739,818.2188381448007,51.92238454637038,0.45136370349422866,False,7.090145371414873e-13,-9.05436107552215
rear,H,48750.0,278.36967418499853,15.0,0.7,2527.9623668270015,0.262144,731.5100446295893,11970.705976161478,1636.4376762896013,103.84476909274076,0.4756364611483656,False,7.090145371414873e-13,-9.05436107552215
rear,A,49000.0,279.79721097569086,15.0,0.7,2534.436032655443,1.6e-05,731.5100446295893,93.67204515352492,12.805298552114499,0.8101691673409458,2.8760682991963958e-15,True,7.089342821041207e-13,-9.028994470100084
rear,B,49000.0,279.79721097569086,15.0,0.7,2534.436032655443,6.4e-05,731.5100446295893,187.34409030704984,25.610597104228997,1.6203383346818916,4.718410903665499e-05,True,7.089342821041207e-13,-9.028994470100084
rear,C,49000.0,279.79721097569086,15.0,0.7,2534.436032655443,0.000256,731.5100446295893,374.6881806140997,51.221194208457995,3.240676669363783,0.02545029968982209,False,7.089342821041207e-13,-9.028994470100084
rear,D,49000.0,279.79721097569086,15.0,0.7,2534.436032655443,0.001024,731.5100446295893,749.3763612281994,102.44238841691599,6.481353338727566,0.16449298242863325,False,7.089342821041207e-13,-9.028994470100084
rear,E,49000.0,279.79721097569086,15.0,0.7,2534.436032655443,0.004096,731.5100446295893,1498.7527224563987,204.88477683383198,12.962706677455133,0.31274686820897996,False,7.089342821041207e-13,-9.028994470100084
rear,F,49000.0,279.79721097569086,15.0,0.7,2534.436032655443,0.016384,731.5100446295893,2997.5054449127974,409.76955366766396,25.925413354910265,0.40360007334737286,False,7.089342821041207e-13,-9.028994470100084
rear,G,49000.0,279.79721097569086,15.0,0.7,2534.436032655443,0.065536,731.5100446295893,5995.010889825595,819.5391073353279,51.85082670982053,0.4514416676731708,False,7.089342821041207e-13,-9.028994470100084
rear,H,49000.0,279.79721097569086,15.0,0.7,2534.436032655443,0.262144,731.5100446295893,11990.02177965119,1639.0782146706558,103.70165341964106,0.4756756618490948,False,7.089342821041207e-13,-9.028994470100084
rear,A,49250.0,281.22474776638313,15.0,0.7,2540.8932049873615,1.6e-05,731.5100446295893,93.82269608986272,12.82589306581172,0.8090578720597066,3.1766481664301906e-15,True,7.09310597593043e-13,-9.003725158280801
rear,B,49250.0,281.22474776638313,15.0,0.7,2540.8932049873615,6.4e-05,731.5100446295893,187.64539217972543,25.65178613162344,1.6181157441194132,4.842238006189299e-05,True,7.09310597593043e-13,-9.003725158280801
rear,C,49250.0,281.22474776638313,15.0,0.7,2540.8932049873615,0.000256,731.5100446295893,375.29078435945087,51.30357226324688,3.2362314882388263,0.025636846410181824,False,7.09310597593043e-13,-9.003725158280801
rear,D,49250.0,281.22474776638313,15.0,0.7,2540.8932049873615,0.001024,731.5100446295893,750.5815687189017,102.60714452649376,6.472462976477653,0.16488158887585197,False,7.09310597593043e-13,-9.003725158280801
rear,E,49250.0,281.22474776638313,15.0,0.7,2540.8932049873615,0.004096,731.5100446295893,1501.1631374378035,205.2142890529875,12.944925952955305,0.31302446741496404,False,7.09310597593043e-13,-9.003725158280801
rear,F,49250.0,281.22474776638313,15.0,0.7,2540.8932049873615,0.016384,731.5100446295893,3002.326274875607,410.428578105975,25.88985190591061,0.4037518212805916,False,7.09310597593043e-13,-9.003725158280801
rear,G,49250.0,281.22474776638313,15.0,0.7,2540.8932049873615,0.065536,731.5100446295893,6004.652549751214,820.85715621195,51.77970381182122,0.45151925243473545,False,7.09310597593043e-13,-9.003725158280801
rear,H,49250.0,281.22474776638313,15.0,0.7,2540.8932049873615,0.262144,731.5100446295893,12009.305099502428,1641.7143124239,103.55940762364244,0.47571467107607934,False,7.09310597593043e-13,-9.003725158280801
rear,A,49500.0,282.65228455707546,15.0,0.7,2547.334009249598,1.6e-05,731.5100446295893,93.9730947538241,12.846453092986405,0.8079532955433,3.506403666338005e-15,True,7.093851665058614e-13,-8.978554045542548
rear,B,49500.0,282.65228455707546,15.0,0.7,2547.334009249598,6.4e-05,731.5100446295893,187.9461895076482,25.69290618597281,1.6159065910866,4.968503049310191e-05,True,7.093851665058614e-13,-8.978554045542548
rear,C,49500.0,282.65228455707546,15.0,0.7,2547.334009249598,0.000256,731.5100446295893,375.8923790152964,51.38581237194562,3.2318131821732,0.02582361913789667,False,7.093851665058614e-13,-8.978554045542548
rear,D,49500.0,282.65228455707546,15.0,0.7,2547.334009249598,0.001024,731.5100446295893,751.7847580305928,102.77162474389124,6.4636263643464,0.1652688914878746,False,7.093851665058614e-13,-8.978554045542548
rear,E,49500.0,282.65228455707546,15.0,0.7,2547.334009249598,0.004096,731.5100446295893,1503.5695160611856,205.54324948778248,12.9272527286928,0.31330081920863306,False,7.093851665058614e-13,-8.978554045542548
rear,F,49500.0,282.65228455707546,15.0,0.7,2547.334009249598,0.016384,731.5100446295893,3007.139032122371,411.08649897556495,25.8545054573856,0.40390284416607797,False,7.093851665058614e-13,-8.978554045542548
rear,G,49500.0,282.65228455707546,15.0,0.7,2547.334009249598,0.065536,731.5100446295893,6014.278064244742,822.1729979511299,51.7090109147712,0.451596460982982,False,7.093851665058614e-13,-8.978554045542548
rear,H,49500.0,282.65228455707546,15.0,0.7,2547.334009249598,0.262144,731.5100446295893,12028.556128489485,1644.3459959022598,103.4180218295424,0.4757534904516665,False,7.093851665058614e-13,-8.978554045542548
rear,A,49750.0,284.07982134776773,15.0,0.7,2553.7585692872995,1.6e-05,731.5100446295893,94.12324263648263,12.866978837473557,0.8068553619015643,3.867945379439621e-15,True,7.094613873922274e-13,-8.953481970194611
rear,B,49750.0,284.07982134776773,15.0,0.7,2553.7585692872995,6.4e-05,731.5100446295893,188.24648527296526,25.733957674947114,1.6137107238031285,5.097236031691776e-05,True,7.094613873922274e-13,-8.953481970194611
rear,C,49750.0,284.07982134776773,15.0,0.7,2553.7585692872995,0.000256,731.5100446295893,376.4929705459305,51.46791534989423,3.227421447606257,0.026010614079493746,False,7.094613873922274e-13,-8.953481970194611
rear,D,49750.0,284.07982134776773,15.0,0.7,2553.7585692872995,0.001024,731.5100446295893,752.985941091861,102.93583069978845,6.454842895212514,0.165654897637238,False,7.094613873922274e-13,-8.953481970194611
rear,E,49750.0,284.07982134776773,15.0,0.7,2553.7585692872995,0.004096,731.5100446295893,1505.971882183722,205.8716613995769,12.909685790425028,0.3135759333621787,False,7.094613873922274e-13,-8.953481970194611
rear,F,49750.0,284.07982134776773,15.0,0.7,2553.7585692872995,0.016384,731.5100446295893,3011.943764367444,411.7433227991538,25.819371580850056,0.4040531480218621,False,7.094613873922274e-13,-8.953481970194611
rear,G,49750.0,284.07982134776773,15.0,0.7,2553.7585692872995,0.065536,731.5100446295893,6023.887528734888,823.4866455983076,51.63874316170011,0.4516732964831194,False,7.094613873922274e-13,-8.953481970194611
rear,H,49750.0,284.07982134776773,15.0,0.7,2553.7585692872995,0.262144,731.5100446295893,12047.775057469777,1646.9732911966153,103.27748632340023,0.47579212157847317,False,7.094613873922274e-13,-8.953481970194611
rear,A,50000.0,285.50735813846006,15.0,0.7,2560.1670073917053,1.6e-05,731.5100446295893,94.2731412141105,12.887470501084788,0.805763996477426,4.26409718455084e-15,True,7.095392418561299e-13,-8.928509706211146
rear,B,50000.0,285.50735813846006,15.0,0.7,2560.1670073917053,6.4e-05,731.5100446295893,188.546282428221,25.774941002169577,1.611527992954852,5.228467029507975e-05,True,7.095392418561299e-13,-8.928509706211146
rear,C,50000.0,285.50735813846006,15.0,0.7,2560.1670073917053,0.000256,731.5100446295893,377.092564856442,51.54988200433915,3.223055985909704,0.02619782747583888,False,7.095392418561299e-13,-8.928509706211146
rear,D,50000.0,285.50735813846006,15.0,0.7,2560.1670073917053,0.001024,731.5100446295893,754.185129712884,103.0997640086783,6.446111971819408,0.1660396146385661,False,7.095392418561299e-13,-8.928509706211146
rear,E,50000.0,285.50735813846006,15.0,0.7,2560.1670073917053,0.004096,731.5100446295893,1508.370259425768,206.1995280173566,12.892223943638816,0.3138498195371894,False,7.095392418561299e-13,-8.928509706211146
rear,F,50000.0,285.50735813846006,15.0,0.7,2560.1670073917053,0.016384,731.5100446295893,3016.740518851536,412.3990560347132,25.784447887277633,0.40420273879412894,False,7.095392418561299e-13,-8.928509706211146
rear,G,50000.0,285.50735813846006,15.0,0.7,2560.1670073917053,0.065536,731.5100446295893,6033.481037703072,824.7981120694265,51.568895774555266,0.4517497620621046,False,7.095392418561299e-13,-8.928509706211146
rear,H,50000.0,285.50735813846006,15.0,0.7,2560.1670073917053,0.262144,731.5100446295893,12066.962075406143,1649.596224138853,103.13779154911053,0.47583056603969004,False,7.095392418561299e-13,-8.928509706211146
