axle,iso_class,wheelrate_n_per_m,wheelrate_lbf_per_in,supported,supported_records,total_records,smooth_capacity_n,capacity_lbf,capacity_min_lbf,capacity_max_lbf,loss_percent,loss_min_percent,loss_max_percent,load_min_bound_n,load_max_bound_n
front,A,5000.0,28.550735813846003,True,3,3,1454.3535432327708,326.48584508947613,326.48582580559827,326.4858673978013,0.1424791130611891,0.14247228993521377,0.14248501114303425,348.2657105123448,872.5189090850728
front,B,5000.0,28.550735813846003,True,3,3,1454.3535432327708,325.08713341107733,325.0870715838399,325.0871864507808,0.5702828991709152,0.5702666766811082,0.5703018093771273,100.11747358884607,1146.5295998368447
front,C,5000.0,28.550735813846003,False,0,3,1454.3535432327708,,,,,,,-402.4618129505231,1694.5509813403887
front,D,5000.0,28.550735813846003,False,0,3,1454.3535432327708,,,,,,,-1403.4318442343467,2790.593744347477
front,E,5000.0,28.550735813846003,False,0,3,1454.3535432327708,,,,,,,-3405.3719068019946,4982.679270361653
front,F,5000.0,28.550735813846003,False,0,3,1454.3535432327708,,,,,,,-7409.25203193729,9366.850322390006
front,G,5000.0,28.550735813846003,False,0,3,1454.3535432327708,,,,,,,-15417.01228220788,18135.19242644671
front,H,5000.0,28.550735813846003,False,0,3,1454.3535432327708,,,,,,,-31432.532782749062,35671.87663456012
front,A,5250.0,29.978272604538304,True,3,3,1454.3535432327708,326.4851621001694,326.4851424946595,326.4851846933003,0.14268800915877566,0.14268109892340286,0.14269400561360834,348.34448284515776,873.2854669646564
front,B,5250.0,29.978272604538304,True,3,3,1454.3535432327708,325.08439817365803,325.0843365211744,325.0844515944906,0.5711194868265027,0.5711031477662387,0.5711383435832884,100.30729447939011,1148.0627155960121
front,C,5250.0,29.978272604538304,False,0,3,1454.3535432327708,,,,,,,-402.14672361927103,1697.6172128587236
front,D,5250.0,29.978272604538304,False,0,3,1454.3535432327708,,,,,,,-1402.8016655718427,2796.726207384146
front,E,5250.0,29.978272604538304,False,0,3,1454.3535432327708,,,,,,,-3404.1115494769865,4994.944196434992
front,F,5250.0,29.978272604538304,False,0,3,1454.3535432327708,,,,,,,-7406.731317287274,9391.380174536684
front,G,5250.0,29.978272604538304,False,0,3,1454.3535432327708,,,,,,,-15411.970852907847,18184.252130740064
front,H,5250.0,29.978272604538304,False,0,3,1454.3535432327708,,,,,,,-31422.449924148998,35769.99604314683
front,A,5500.0,31.405809395230605,True,3,3,1454.3535432327708,326.4842540971569,326.4842341688191,326.48427696005496,0.14296572695620866,0.14295873421104055,0.14297182214972892,347.90222410974025,874.0326239910609
front,B,5500.0,31.405809395230605,False,2,3,1454.3535432327708,,,,,,,97.29622988617976,1149.557029648821
front,C,5500.0,31.405809395230605,False,0,3,1454.3535432327708,,,,,,,-403.91575856094124,1700.605840964341
front,D,5500.0,31.405809395230605,False,0,3,1454.3535432327708,,,,,,,-1406.3397354551835,2802.7034635953814
front,E,5500.0,31.405809395230605,False,0,3,1454.3535432327708,,,,,,,-3411.1876892436676,5006.898708857462
front,F,5500.0,31.405809395230605,False,0,3,1454.3535432327708,,,,,,,-7420.883596820636,9415.289199381625
front,G,5500.0,31.405809395230605,False,0,3,1454.3535432327708,,,,,,,-15440.275411974571,18232.070180429946
front,H,5500.0,31.405809395230605,False,0,3,1454.3535432327708,,,,,,,-31479.059042282446,35865.63214252659
front,A,5750.0,32.833346185922906,True,3,3,1454.3535432327708,326.48314787042204,326.4831276175284,326.4831709903125,0.14330407258723588,0.14329700123950628,0.14331026704798022,347.24657066840166,874.7390429064901
front,B,5750.0,32.833346185922906,False,2,3,1454.3535432327708,,,,,,,95.98492300350252,1150.9698674796796
front,C,5750.0,32.833346185922906,False,0,3,1454.3535432327708,,,,,,,-406.53837232629576,1703.431516626058
front,D,5750.0,32.833346185922906,False,0,3,1454.3535432327708,,,,,,,-1411.5849629858924,2808.3548149188155
front,E,5750.0,32.833346185922906,False,0,3,1454.3535432327708,,,,,,,-3421.6781443050854,5018.20141150433
front,F,5750.0,32.833346185922906,False,0,3,1454.3535432327708,,,,,,,-7441.8645069434715,9437.89460467536
front,G,5750.0,32.833346185922906,False,0,3,1454.3535432327708,,,,,,,-15482.237232220243,18277.28099101742
front,H,5750.0,32.833346185922906,False,0,3,1454.3535432327708,,,,,,,-31562.98268277379,35956.05376370154
front,A,6000.0,34.26088297661521,True,3,3,1454.3535432327708,326.48186621392085,326.4818456343096,326.48188958001083,0.14369607439302934,0.14368892774379027,0.14370236878218368,346.62140398566726,875.3872395790593
front,B,6000.0,34.26088297661521,False,2,3,1454.3535432327708,,,,,,,94.73458963803377,1152.2662608248177
front,C,6000.0,34.26088297661521,False,0,3,1454.3535432327708,,,,,,,-409.0390390572332,1706.0243033163347
front,D,6000.0,34.26088297661521,False,0,3,1454.3535432327708,,,,,,,-1416.5862964477674,2813.5403882993687
front,E,6000.0,34.26088297661521,False,0,3,1454.3535432327708,,,,,,,-3431.6808112288354,5028.572558265437
front,F,6000.0,34.26088297661521,False,0,3,1454.3535432327708,,,,,,,-7461.8698407909715,9458.636898197574
front,G,6000.0,34.26088297661521,False,0,3,1454.3535432327708,,,,,,,-15522.247899915243,18318.765578061844
front,H,6000.0,34.26088297661521,False,0,3,1454.3535432327708,,,,,,,-31643.00401816379,36039.02293779039
front,A,6250.0,35.68841976730751,True,3,3,1454.3535432327708,326.4804286451882,326.48040773635023,326.4804522484208,0.14413576282640284,0.14412854364576067,0.14414215791138663,346.024158154145,875.98160473588
front,B,6250.0,35.68841976730751,False,2,3,1454.3535432327708,,,,,,,93.54009797498918,1153.4549911384593
front,C,6250.0,35.68841976730751,False,0,3,1454.3535432327708,,,,,,,-411.4280223833224,1708.4017639436177
front,D,6250.0,35.68841976730751,False,0,3,1454.3535432327708,,,,,,,-1421.3642630999454,2818.295309553934
front,E,6250.0,35.68841976730751,False,0,3,1454.3535432327708,,,,,,,-3441.236744533192,5038.082400774568
front,F,6250.0,35.68841976730751,False,0,3,1454.3535432327708,,,,,,,-7480.981707399685,9477.656583215836
front,G,6250.0,35.68841976730751,False,0,3,1454.3535432327708,,,,,,,-15560.471633132669,18356.80494809837
front,H,6250.0,35.68841976730751,False,0,3,1454.3535432327708,,,,,,,-31719.45148459864,36115.10167786344
front,A,6500.0,37.11595655799981,True,3,3,1454.3535432327708,326.47885197385864,326.4788307330129,326.47887580669817,0.14461799656668348,0.144610707159476,0.14462449319808668,345.4525437099705,876.526147653154
front,B,6500.0,37.11595655799981,False,2,3,1454.3535432327708,,,,,,,92.39686908664018,1154.5440769730071
front,C,6500.0,37.11595655799981,False,0,3,1454.3535432327708,,,,,,,-413.7144801600204,1710.5799356127134
front,D,6500.0,37.11595655799981,False,0,3,1454.3535432327708,,,,,,,-1425.9371786533413,2822.6516528921256
front,E,6500.0,37.11595655799981,False,0,3,1454.3535432327708,,,,,,,-3450.3825756399838,5046.795087450951
front,F,6500.0,37.11595655799981,False,0,3,1454.3535432327708,,,,,,,-7499.273369613268,9495.081956568602
front,G,6500.0,37.11595655799981,False,0,3,1454.3535432327708,,,,,,,-15597.054957559836,18391.6556948039
front,H,6500.0,37.11595655799981,False,0,3,1454.3535432327708,,,,,,,-31792.618133452976,36184.8031712745
front,A,6750.0,38.54349334869211,True,3,3,1454.3535432327708,326.47715075509365,326.47712917925327,326.47717481133793,0.14513832383633574,0.14513096609954923,0.1451449229277424,344.9045123772754,877.0245378755793
front,B,6750.0,38.54349334869211,False,1,3,1454.3535432327708,,,,,,,91.30080642125014,1155.5408574178578
front,C,6750.0,38.54349334869211,False,0,3,1454.3535432327708,,,,,,,-415.9066054908005,1712.5734965024149
front,D,6750.0,38.54349334869211,False,0,3,1454.3535432327708,,,,,,,-1430.3214293149017,2826.638774671529
front,E,6750.0,38.54349334869211,False,0,3,1454.3535432327708,,,,,,,-3459.1510769631045,5054.7693310097575
front,F,6750.0,38.54349334869211,False,0,3,1454.3535432327708,,,,,,,-7516.81037225951,9511.030443686215
front,G,6750.0,38.54349334869211,False,0,3,1454.3535432327708,,,,,,,-15632.12896285232,18423.552669039127
front,H,6750.0,38.54349334869211,False,0,3,1454.3535432327708,,,,,,,-31862.76614403794,36248.597119744954
front,A,7000.0,39.9710301393844,True,3,3,1454.3535432327708,326.4753376543787,326.4753157404077,326.475361928995,0.14569287082587165,0.1456854462987378,0.1456995733363886,344.37822815460544,877.4801412758314
front,B,7000.0,39.9710301393844,False,1,3,1454.3535432327708,,,,,,,90.24823797591006,1156.4520642183622
front,C,7000.0,39.9710301393844,False,0,3,1454.3535432327708,,,,,,,-418.01174238148064,1714.3959101034234
front,D,7000.0,39.9710301393844,False,0,3,1454.3535432327708,,,,,,,-1434.5317030962622,2830.283601873546
front,E,7000.0,39.9710301393844,False,0,3,1454.3535432327708,,,,,,,-3467.571624525825,5062.058985413792
front,F,7000.0,39.9710301393844,False,0,3,1454.3535432327708,,,,,,,-7533.651467384951,9525.609752494283
front,G,7000.0,39.9710301393844,False,0,3,1454.3535432327708,,,,,,,-15665.811153103201,18452.711286655263
front,H,7000.0,39.9710301393844,False,0,3,1454.3535432327708,,,,,,,-31930.130524539705,36306.91435497723
front,A,7250.0,41.398566930076704,True,3,3,1454.3535432327708,326.47342374338,326.473401488044,326.4734482323622,0.14627825120420898,0.14627076111209947,0.1462850581231523,343.872043143021,877.8960513385828
front,B,7250.0,41.398566930076704,False,1,3,1454.3535432327708,,,,,,,89.23586795274124,1157.2838843438649
front,C,7250.0,41.398566930076704,False,0,3,1454.3535432327708,,,,,,,-420.03648242781827,1716.0595503544284
front,D,7250.0,41.398566930076704,False,0,3,1454.3535432327708,,,,,,,-1438.5811831889375,2833.6108823755562
front,E,7250.0,41.398566930076704,False,0,3,1454.3535432327708,,,,,,,-3475.6705847111757,5068.713546417812
front,F,7250.0,41.398566930076704,False,0,3,1454.3535432327708,,,,,,,-7549.849387755652,9538.918874502324
front,G,7250.0,41.398566930076704,False,0,3,1454.3535432327708,,,,,,,-15698.206993844604,18479.329530671344
front,H,7250.0,41.398566930076704,False,0,3,1454.3535432327708,,,,,,,-31994.92220602251,36360.15084300939
front,A,7500.0,42.826103720769005,True,3,3,1454.3535432327708,326.47141874168403,326.47139614169254,326.4714434419265,0.14689149218154451,0.14688393747431805,0.14689840451530545,343.38447696588673,878.2751163992702
front,B,7500.0,42.826103720769005,False,1,3,1454.3535432327708,,,,,,,88.26073559847268,1158.0420144652396
front,C,7500.0,42.826103720769005,False,0,3,1454.3535432327708,,,,,,,-421.9867471363554,1717.5758105971786
front,D,7500.0,42.826103720769005,False,0,3,1454.3535432327708,,,,,,,-1442.4817126060118,2836.643402861056
front,E,7500.0,42.826103720769005,False,0,3,1454.3535432327708,,,,,,,-3483.4716435453242,5074.7785873888115
front,F,7500.0,42.826103720769005,False,0,3,1454.3535432327708,,,,,,,-7565.451505423949,9551.048956444323
front,G,7500.0,42.826103720769005,False,0,3,1454.3535432327708,,,,,,,-15729.411229181198,18503.589694555343
front,H,7500.0,42.826103720769005,False,0,3,1454.3535432327708,,,,,,,-32057.3306766957,36408.67117077739
front,A,7750.0,44.253640511461306,True,3,3,1454.3535432327708,326.4693312156846,326.46930826772905,326.4693561248723,0.14752997367847298,0.14752235506415579,0.147536992438968,342.9141989582404,878.6199634469417
front,B,7750.0,44.253640511461306,False,1,3,1454.3535432327708,,,,,,,87.32017958318,1158.7317085605825
front,C,7750.0,44.253640511461306,False,0,3,1454.3535432327708,,,,,,,-423.8678591669408,1718.9551987878644
front,D,7750.0,44.253640511461306,False,0,3,1454.3535432327708,,,,,,,-1446.2439366671824,2839.4021792424282
front,E,7750.0,44.253640511461306,False,0,3,1454.3535432327708,,,,,,,-3490.9960916676655,5080.296140151556
front,F,7750.0,44.253640511461306,False,0,3,1454.3535432327708,,,,,,,-7580.500401668632,9562.084061969812
front,G,7750.0,44.253640511461306,False,0,3,1454.3535432327708,,,,,,,-15759.509021670563,18525.65990560632
front,H,7750.0,44.253640511461306,False,0,3,1454.3535432327708,,,,,,,-32117.52626167443,36452.81159287934
front,A,8000.0,45.68117730215361,True,3,3,1454.3535432327708,326.46716874327103,326.46714544405694,326.46719385978315,0.14819137795511658,0.14818369592947134,0.1481985041499989,342.46001253940034,878.9330190021301
front,B,8000.0,45.68117730215361,False,1,3,1454.3535432327708,,,,,,,86.41180674549994,1159.3578196709593
front,C,8000.0,45.68117730215361,False,0,3,1454.3535432327708,,,,,,,-425.68460484230087,1720.2074210086182
front,D,8000.0,45.68117730215361,False,0,3,1454.3535432327708,,,,,,,-1449.8774280179027,2841.906623683936
front,E,8000.0,45.68117730215361,False,0,3,1454.3535432327708,,,,,,,-3498.263074369106,5085.305029034571
front,F,8000.0,45.68117730215361,False,0,3,1454.3535432327708,,,,,,,-7595.034367071513,9572.101839735842
front,G,8000.0,45.68117730215361,False,0,3,1454.3535432327708,,,,,,,-15788.576952476325,18545.69546113838
front,H,8000.0,45.68117730215361,False,0,3,1454.3535432327708,,,,,,,-32175.662123285954,36492.88270394346
front,A,8250.0,47.10871409284591,True,3,3,1454.3535432327708,326.4649380510192,326.46491439729374,326.46496337384406,0.14887364765064545,0.14886590252309873,0.14888088227481555,341.7956605331665,879.2165274989248
front,B,8250.0,47.10871409284591,False,1,3,1454.3535432327708,,,,,,,85.08310273303226,1159.924836664549
front,C,8250.0,47.10871409284591,False,0,3,1454.3535432327708,,,,,,,-428.34201286723624,1721.341454995797
front,D,8250.0,47.10871409284591,False,0,3,1454.3535432327708,,,,,,,-1455.1922440677731,2844.1746916582933
front,E,8250.0,47.10871409284591,False,0,3,1454.3535432327708,,,,,,,-3508.8927064688473,5089.841164983286
front,F,8250.0,47.10871409284591,False,0,3,1454.3535432327708,,,,,,,-7616.293631270995,9581.174111633272
front,G,8250.0,47.10871409284591,False,0,3,1454.3535432327708,,,,,,,-15831.09548087529,18563.84000493324
front,H,8250.0,47.10871409284591,False,0,3,1454.3535432327708,,,,,,,-32260.699180083884,36529.17179153318
front,A,8500.0,48.53625088353821,True,3,3,1454.3535432327708,326.4626451291184,326.4626211176942,326.4626706577784,0.14957495063224377,0.1495671425488454,0.14958229466055517,340.872902943381,879.848148776535
front,B,8500.0,48.53625088353821,False,1,3,1454.3535432327708,,,,,,,83.23758755346127,1161.1880792197692
front,C,8500.0,48.53625088353821,False,0,3,1454.3535432327708,,,,,,,-432.0330432263782,1723.867940106238
front,D,8500.0,48.53625088353821,False,0,3,1454.3535432327708,,,,,,,-1462.5743047860574,2849.2276618791752
front,E,8500.0,48.53625088353821,False,0,3,1454.3535432327708,,,,,,,-3523.6568279054154,5099.94710542505
front,F,8500.0,48.53625088353821,False,0,3,1454.3535432327708,,,,,,,-7645.8218741441315,9601.3859925168
front,G,8500.0,48.53625088353821,False,0,3,1454.3535432327708,,,,,,,-15890.151966621563,18604.263766700296
front,H,8500.0,48.53625088353821,False,0,3,1454.3535432327708,,,,,,,-32378.81215157643,36610.01931506729
front,A,8750.0,49.96378767423051,True,3,3,1454.3535432327708,326.460295328156,326.4602709559314,326.4603210626419,0.15029365039277431,0.15028577935637388,0.1503011047739089,339.9924359847847,881.1725084634339
front,B,8750.0,49.96378767423051,False,1,3,1454.3535432327708,,,,,,,81.47665363626864,1163.836798593567
front,C,8750.0,49.96378767423051,False,0,3,1454.3535432327708,,,,,,,-435.55491106076346,1729.165378853833
front,D,8750.0,49.96378767423051,False,0,3,1454.3535432327708,,,,,,,-1469.618040454828,2859.8225393743655
front,E,8750.0,49.96378767423051,False,0,3,1454.3535432327708,,,,,,,-3537.7442992429565,5121.13686041543
front,F,8750.0,49.96378767423051,False,0,3,1454.3535432327708,,,,,,,-7673.996816819214,9643.765502497561
front,G,8750.0,49.96378767423051,False,0,3,1454.3535432327708,,,,,,,-15946.501851971727,18689.02278666182
front,H,8750.0,49.96378767423051,False,0,3,1454.3535432327708,,,,,,,-32491.511922276757,36779.53735499034
front,A,9000.0,51.39132446492281,True,3,3,1454.3535432327708,326.4578934410281,326.45786870500393,326.45791938174057,0.1510282809981963,0.15102034688626587,0.15103584664946101,339.1519625632739,882.4550924780826
front,B,9000.0,51.39132446492281,False,1,3,1454.3535432327708,,,,,,,79.79570679324704,1166.4019666228644
front,C,9000.0,51.39132446492281,False,0,3,1454.3535432327708,,,,,,,-438.9168047468067,1734.295714912428
front,D,9000.0,51.39132446492281,False,0,3,1454.3535432327708,,,,,,,-1476.3418278269141,2870.0832114915547
front,E,9000.0,51.39132446492281,False,0,3,1454.3535432327708,,,,,,,-3551.191873987129,5141.658204649809
front,F,9000.0,51.39132446492281,False,0,3,1454.3535432327708,,,,,,,-7700.8919663075585,9684.808190966318
front,G,9000.0,51.39132446492281,False,0,3,1454.3535432327708,,,,,,,-16000.292150948417,18771.108163599332
front,H,9000.0,51.39132446492281,False,0,3,1454.3535432327708,,,,,,,-32599.092520230137,36943.708108865365
front,A,9250.0,52.81886125561511,True,3,3,1454.3535432327708,326.45544377258454,326.4554186698783,326.45546992028227,0.15177752578612314,0.15176952836659652,0.15178520358916092,338.3493338708254,883.6974997727326
front,B,9250.0,52.81886125561511,False,1,3,1454.3535432327708,,,,,,,78.19044940834999,1168.8867812121646
front,C,9250.0,52.81886125561511,False,0,3,1454.3535432327708,,,,,,,-442.1273195166008,1739.2653440910283
front,D,9250.0,52.81886125561511,False,0,3,1454.3535432327708,,,,,,,-1482.7628573665024,2880.022469848756
front,E,9250.0,52.81886125561511,False,0,3,1454.3535432327708,,,,,,,-3564.0339330663055,5161.536721364211
front,F,9250.0,52.81886125561511,False,0,3,1454.3535432327708,,,,,,,-7726.576084465912,9724.565224395123
front,G,9250.0,52.81886125561511,False,0,3,1454.3535432327708,,,,,,,-16051.660387265123,18850.622230456942
front,H,9250.0,52.81886125561511,False,0,3,1454.3535432327708,,,,,,,-32701.82899286355,37102.736242580584
front,A,9500.0,54.24639804630741,True,3,3,1454.3535432327708,326.4529501991057,326.4529247269629,326.45297655486,0.15254019917454453,0.1525321381197653,0.1525479899718185,337.5825360564779,884.901253884239
front,B,9500.0,54.24639804630741,False,1,3,1454.3535432327708,,,,,,,76.65685377965505,1171.2942894351775
front,C,9500.0,54.24639804630741,False,0,3,1454.3535432327708,,,,,,,-445.19451077399066,1744.0803605370538
front,D,9500.0,54.24639804630741,False,0,3,1454.3535432327708,,,,,,,-1488.897239881282,2889.652502740807
front,E,9500.0,54.24639804630741,False,0,3,1454.3535432327708,,,,,,,-3576.302698095865,5180.796787148313
front,F,9500.0,54.24639804630741,False,0,3,1454.3535432327708,,,,,,,-7751.11361452503,9763.085355963327
front,G,9500.0,54.24639804630741,False,0,3,1454.3535432327708,,,,,,,-16100.73544738336,18927.66249359335
front,H,9500.0,54.24639804630741,False,0,3,1454.3535432327708,,,,,,,-32799.979113100024,37256.8167688534
front,A,9750.0,55.673934836999706,True,3,3,1454.3535432327708,326.45041621930625,326.45039037510963,326.4504427844605,0.15331523106201597,0.15330710596108688,0.15332313565402655,336.84967862998667,886.0678067777317
front,B,9750.0,55.673934836999706,False,1,3,1454.3535432327708,,,,,,,75.19113892667258,1173.6273952221625
front,C,9750.0,55.673934836999706,False,0,3,1454.3535432327708,,,,,,,-448.1259404799556,1748.7465721110245
front,D,9750.0,55.673934836999706,False,0,3,1454.3535432327708,,,,,,,-1494.760099293212,2898.9849258887484
front,E,9750.0,55.673934836999706,False,0,3,1454.3535432327708,,,,,,,-3588.028416919725,5199.461633444196
front,F,9750.0,55.673934836999706,False,0,3,1454.3535432327708,,,,,,,-7774.56505217275,9800.415048555093
front,G,9750.0,55.673934836999706,False,0,3,1454.3535432327708,,,,,,,-16147.6383226788,19002.321878776882
front,H,9750.0,55.673934836999706,False,0,3,1454.3535432327708,,,,,,,-32893.784863690904,37406.135539220464
front,A,10000.0,57.10147162769201,True,3,3,1454.3535432327708,326.4478449982453,326.4478187795221,326.44787177437917,0.15410165339749815,0.15409346376726862,0.15410967254056995,336.14898431063824,887.1985423618318
front,B,10000.0,57.10147162769201,False,1,3,1454.3535432327708,,,,,,,73.7897502879757,1175.8888663903629
front,C,10000.0,57.10147162769201,False,0,3,1454.3535432327708,,,,,,,-450.9287177573493,1753.2695144474246
front,D,10000.0,57.10147162769201,False,0,3,1454.3535432327708,,,,,,,-1500.3656538479995,2908.0308105615486
front,E,10000.0,57.10147162769201,False,0,3,1454.3535432327708,,,,,,,-3599.2395260292997,5217.553402789797
front,F,10000.0,57.10147162769201,False,0,3,1454.3535432327708,,,,,,,-7796.9872703919,9836.598587246293
front,G,10000.0,57.10147162769201,False,0,3,1454.3535432327708,,,,,,,-16192.4827591171,19074.688956159283
front,H,10000.0,57.10147162769201,False,0,3,1454.3535432327708,,,,,,,-32983.4737365675,37550.86969398527
front,A,10250.0,58.52900841838431,True,3,3,1454.3535432327708,326.44523940526926,326.44521280969605,326.4452663941671,0.15489858857537694,0.15489033387009465,0.1549067229801082,335.4787800872325,888.2947797593862
front,B,10250.0,58.52900841838431,False,1,3,1454.3535432327708,,,,,,,72.44934184116421,1178.0813411854715
front,C,10250.0,58.52900841838431,False,0,3,1454.3535432327708,,,,,,,-453.6095346509723,1757.6544640376424
front,D,10250.0,58.52900841838431,False,0,3,1454.3535432327708,,,,,,,-1505.7272876352456,2916.8007097419836
front,E,10250.0,58.52900841838431,False,0,3,1454.3535432327708,,,,,,,-3609.962793603792,5235.093201150667
front,F,10250.0,58.52900841838431,False,0,3,1454.3535432327708,,,,,,,-7818.433805540884,9871.678183968033
front,G,10250.0,58.52900841838431,False,0,3,1454.3535432327708,,,,,,,-16235.375829415068,19144.848149602763
front,H,10250.0,58.52900841838431,False,0,3,1454.3535432327708,,,,,,,-33069.25987716344,37691.18808087223
front,A,10500.0,59.95654520907661,True,3,3,1454.3535432327708,326.44260204691426,326.4425750723208,326.44262925053715,0.15570523937197267,0.15569691899182114,0.15571348970219168,334.8374892981849,889.3577763932512
front,B,10500.0,59.95654520907661,False,1,3,1454.3535432327708,,,,,,,71.16676026306902,1180.2073344532016
front,C,10500.0,59.95654520907661,False,0,3,1454.3535432327708,,,,,,,-456.1746978071627,1761.9064505731026
front,D,10500.0,59.95654520907661,False,0,3,1454.3535432327708,,,,,,,-1510.8576139476263,2925.3046828129045
front,E,10500.0,59.95654520907661,False,0,3,1454.3535432327708,,,,,,,-3620.2234462285533,5252.101147292508
front,F,10500.0,59.95654520907661,False,0,3,1454.3535432327708,,,,,,,-7838.955110790407,9905.694076251717
front,G,10500.0,59.95654520907661,False,0,3,1454.3535432327708,,,,,,,-16276.418439914114,19212.87993417013
front,H,10500.0,59.95654520907661,False,0,3,1454.3535432327708,,,,,,,-33151.34509816153,37827.25165000696
front,A,10750.0,61.38408199976891,True,3,3,1454.3535432327708,326.43993529553416,326.4399079399049,326.43996271599525,0.15652088018962193,0.15651249348829221,0.15652924706175408,334.133438258703,890.388730928206
front,B,10750.0,61.38408199976891,False,1,3,1454.3535432327708,,,,,,,69.75865818410527,1182.269243523111
front,C,10750.0,61.38408199976891,False,0,3,1454.3535432327708,,,,,,,-458.9909019650902,1766.0302687129213
front,D,10750.0,61.38408199976891,False,0,3,1454.3535432327708,,,,,,,-1516.4900222634813,2933.552319092542
front,E,10750.0,61.38408199976891,False,0,3,1454.3535432327708,,,,,,,-3631.488262860263,5268.596419851783
front,F,10750.0,61.38408199976891,False,0,3,1454.3535432327708,,,,,,,-7861.484744053827,9938.684621370267
front,G,10750.0,61.38408199976891,False,0,3,1454.3535432327708,,,,,,,-16321.477706440954,19278.86102440723
front,H,10750.0,61.38408199976891,False,0,3,1454.3535432327708,,,,,,,-33241.463631215214,37959.21383048116
front,A,11000.0,62.81161879046121,True,3,3,1454.3535432327708,326.4372413142871,326.43721357576203,326.43726895383026,0.15734484941429816,0.15733639570552072,0.15735333339726987,333.36962620692333,891.3887860963039
front,B,11000.0,62.81161879046121,False,1,3,1454.3535432327708,,,,,,,68.23103408054591,1184.269353859307
front,C,11000.0,62.81161879046121,False,0,3,1454.3535432327708,,,,,,,-462.0461501722089,1770.030489385313
front,D,11000.0,62.81161879046121,False,0,3,1454.3535432327708,,,,,,,-1522.6005186777188,2941.5527604373256
front,E,11000.0,62.81161879046121,False,0,3,1454.3535432327708,,,,,,,-3643.7092556887383,5284.5973025413505
front,F,11000.0,62.81161879046121,False,0,3,1454.3535432327708,,,,,,,-7885.926729710777,9970.686386749401
front,G,11000.0,62.81161879046121,False,0,3,1454.3535432327708,,,,,,,-16370.361677754854,19342.8645551655
front,H,11000.0,62.81161879046121,False,0,3,1454.3535432327708,,,,,,,-33339.23157384301,38087.2208919977
front,A,11250.0,64.23915558115351,True,3,3,1454.3535432327708,326.43452207901186,326.4344939558855,326.4345499399923,0.15817654272468987,0.15816802128805207,0.158185144340095,332.62318044180427,892.3590314229019
front,B,11250.0,64.23915558115351,False,1,3,1454.3535432327708,,,,,,,66.73814255030781,1186.2098445125032
front,C,11250.0,64.23915558115351,False,0,3,1454.3535432327708,,,,,,,-465.0319332326851,1773.911470691705
front,D,11250.0,64.23915558115351,False,0,3,1454.3535432327708,,,,,,,-1528.572084798671,2949.3147230501095
front,E,11250.0,64.23915558115351,False,0,3,1454.3535432327708,,,,,,,-3655.652387930643,5300.121227766918
front,F,11250.0,64.23915558115351,False,0,3,1454.3535432327708,,,,,,,-7909.812994194586,10001.734237200537
front,G,11250.0,64.23915558115351,False,0,3,1454.3535432327708,,,,,,,-16418.134206722472,19404.96025606777
front,H,11250.0,64.23915558115351,False,0,3,1454.3535432327708,,,,,,,-33434.77663177825,38211.41229380224
front,A,11500.0,65.66669237184581,True,3,3,1454.3535432327708,326.4317793974347,326.4317508881544,326.4318074823031,0.15901540721757015,0.15900681730355304,0.15902412694032142,331.89324341946093,893.3005058633972
front,B,11500.0,65.66669237184581,False,1,3,1454.3535432327708,,,,,,,65.27826850562113,1188.0927933934938
front,C,11500.0,65.66669237184581,False,0,3,1454.3535432327708,,,,,,,-467.9516813220585,1777.6773684536868
front,D,11500.0,65.66669237184581,False,0,3,1454.3535432327708,,,,,,,-1534.4115809774178,2956.846518574073
front,E,11500.0,65.66669237184581,False,0,3,1454.3535432327708,,,,,,,-3667.331380288136,5315.184818814845
front,F,11500.0,65.66669237184581,False,0,3,1454.3535432327708,,,,,,,-7933.170978909573,10031.86141929639
front,G,11500.0,65.66669237184581,False,0,3,1454.3535432327708,,,,,,,-16464.85017615245,19465.214620259478
front,H,11500.0,65.66669237184581,False,0,3,1454.3535432327708,,,,,,,-33528.2085706382,38331.921022185656
front,A,11750.0,67.09422916253811,True,3,3,1454.3535432327708,326.42901492608115,326.4289860292442,326.4290432373691,0.15986093623539718,0.15985227706969418,0.15986977449451434,331.1790316931528,894.2142003557019
front,B,11750.0,67.09422916253811,False,1,3,1454.3535432327708,,,,,,,63.84984505300491,1189.920182378103
front,C,11750.0,67.09422916253811,False,0,3,1454.3535432327708,,,,,,,-470.80852822729094,1781.332146422905
front,D,11750.0,67.09422916253811,False,0,3,1454.3535432327708,,,,,,,-1540.1252747878827,2964.1560745125093
front,E,11750.0,67.09422916253811,False,0,3,1454.3535432327708,,,,,,,-3678.758767909066,5329.803930691718
front,F,11750.0,67.09422916253811,False,0,3,1454.3535432327708,,,,,,,-7956.025754151433,10061.099643050136
front,G,11750.0,67.09422916253811,False,0,3,1454.3535432327708,,,,,,,-16510.55972663617,19523.69106776697
front,H,11750.0,67.09422916253811,False,0,3,1454.3535432327708,,,,,,,-33619.62767160564,38448.87391720064
front,A,12000.0,68.52176595323041,True,3,3,1454.3535432327708,326.4262301852035,326.42620089955335,326.42625872551156,0.160712664800459,0.16070393558769158,0.1607216219802754,330.479829566763,895.1010602901453
front,B,12000.0,68.52176595323041,False,1,3,1454.3535432327708,,,,,,,62.45144080022519,1191.6939022469896
front,C,12000.0,68.52176595323041,False,0,3,1454.3535432327708,,,,,,,-473.6053367328504,1784.8795861606786
front,D,12000.0,68.52176595323041,False,0,3,1454.3535432327708,,,,,,,-1545.7188917990015,2971.2509539880566
front,E,12000.0,68.52176595323041,False,0,3,1454.3535432327708,,,,,,,-3689.9460019313037,5343.993689642813
front,F,12000.0,68.52176595323041,False,0,3,1454.3535432327708,,,,,,,-7978.400222195908,10089.479160952325
front,G,12000.0,68.52176595323041,False,0,3,1454.3535432327708,,,,,,,-16555.308662725118,19580.450103571347
front,H,12000.0,68.52176595323041,False,0,3,1454.3535432327708,,,,,,,-33709.125543783535,38562.391988809395
front,A,12250.0,69.94930274392271,True,3,3,1454.3535432327708,326.42342657199316,326.4233968964148,326.42345534398,0.16157016557399873,0.16156136550096178,0.16157924201553042,329.7949833657021,895.9619878964312
front,B,12250.0,69.94930274392271,False,1,3,1454.3535432327708,,,,,,,61.0817483981034,1193.4157574595615
front,C,12250.0,69.94930274392271,False,0,3,1454.3535432327708,,,,,,,-476.34472153709396,1788.3232965858224
front,D,12250.0,69.94930274392271,False,0,3,1454.3535432327708,,,,,,,-1551.1976614074888,2978.1383748383437
front,E,12250.0,69.94930274392271,False,0,3,1454.3535432327708,,,,,,,-3700.9035411482782,5357.768531343387
front,F,12250.0,69.94930274392271,False,0,3,1454.3535432327708,,,,,,,-8000.315300629857,10117.028844353474
front,G,12250.0,69.94930274392271,False,0,3,1454.3535432327708,,,,,,,-16599.138819593016,19635.549470373644
front,H,12250.0,69.94930274392271,False,0,3,1454.3535432327708,,,,,,,-33796.78585751933,38672.59072241399
front,A,12500.0,71.37683953461502,True,3,3,1454.3535432327708,326.42060537230003,326.42057530581485,326.42063437867455,0.16243304527156685,0.16242417350978977,0.1624422412741522,329.11343664603817,896.7978445461097
front,B,12500.0,71.37683953461502,False,1,3,1454.3535432327708,,,,,,,59.7186549587756,1195.0874707589185
front,C,12500.0,71.37683953461502,False,0,3,1454.3535432327708,,,,,,,-479.07090841574956,1791.666723184536
front,D,12500.0,71.37683953461502,False,0,3,1454.3535432327708,,,,,,,-1556.6500351648,2984.825228035771
front,E,12500.0,71.37683953461502,False,0,3,1454.3535432327708,,,,,,,-3711.808288662901,5371.142237738241
front,F,12500.0,71.37683953461502,False,0,3,1454.3535432327708,,,,,,,-8022.124795659102,10143.776257143183
front,G,12500.0,71.37683953461502,False,0,3,1454.3535432327708,,,,,,,-16642.757809651506,19689.044295953063
front,H,12500.0,71.37683953461502,False,0,3,1454.3535432327708,,,,,,,-33884.02383763631,38779.580373572826
front,A,12750.0,72.80437632530732,True,3,3,1454.3535432327708,326.4177677710547,326.41773731281444,326.41779701456784,0.16330094147561924,0.1632919971836566,0.16331025729867665,328.416838567859,897.6094529685416
front,B,12750.0,72.80437632530732,False,1,3,1454.3535432327708,,,,,,,58.32545880241715,1196.7106876037824
front,C,12750.0,72.80437632530732,False,0,3,1454.3535432327708,,,,,,,-481.85730072846644,1794.913156874264
front,D,12750.0,72.80437632530732,False,0,3,1454.3535432327708,,,,,,,-1562.2228197902339,2991.3180954152267
front,E,12750.0,72.80437632530732,False,0,3,1454.3535432327708,,,,,,,-3722.9538579137684,5384.127972497153
front,F,12750.0,72.80437632530732,False,0,3,1454.3535432327708,,,,,,,-8044.415934160837,10169.747726661006
front,G,12750.0,72.80437632530732,False,0,3,1454.3535432327708,,,,,,,-16687.340086654975,19740.98723498871
front,H,12750.0,72.80437632530732,False,0,3,1454.3535432327708,,,,,,,-33973.18839164325,38883.46625164412
front,A,13000.0,74.23191311599962,True,3,3,1454.3535432327708,326.4149148615544,326.4148840108351,326.41494434499384,0.16417351979502262,0.16416450212023426,0.16418295565997498,327.7338912242814,898.3975993783058
front,B,13000.0,74.23191311599962,False,1,3,1454.3535432327708,,,,,,,56.95956411526213,1198.286980423311
front,C,13000.0,74.23191311599962,False,0,3,1454.3535432327708,,,,,,,-484.5890901027765,1798.065742513321
front,D,13000.0,74.23191311599962,False,0,3,1454.3535432327708,,,,,,,-1567.6863985388538,2997.6232666933415
front,E,13000.0,74.23191311599962,False,0,3,1454.3535432327708,,,,,,,-3733.8810154110083,5396.738315053382
front,F,13000.0,74.23191311599962,False,0,3,1454.3535432327708,,,,,,,-8066.270249155317,10194.968411773465
front,G,13000.0,74.23191311599962,False,0,3,1454.3535432327708,,,,,,,-16731.048716643938,19791.428605213627
front,H,13000.0,74.23191311599962,False,0,3,1454.3535432327708,,,,,,,-34060.605651621176,38984.348992093954
front,A,13250.0,75.65944990669192,True,3,3,1454.3535432327708,326.4120476537572,326.41201640995223,326.4120773799426,0.16505047132846137,0.1650413794084704,0.16506002742087134,327.0641096999752,899.1630355122719
front,B,13250.0,75.65944990669192,False,1,3,1454.3535432327708,,,,,,,55.62000106664956,1199.817852691243
front,C,13250.0,75.65944990669192,False,0,3,1454.3535432327708,,,,,,,-487.26821620000163,1801.1274870491854
front,D,13250.0,75.65944990669192,False,0,3,1454.3535432327708,,,,,,,-1573.0446507333043,3003.74675576507
front,E,13250.0,75.65944990669192,False,0,3,1454.3535432327708,,,,,,,-3744.597519799909,5408.985293196839
front,F,13250.0,75.65944990669192,False,0,3,1454.3535432327708,,,,,,,-8087.703257933119,10219.462368060378
front,G,13250.0,75.65944990669192,False,0,3,1454.3535432327708,,,,,,,-16773.914734199538,19840.416517787453
front,H,13250.0,75.65944990669192,False,0,3,1454.3535432327708,,,,,,,-34146.337686732375,39082.324817241606
front,A,13500.0,77.08698669738422,True,3,3,1454.3535432327708,326.4091670817035,326.40913544431663,326.4091970534827,0.16593151039444218,0.16592234335821576,0.16594118686608095,326.4070508922584,899.9064805750511
front,B,13500.0,77.08698669738422,False,1,3,1454.3535432327708,,,,,,,54.30588345121598,1201.3047428168013
front,C,13500.0,77.08698669738422,False,0,3,1454.3535432327708,,,,,,,-489.8964514308688,1804.101267300302
front,D,13500.0,77.08698669738422,False,0,3,1454.3535432327708,,,,,,,-1578.3011211950384,3009.6943162673033
front,E,13500.0,77.08698669738422,False,0,3,1454.3535432327708,,,,,,,-3755.1104607233774,5420.880414201306
front,F,13500.0,77.08698669738422,False,0,3,1454.3535432327708,,,,,,,-8108.729139780055,10243.252610069312
front,G,13500.0,77.08698669738422,False,0,3,1454.3535432327708,,,,,,,-16815.966497893412,19887.99700180532
front,H,13500.0,77.08698669738422,False,0,3,1454.3535432327708,,,,,,,-34230.441214120125,39177.48578527734
front,A,13750.0,78.51452348807652,True,3,3,1454.3535432327708,326.4062740101706,326.40624197880817,326.406304230417,0.1668163724960444,0.16680712946474108,0.16682616946730455,325.76231006136356,900.6286230921079
front,B,13750.0,78.51452348807652,False,1,3,1454.3535432327708,,,,,,,53.01640178942631,1202.7490278509151
front,C,13750.0,78.51452348807652,False,0,3,1454.3535432327708,,,,,,,-492.47541475444814,1806.9898373685292
front,D,13750.0,78.51452348807652,False,0,3,1454.3535432327708,,,,,,,-1583.4590478421972,3015.4714564037577
front,E,13750.0,78.51452348807652,False,0,3,1454.3535432327708,,,,,,,-3765.426314017695,5432.434694474215
front,F,13750.0,78.51452348807652,False,0,3,1454.3535432327708,,,,,,,-8129.3608463686905,10266.36117061513
front,G,13750.0,78.51452348807652,False,0,3,1454.3535432327708,,,,,,,-16857.22991107068,19934.214122896956
front,H,13750.0,78.51452348807652,False,0,3,1454.3535432327708,,,,,,,-34312.96804047466,39269.92002746061
front,A,14000.0,79.9420602787688,True,3,3,1454.3535432327708,326.4033692406501,326.40333681501374,326.40339971226086,0.16770481249253807,0.16769549258002225,0.16771473005466886,325.12951765101104,901.3301226704435
front,B,14000.0,79.9420602787688,False,1,3,1454.3535432327708,,,,,,,51.75081696872132,1204.1520270075864
front,C,14000.0,79.9420602787688,False,0,3,1454.3535432327708,,,,,,,-495.0065843958581,1809.795835681872
front,D,14000.0,79.9420602787688,False,0,3,1454.3535432327708,,,,,,,-1588.521387125017,3021.0834530304433
front,E,14000.0,79.9420602787688,False,0,3,1454.3535432327708,,,,,,,-3775.550992583335,5443.658687727586
front,F,14000.0,79.9420602787688,False,0,3,1454.3535432327708,,,,,,,-8149.61020349997,10288.809157121872
front,G,14000.0,79.9420602787688,False,0,3,1454.3535432327708,,,,,,,-16897.728625333242,19979.11009591044
front,H,14000.0,79.9420602787688,False,0,3,1454.3535432327708,,,,,,,-34393.965468999784,39359.71197348758
front,A,14250.0,81.36959706946111,True,3,3,1454.3535432327708,326.40045351672785,326.40042069660683,326.4004842426229,0.16859660295402978,0.16858720526725657,0.16860664117152036,324.50833635339546,902.011611667392
front,B,14250.0,81.36959706946111,False,1,3,1454.3535432327708,,,,,,,50.50845437349016,1205.5150050014831
front,C,14250.0,81.36959706946111,False,0,3,1454.3535432327708,,,,,,,-497.4913095863204,1812.5217916696656
front,D,14250.0,81.36959706946111,False,0,3,1454.3535432327708,,,,,,,-1593.4908375059417,3026.53536500603
front,E,14250.0,81.36959706946111,False,0,3,1454.3535432327708,,,,,,,-3785.489893345184,5454.56251167876
front,F,14250.0,81.36959706946111,False,0,3,1454.3535432327708,,,,,,,-8169.488005023669,10310.61680502422
front,G,14250.0,81.36959706946111,False,0,3,1454.3535432327708,,,,,,,-16937.48422838064,20022.725391715136
front,H,14250.0,81.36959706946111,False,0,3,1454.3535432327708,,,,,,,-34473.47667509458,39446.94256509697
front,A,14500.0,82.79713386015341,True,3,3,1454.3535432327708,326.397527528934,326.39749431419665,326.39755851205547,0.1694915326780344,0.16948205631713842,0.16950169159113404,323.89845839620864,902.6736967686502
front,B,14500.0,82.79713386015341,False,1,3,1454.3535432327708,,,,,,,49.28869845911646,1206.8391752039997
front,C,14500.0,82.79713386015341,False,0,3,1454.3535432327708,,,,,,,-499.93082141506784,1815.1701320746988
front,D,14500.0,82.79713386015341,False,0,3,1454.3535432327708,,,,,,,-1598.3698611634366,3031.8320458160965
front,E,14500.0,82.79713386015341,False,0,3,1454.3535432327708,,,,,,,-3795.2479406601738,5465.155873298892
front,F,14500.0,82.79713386015341,False,0,3,1454.3535432327708,,,,,,,-8189.004099653648,10331.803528264485
front,G,14500.0,82.79713386015341,False,0,3,1454.3535432327708,,,,,,,-16976.516417640596,20065.098838195667
front,H,14500.0,82.79713386015341,False,0,3,1454.3535432327708,,,,,,,-34551.54105361449,39531.689458058034
front,A,14750.0,84.22467065084571,True,3,3,1454.3535432327708,326.3945919191225,326.3945583097088,326.39462316243464,0.17038940534993552,0.17037984940825313,0.1703996849769962,323.29960303223015,903.316960477223
front,B,14750.0,84.22467065084571,False,1,3,1454.3535432327708,,,,,,,48.09098773115952,1208.1257026211451
front,C,14750.0,84.22467065084571,False,0,3,1454.3535432327708,,,,,,,-502.32624287098173,1817.7431869089896
front,D,14750.0,84.22467065084571,False,0,3,1454.3535432327708,,,,,,,-1603.1607040752642,3036.9781554846786
front,E,14750.0,84.22467065084571,False,0,3,1454.3535432327708,,,,,,,-3804.829626483829,5475.448092636057
front,F,14750.0,84.22467065084571,False,0,3,1454.3535432327708,,,,,,,-8208.16747130096,10352.387966938813
front,G,14750.0,84.22467065084571,False,0,3,1454.3535432327708,,,,,,,-17014.84316093522,20106.267715544323
front,H,14750.0,84.22467065084571,False,0,3,1454.3535432327708,,,,,,,-34628.19454020374,39614.02721275535
front,A,15000.0,85.65220744153801,True,3,3,1454.3535432327708,326.3916472844325,326.391613280346,326.39167879092264,0.17129003833138054,0.1712804018952352,0.17130043867132905,322.71151421444296,903.9419625154173
front,B,15000.0,85.65220744153801,False,1,3,1454.3535432327708,,,,,,,46.914810095585196,1209.3757066975338
front,C,15000.0,85.65220744153801,False,0,3,1454.3535432327708,,,,,,,-504.67859814213034,1820.243195061767
front,D,15000.0,85.65220744153801,False,0,3,1454.3535432327708,,,,,,,-1607.8654146175616,3041.978171790233
front,E,15000.0,85.65220744153801,False,0,3,1454.3535432327708,,,,,,,-3814.2390475684238,5485.448125247165
front,F,15000.0,85.65220744153801,False,0,3,1454.3535432327708,,,,,,,-8226.986313470148,10372.38803216103
front,G,15000.0,85.65220744153801,False,0,3,1454.3535432327708,,,,,,,-17052.4808452736,20146.267845988757
front,H,15000.0,85.65220744153801,False,0,3,1454.3535432327708,,,,,,,-34703.4699088805,39694.027473644215
front,A,15250.0,87.07974423223031,True,3,3,1454.3535432327708,326.38869418087734,326.38865978217706,326.3887259535568,0.17219326156255876,0.17218354371094646,0.1722037825973466,322.1339584416626,904.5492411424524
front,B,15250.0,87.07974423223031,False,1,3,1454.3535432327708,,,,,,,45.75969855002451,1210.590263951604
front,C,15250.0,87.07974423223031,False,0,3,1454.3535432327708,,,,,,,-506.9888212332517,1822.6723095699072
front,D,15250.0,87.07974423223031,False,0,3,1454.3535432327708,,,,,,,-1612.4858607998044,3046.836400806513
front,E,15250.0,87.07974423223031,False,0,3,1454.3535432327708,,,,,,,-3823.4799399329095,5495.164583279726
front,F,15250.0,87.07974423223031,False,0,3,1454.3535432327708,,,,,,,-8245.468098199119,10391.820948226152
front,G,15250.0,87.07974423223031,False,0,3,1454.3535432327708,,,,,,,-17089.44441473154,20185.133678119
front,H,15250.0,87.07974423223031,False,0,3,1454.3535432327708,,,,,,,-34777.39704779638,39771.7591379047
front,A,15500.0,88.50728102292261,True,3,3,1454.3535432327708,326.38573312660105,326.38569833339346,326.38576516850605,0.17309891656627588,0.17308911637049507,0.17310955826331798,321.5667227613733,905.1393143905723
front,B,15500.0,88.50728102292261,False,1,3,1454.3535432327708,,,,,,,44.62522718944578,1211.770410447844
front,C,15500.0,88.50728102292261,False,0,3,1454.3535432327708,,,,,,,-509.2577639544092,1825.0326025623865
front,D,15500.0,88.50728102292261,False,0,3,1454.3535432327708,,,,,,,-1617.0237462421194,3051.5569867914724
front,E,15500.0,88.50728102292261,False,0,3,1454.3535432327708,,,,,,,-3832.5557108175394,5504.605755249644
front,F,15500.0,88.50728102292261,False,0,3,1454.3535432327708,,,,,,,-8263.619639968378,10410.703292165988
front,G,15500.0,88.50728102292261,False,0,3,1454.3535432327708,,,,,,,-17125.74749827006,20222.898365998673
front,H,15500.0,88.50728102292261,False,0,3,1454.3535432327708,,,,,,,-34850.00321487342,39847.28851366405
front,A,15750.0,89.93481781361491,True,3,3,1454.3535432327708,326.3827646048363,326.3827294172679,326.38279691903017,0.17400685554305184,0.1739969720662149,0.1740176178575692,321.0096129179016,905.7126812228237
front,B,15750.0,89.93481781361491,False,1,3,1454.3535432327708,,,,,,,43.51100750250253,1212.9171441123465
front,C,15750.0,89.93481781361491,False,0,3,1454.3535432327708,,,,,,,-511.4862033282957,1827.3260698913923
front,D,15750.0,89.93481781361491,False,0,3,1454.3535432327708,,,,,,,-1621.4806249898922,3056.1439214494835
front,E,15750.0,89.93481781361491,False,0,3,1454.3535432327708,,,,,,,-3841.469468313085,5513.779624565666
front,F,15750.0,89.93481781361491,False,0,3,1454.3535432327708,,,,,,,-8281.447154959471,10429.051030798033
front,G,15750.0,89.93481781361491,False,0,3,1454.3535432327708,,,,,,,-17161.402528252245,20259.593843262763
front,H,15750.0,89.93481781361491,False,0,3,1454.3535432327708,,,,,,,-34921.31327483779,39920.679468192226
front,A,16000.0,91.36235460430721,True,3,3,1454.3535432327708,326.3797890665975,326.3797534848466,326.3798216561718,0.17491694054767212,0.17490697284415768,0.17492782342507507,320.4624516352798,906.2698226158634
front,B,16000.0,91.36235460430721,False,1,3,1454.3535432327708,,,,,,,42.416684937258836,1214.031426898426
front,C,16000.0,91.36235460430721,False,0,3,1454.3535432327708,,,,,,,-513.6748484587831,1829.5546354635512
front,D,16000.0,91.36235460430721,False,0,3,1454.3535432327708,,,,,,,-1625.857915250867,3060.601052593802
front,E,16000.0,91.36235460430721,False,0,3,1454.3535432327708,,,,,,,-3850.224048835035,5522.693886854303
front,F,16000.0,91.36235460430721,False,0,3,1454.3535432327708,,,,,,,-8298.956316003369,10446.879555375306
front,G,16000.0,91.36235460430721,False,0,3,1454.3535432327708,,,,,,,-17196.42085034004,20295.25089241731
front,H,16000.0,91.36235460430721,False,0,3,1454.3535432327708,,,,,,,-34991.34991901338,39991.99356650132
front,A,16250.0,92.78989139499951,True,3,3,1454.3535432327708,326.37680693313285,326.37677095740264,326.37683980121005,0.17582904273894343,0.1758189898538043,0.17584004611715942,319.9250770251906,906.811202571304
front,B,16250.0,92.78989139499951,False,1,3,1454.3535432327708,,,,,,,41.34193571708039,1215.114186809307
front,C,16250.0,92.78989139499951,False,0,3,1454.3535432327708,,,,,,,-515.82434689914,1831.7201552853132
front,D,16250.0,92.78989139499951,False,0,3,1454.3535432327708,,,,,,,-1630.1569121315808,3064.932092237326
front,E,16250.0,92.78989139499951,False,0,3,1454.3535432327708,,,,,,,-3858.8220425964623,5531.355966141351
front,F,16250.0,92.78989139499951,False,0,3,1454.3535432327708,,,,,,,-8316.152303526225,10464.203713949402
front,G,16250.0,92.78989139499951,False,0,3,1454.3535432327708,,,,,,,-17230.81282538575,20329.8992095655
front,H,16250.0,92.78989139499951,False,0,3,1454.3535432327708,,,,,,,-35060.1338691048,40061.2902007977
front,A,16500.0,94.21742818569182,True,3,3,1454.3535432327708,326.3738185981636,326.37378222867403,326.3738517478983,0.17674304169511176,0.17673290266343455,0.17675416550682055,319.39734111128234,907.3372690591916
front,B,16500.0,94.21742818569182,False,1,3,1454.3535432327708,,,,,,,40.28646388926392,1216.1663197850826
front,C,16500.0,94.21742818569182,False,0,3,1454.3535432327708,,,,,,,-517.9352905547729,1833.8244212368645
front,D,16500.0,94.21742818569182,False,0,3,1454.3535432327708,,,,,,,-1634.3787994428467,3069.140624140428
front,E,16500.0,94.21742818569182,False,0,3,1454.3535432327708,,,,,,,-3867.265817218994,5539.773029947555
front,F,16500.0,94.21742818569182,False,0,3,1454.3535432327708,,,,,,,-8333.039852771288,10481.03784156181
front,G,16500.0,94.21742818569182,False,0,3,1454.3535432327708,,,,,,,-17264.58792387588,20363.567464790318
front,H,16500.0,94.21742818569182,False,0,3,1454.3535432327708,,,,,,,-35127.68406608506,40128.626711247336
front,A,16750.0,95.64496497638412,True,3,3,1454.3535432327708,326.3708244299274,326.37078766690854,326.3708578645091,0.17765882478856243,0.17764859863482751,0.1776700689633981,318.8791084619095,907.8484548972563
front,B,16750.0,95.64496497638412,False,1,3,1454.3535432327708,,,,,,,39.249998590518146,1217.1886914612119
front,C,16750.0,95.64496497638412,False,0,3,1454.3535432327708,,,,,,,-520.0082211522645,1835.869164589123
front,D,16750.0,95.64496497638412,False,0,3,1454.3535432327708,,,,,,,-1638.5246606378298,3073.230110844945
front,E,16750.0,95.64496497638412,False,0,3,1454.3535432327708,,,,,,,-3875.5575396089603,5547.95200335659
front,F,16750.0,95.64496497638412,False,0,3,1454.3535432327708,,,,,,,-8349.62329755122,10497.39578837988
front,G,16750.0,95.64496497638412,False,0,3,1454.3535432327708,,,,,,,-17297.754813435742,20396.283358426455
front,H,16750.0,95.64496497638412,False,0,3,1454.3535432327708,,,,,,,-35194.017845204784,40194.05849851961
front,A,17000.0,97.07250176707642,True,3,3,1454.3535432327708,326.36782477304934,326.36778761673423,326.3678584957042,0.17857628661381852,0.17856597235131888,0.17858765108049734,318.37025492402563,908.3451785695693
front,B,17000.0,97.07250176707642,False,1,3,1454.3535432327708,,,,,,,38.23229151475049,1218.182138805838
front,C,17000.0,97.07250176707642,False,0,3,1454.3535432327708,,,,,,,-522.0436353037998,1837.856059278375
front,D,17000.0,97.07250176707642,False,0,3,1454.3535432327708,,,,,,,-1642.5954889409004,3077.2039002234487
front,E,17000.0,97.07250176707642,False,0,3,1454.3535432327708,,,,,,,-3883.6991962151014,5555.899582113597
front,F,17000.0,97.07250176707642,False,0,3,1454.3535432327708,,,,,,,-8365.906610763503,10513.290945893894
front,G,17000.0,97.07250176707642,False,0,3,1454.3535432327708,,,,,,,-17330.32143986031,20428.073673454484
front,H,17000.0,97.07250176707642,False,0,3,1454.3535432327708,,,,,,,-35259.15109805392,40257.63912857567
front,A,17250.0,98.50003855776872,True,3,3,1454.3535432327708,326.36481995025406,326.36478240087195,326.36485396424723,0.17949532846373017,0.17948492509376468,0.17950681315216377,317.87066645154306,908.8278449882059
front,B,17250.0,98.50003855776872,False,1,3,1454.3535432327708,,,,,,,37.23311456978532,1219.1474716431112
front,C,17250.0,98.50003855776872,False,0,3,1454.3535432327708,,,,,,,-524.0419891937302,1839.786724952922
front,D,17250.0,98.50003855776872,False,0,3,1454.3535432327708,,,,,,,-1646.5921967207612,3081.065231572543
front,E,17250.0,98.50003855776872,False,0,3,1454.3535432327708,,,,,,,-3891.692611774823,5563.622244811785
front,F,17250.0,98.50003855776872,False,0,3,1454.3535432327708,,,,,,,-8381.893441882945,10528.73627129027
front,G,17250.0,98.50003855776872,False,0,3,1454.3535432327708,,,,,,,-17362.295102099193,20458.964324247238
front,H,17250.0,98.50003855776872,False,0,3,1454.3535432327708,,,,,,,-35323.098422531686,40319.420430161175
front,A,17500.0,99.92757534846102,True,3,3,1454.3535432327708,326.36181026393615,326.3617723217058,326.36184457257383,0.18041585784921801,0.18040536436060295,0.18042746269248955,317.3802380219827,909.2968462014511
front,B,17500.0,99.92757534846102,False,1,3,1454.3535432327708,,,,,,,36.252257710664615,1220.0854740696016
front,C,17500.0,99.92757534846102,False,0,3,1454.3535432327708,,,,,,,-526.0037029119716,1841.662729805902
front,D,17500.0,99.92757534846102,False,0,3,1454.3535432327708,,,,,,,-1650.515624157244,3084.8172412785034
front,E,17500.0,99.92757534846102,False,0,3,1454.3535432327708,,,,,,,-3899.5394666477887,5571.126264223706
front,F,17500.0,99.92757534846102,False,0,3,1454.3535432327708,,,,,,,-8397.587151628877,10543.744310114113
front,G,17500.0,99.92757534846102,False,0,3,1454.3535432327708,,,,,,,-17393.682521591058,20488.98040189492
front,H,17500.0,99.92757534846102,False,0,3,1454.3535432327708,,,,,,,-35385.873261515415,40379.45258545654
front,A,17750.0,101.35511213915332,True,3,3,1454.3535432327708,326.35879599760153,326.35875766272517,326.3588306042327,0.18133778805843326,0.18132720342681763,0.1813495129946885,316.898872635699,909.7525620519853
front,B,17750.0,101.35511213915332,False,1,3,1454.3535432327708,,,,,,,35.28952693809722,1220.9969057706696
front,C,17750.0,101.35511213915332,False,0,3,1454.3535432327708,,,,,,,-527.9291644571064,1843.4855932080388
front,D,17750.0,101.35511213915332,False,0,3,1454.3535432327708,,,,,,,-1654.3665472475136,3088.4629680827766
front,E,17750.0,101.35511213915332,False,0,3,1454.3535432327708,,,,,,,-3907.241312828328,5578.4177178322525
front,F,17750.0,101.35511213915332,False,0,3,1454.3535432327708,,,,,,,-8412.990843989955,10558.327217331205
front,G,17750.0,101.35511213915332,False,0,3,1454.3535432327708,,,,,,,-17424.489906313214,20518.146216329107
front,H,17750.0,101.35511213915332,False,0,3,1454.3535432327708,,,,,,,-35447.48803095973,40437.784214324915
front,A,18000.0,102.78264892984562,True,3,3,1454.3535432327708,326.35577741719146,326.3557386898484,326.3558123252103,0.18226103775174826,0.18225036093902913,0.18227288272611997,316.4264803923697,910.2769371816435
front,B,18000.0,102.78264892984562,False,0,3,1454.3535432327708,,,,,,,34.34474245143859,1222.045656029986
front,C,18000.0,102.78264892984562,False,0,3,1454.3535432327708,,,,,,,-529.8187334304235,1845.5830937266712
front,D,18000.0,102.78264892984562,False,0,3,1454.3535432327708,,,,,,,-1658.145685194148,3092.657969120042
front,E,18000.0,102.78264892984562,False,0,3,1454.3535432327708,,,,,,,-3914.7995887215966,5586.807719906783
front,F,18000.0,102.78264892984562,False,0,3,1454.3535432327708,,,,,,,-8428.107395776493,10575.107221480266
front,G,18000.0,102.78264892984562,False,0,3,1454.3535432327708,,,,,,,-17454.72300988629,20551.70622462723
front,H,18000.0,102.78264892984562,False,0,3,1454.3535432327708,,,,,,,-35507.95423810588,40504.90423092116
front,A,18250.0,104.21018572053792,True,3,3,1454.3535432327708,326.352754772301,326.3527156526423,326.35278998514843,0.18318553058909912,0.18317476054287019,0.18319749555540943,315.9629776397986,910.9524578327099
front,B,18250.0,104.21018572053792,False,0,3,1454.3535432327708,,,,,,,33.41773694629647,1223.396697332119
front,C,18250.0,104.21018572053792,False,0,3,1454.3535432327708,,,,,,,-531.6727444407078,1848.2851763309372
front,D,18250.0,104.21018572053792,False,0,3,1454.3535432327708,,,,,,,-1661.8537072147165,3098.0621343285734
front,E,18250.0,104.21018572053792,False,0,3,1454.3535432327708,,,,,,,-3922.2156327627335,5597.616050323846
front,F,18250.0,104.21018572053792,False,0,3,1454.3535432327708,,,,,,,-8442.939483858767,10596.723882314393
front,G,18250.0,104.21018572053792,False,0,3,1454.3535432327708,,,,,,,-17484.387186050837,20594.93954629548
front,H,18250.0,104.21018572053792,False,0,3,1454.3535432327708,,,,,,,-35567.282590434974,40591.370874257664
front,A,18500.0,105.63772251123022,True,3,3,1454.3535432327708,326.3497282973007,326.3496887854432,326.3497638184661,0.18411119488693783,0.18410033053993802,0.1841232798094561,315.5082861904172,911.6140597485361
front,B,18500.0,105.63772251123022,False,0,3,1454.3535432327708,,,,,,,32.508354047533665,1224.7199011637715
front,C,18500.0,105.63772251123022,False,0,3,1454.3535432327708,,,,,,,-533.4915102382334,1850.9315839942421
front,D,18500.0,105.63772251123022,False,0,3,1454.3535432327708,,,,,,,-1665.4912388097678,3103.3549496551836
front,E,18500.0,105.63772251123022,False,0,3,1454.3535432327708,,,,,,,-3929.490695952836,5608.201680977067
front,F,18500.0,105.63772251123022,False,0,3,1454.3535432327708,,,,,,,-8457.489610238972,10617.895143620834
front,G,18500.0,105.63772251123022,False,0,3,1454.3535432327708,,,,,,,-17513.487438811248,20637.282068908364
front,H,18500.0,105.63772251123022,False,0,3,1454.3535432327708,,,,,,,-35625.483095955795,40676.05591948343
front,A,18750.0,107.06525930192252,True,3,3,1454.3535432327708,326.34669821237077,326.34665830839185,326.3467340453934,0.18503796330200015,0.18502700357166946,0.18505016815700825,315.06233260115897,912.2619840790406
front,B,18750.0,107.06525930192252,False,0,3,1454.3535432327708,,,,,,,31.616446869017135,1226.0157498247804
front,C,18750.0,107.06525930192252,False,0,3,1454.3535432327708,,,,,,,-535.2753245952665,1853.5232813162602
front,D,18750.0,107.06525930192252,False,0,3,1454.3535432327708,,,,,,,-1669.058867523834,3108.5383442992197
front,E,18750.0,107.06525930192252,False,0,3,1454.3535432327708,,,,,,,-3936.6259533809684,5618.568470265139
front,F,18750.0,107.06525930192252,False,0,3,1454.3535432327708,,,,,,,-8471.760125095236,10638.628722196978
front,G,18750.0,107.06525930192252,False,0,3,1454.3535432327708,,,,,,,-17542.028468523775,20678.749226060652
front,H,18750.0,107.06525930192252,False,0,3,1454.3535432327708,,,,,,,-35682.56515538085,40758.990233788005
front,A,19000.0,108.49279609261482,True,3,3,1454.3535432327708,326.3436647244543,326.34362442838733,326.3437008729253,0.18596577253945737,0.1859547163275077,0.18597809731680792,314.62504751265794,912.8964655793254
front,B,19000.0,108.49279609261482,False,0,3,1454.3535432327708,,,,,,,30.741876692015165,1227.28471282535
front,C,19000.0,108.49279609261482,False,0,3,1454.3535432327708,,,,,,,-537.0244649492704,1856.061207317399
front,D,19000.0,108.49279609261482,False,0,3,1454.3535432327708,,,,,,,-1672.5571482318417,3113.6141963014975
front,E,19000.0,108.49279609261482,False,0,3,1454.3535432327708,,,,,,,-3943.622514796984,5628.720174269694
front,F,19000.0,108.49279609261482,False,0,3,1454.3535432327708,,,,,,,-8485.753247927269,10658.932130206089
front,G,19000.0,108.49279609261482,False,0,3,1454.3535432327708,,,,,,,-17570.01471418784,20719.356042078874
front,H,19000.0,108.49279609261482,False,0,3,1454.3535432327708,,,,,,,-35738.53764670898,40840.20386582445
front,A,19250.0,109.92033288330713,True,3,3,1454.3535432327708,326.34062802813924,326.34058733996824,326.3406644957022,0.1868945630835913,0.18688340927558444,0.18690700778813962,314.08926199514457,913.5177331035725
front,B,19250.0,109.92033288330713,False,0,3,1454.3535432327708,,,,,,,29.67030565698839,1228.527247873844
front,C,19250.0,109.92033288330713,False,0,3,1454.3535432327708,,,,,,,-539.167607019324,1858.5462774143875
front,D,19250.0,109.92033288330713,False,0,3,1454.3535432327708,,,,,,,-1676.843432371949,3118.5843364954744
front,E,19250.0,109.92033288330713,False,0,3,1454.3535432327708,,,,,,,-3952.1950830771984,5638.660454657648
front,F,19250.0,109.92033288330713,False,0,3,1454.3535432327708,,,,,,,-8502.898384487697,10678.812690981997
front,G,19250.0,109.92033288330713,False,0,3,1454.3535432327708,,,,,,,-17604.304987308697,20759.11716363069
front,H,19250.0,109.92033288330713,False,0,3,1454.3535432327708,,,,,,,-35807.11819295069,40919.72610892808
front,A,19500.0,111.34786967399941,True,3,3,1454.3535432327708,326.3375883064719,326.33754722612736,326.3376250968244,0.18782427894859696,0.18781302641361908,0.18783684360162978,313.10440958028886,914.1260100499081
front,B,19500.0,111.34786967399941,False,0,3,1454.3535432327708,,,,,,,27.70060082727699,1229.7438017665154
front,C,19500.0,111.34786967399941,False,0,3,1454.3535432327708,,,,,,,-543.1070166787467,1860.97938519973
front,D,19500.0,111.34786967399941,False,0,3,1454.3535432327708,,,,,,,-1684.7222516907943,3123.450552066159
front,E,19500.0,111.34786967399941,False,0,3,1454.3535432327708,,,,,,,-3967.9527217148893,5648.392885799018
front,F,19500.0,111.34786967399941,False,0,3,1454.3535432327708,,,,,,,-8534.41366176308,10698.277553264736
front,G,19500.0,111.34786967399941,False,0,3,1454.3535432327708,,,,,,,-17667.335541859462,20798.046888196168
front,H,19500.0,111.34786967399941,False,0,3,1454.3535432327708,,,,,,,-35933.179302052224,40997.585558059036
front,A,19750.0,112.77540646469171,True,3,3,1454.3535432327708,326.33454573171105,326.3345042590656,326.33458284860535,0.18875486744822645,0.18874351503861408,0.18876755208868667,312.1273247968594,914.7215147608662
front,B,19750.0,112.77540646469171,False,0,3,1454.3535432327708,,,,,,,25.746431260417985,1230.9348111884315
front,C,19750.0,112.77540646469171,False,0,3,1454.3535432327708,,,,,,,-547.0153558124648,1863.3614040435625
front,D,19750.0,112.77540646469171,False,0,3,1454.3535432327708,,,,,,,-1692.5389299582305,3128.2145897538244
front,E,19750.0,112.77540646469171,False,0,3,1454.3535432327708,,,,,,,-3983.5860782497616,5657.920961174348
front,F,19750.0,112.77540646469171,False,0,3,1454.3535432327708,,,,,,,-8565.680374832822,10717.333704015397
front,G,19750.0,112.77540646469171,False,0,3,1454.3535432327708,,,,,,,-17729.868967998947,20836.15918969749
front,H,19750.0,112.77540646469171,False,0,3,1454.3535432327708,,,,,,,-36058.246154331195,41073.81016106168
front,A,20000.0,114.20294325538401,True,3,3,1454.3535432327708,326.33150046602503,326.33145860088956,326.33153791326896,0.18968627898237056,0.18967482553347015,0.1896990836680823,311.1580076989275,915.3044608836694
front,B,20000.0,114.20294325538401,False,0,3,1454.3535432327708,,,,,,,23.807797064554258,1232.100703434038
front,C,20000.0,114.20294325538401,False,0,3,1454.3535432327708,,,,,,,-550.8926242041922,1865.6931885347756
front,D,20000.0,114.20294325538401,False,0,3,1454.3535432327708,,,,,,,-1700.2934667416853,3132.8781587362505
front,E,20000.0,114.20294325538401,False,0,3,1454.3535432327708,,,,,,,-3999.095151816671,5667.2480991392
front,F,20000.0,114.20294325538401,False,0,3,1454.3535432327708,,,,,,,-8596.698521966642,10735.987979945101
front,G,20000.0,114.20294325538401,False,0,3,1454.3535432327708,,,,,,,-17791.905262266588,20873.4677415569
front,H,20000.0,114.20294325538401,False,0,3,1454.3535432327708,,,,,,,-36182.318742866475,41148.4272647805
front,A,20250.0,115.63048004607631,True,3,3,1454.3535432327708,326.3284526621384,326.3284104042583,326.32849044359597,0.1906184668393577,0.19060691116933315,0.19063139164822163,310.1964559233837,915.8750576941832
front,B,20250.0,115.63048004607631,False,0,3,1454.3535432327708,,,,,,,21.884693513466665,1233.2418970550655
front,C,20250.0,115.63048004607631,False,0,3,1454.3535432327708,,,,,,,-554.7388313063674,1867.9755757768305
front,D,20250.0,115.63048004607631,False,0,3,1454.3535432327708,,,,,,,-1707.9858809460356,3137.4429332203604
front,E,20250.0,115.63048004607631,False,0,3,1454.3535432327708,,,,,,,-4014.479980225372,5676.37764810742
front,F,20250.0,115.63048004607631,False,0,3,1454.3535432327708,,,,,,,-8627.468178784044,10754.24707788154
front,G,20250.0,115.63048004607631,False,0,3,1454.3535432327708,,,,,,,-17853.44457590139,20909.985937429778
front,H,20250.0,115.63048004607631,False,0,3,1454.3535432327708,,,,,,,-36305.39737013608,41221.463656526255
front,A,20500.0,117.05801683676862,True,3,3,1454.3535432327708,326.3254024639319,326.32535981298366,326.3254405835237,0.19155138701245264,0.19153972792219642,0.19156443204338958,309.2426647438852,916.4335103880361
front,B,20500.0,117.05801683676862,False,0,3,1454.3535432327708,,,,,,,19.97711115446962,1234.3588024427715
front,C,20500.0,117.05801683676862,False,0,3,1454.3535432327708,,,,,,,-558.5539960243615,1870.2093865522427
front,D,20500.0,117.05801683676862,False,0,3,1454.3535432327708,,,,,,,-1715.6162103820238,3141.9105547711843
front,E,20500.0,117.05801683676862,False,0,3,1454.3535432327708,,,,,,,-4029.7406390973483,5685.312891209068
front,F,20500.0,117.05801683676862,False,0,3,1454.3535432327708,,,,,,,-8657.989496527996,10772.117564084836
front,G,20500.0,117.05801683676862,False,0,3,1454.3535432327708,,,,,,,-17914.487211389296,20945.72690983637
front,H,20500.0,117.05801683676862,False,0,3,1454.3535432327708,,,,,,,-36427.48264111189,41292.94560133944
front,A,20750.0,118.48555362746092,True,3,3,1454.3535432327708,326.32235000699893,326.3223069625868,326.3223884687023,0.1924849980296702,0.19247323430268137,0.1924981634037315,308.0702120552927,916.980020342102
front,B,20750.0,118.48555362746092,False,0,3,1454.3535432327708,,,,,,,17.632205777284618,1235.451822350903
front,C,20750.0,118.48555362746092,False,0,3,1454.3535432327708,,,,,,,-563.2438067787315,1872.3954263685057
front,D,20750.0,118.48555362746092,False,0,3,1454.3535432327708,,,,,,,-1724.9958318907638,3146.2826344037103
front,E,20750.0,118.48555362746092,False,0,3,1454.3535432327708,,,,,,,-4048.4998821148283,5694.05705047412
front,F,20750.0,118.48555362746092,False,0,3,1454.3535432327708,,,,,,,-8695.507982562956,10789.60588261494
front,G,20750.0,118.48555362746092,False,0,3,1454.3535432327708,,,,,,,-17989.524183459216,20980.703546896577
front,H,20750.0,118.48555362746092,False,0,3,1454.3535432327708,,,,,,,-36577.55658525173,41362.898875459854
front,A,21000.0,119.91309041815322,True,3,3,1454.3535432327708,326.3192954191627,326.3192519808159,326.31933422701184,0.193419260795565,0.1934073911979417,0.19343254665674658,306.88027859280044,917.514785349232
front,B,21000.0,119.91309041815322,False,0,3,1454.3535432327708,,,,,,,15.252338852300074,1236.5213523651635
front,C,21000.0,119.91309041815322,False,0,3,1454.3535432327708,,,,,,,-568.0035406287006,1874.5344863970263
front,D,21000.0,119.91309041815322,False,0,3,1454.3535432327708,,,,,,,-1734.5152995907022,3150.5607544607515
front,E,21000.0,119.91309041815322,False,0,3,1454.3535432327708,,,,,,,-4067.538817514705,5702.613290588202
front,F,21000.0,119.91309041815322,False,0,3,1454.3535432327708,,,,,,,-8733.585853362709,10806.718362843105
front,G,21000.0,119.91309041815322,False,0,3,1454.3535432327708,,,,,,,-18065.67992505872,21014.928507352906
front,H,21000.0,119.91309041815322,False,0,3,1454.3535432327708,,,,,,,-36729.86806845074,41431.34879637251
front,A,21250.0,121.34062720884552,True,3,3,1454.3535432327708,326.31623882095704,326.316194988127,326.31627797904315,0.19435413844416013,0.19434216172462548,0.1943675449602722,305.7037105646113,918.0379998288709
front,B,21250.0,121.34062720884552,False,0,3,1454.3535432327708,,,,,,,12.899202795921793,1237.567781324441
front,C,21250.0,121.34062720884552,False,0,3,1454.3535432327708,,,,,,,-572.7098127414572,1876.6273443155815
front,D,21250.0,121.34062720884552,False,0,3,1454.3535432327708,,,,,,,-1743.9278438162153,3154.746470297862
front,E,21250.0,121.34062720884552,False,0,3,1454.3535432327708,,,,,,,-4086.363905965731,5710.984722262423
front,F,21250.0,121.34062720884552,False,0,3,1454.3535432327708,,,,,,,-8771.236030264761,10823.461226191546
front,G,21250.0,121.34062720884552,False,0,3,1454.3535432327708,,,,,,,-18140.980278862826,21048.41423404979
front,H,21250.0,121.34062720884552,False,0,3,1454.3535432327708,,,,,,,-36880.46877605895,41498.32024976628
front,A,21500.0,122.76816399953782,True,3,3,1454.3535432327708,326.3131803260741,326.3131360981316,326.3132198385446,0.19528959620216021,0.1952775110921401,0.19530312356559332,304.54025884595626,918.5498550159382
front,B,21500.0,122.76816399953782,False,0,3,1454.3535432327708,,,,,,,10.572299358611788,1238.5914916985757
front,C,21500.0,122.76816399953782,False,0,3,1454.3535432327708,,,,,,,-577.3636196160771,1878.674765063851
front,D,21500.0,122.76816399953782,False,0,3,1454.3535432327708,,,,,,,-1753.2354575654551,3158.841311794401
front,E,21500.0,122.76816399953782,False,0,3,1454.3535432327708,,,,,,,-4104.979133464211,5719.174405255501
front,F,21500.0,122.76816399953782,False,0,3,1454.3535432327708,,,,,,,-8808.466485261722,10839.840592177703
front,G,21500.0,122.76816399953782,False,0,3,1454.3535432327708,,,,,,,-18215.44118885675,21081.172966022103
front,H,21500.0,122.76816399953782,False,0,3,1454.3535432327708,,,,,,,-37029.3905960468,41563.837713710906
front,A,21750.0,124.19570079023012,True,3,3,1454.3535432327708,326.3101200417799,326.3100754180135,326.3101599128388,0.1962256012615534,0.1962134064752874,0.19623924968995565,303.3896807531452,919.0505391301426
front,B,21750.0,124.19570079023012,False,0,3,1454.3535432327708,,,,,,,8.271143172989701,1239.5928599269846
front,C,21750.0,124.19570079023012,False,0,3,1454.3535432327708,,,,,,,-581.9659319873214,1880.6775015206686
front,D,21750.0,124.19570079023012,False,0,3,1454.3535432327708,,,,,,,-1762.4400823079436,3162.846784708036
front,E,21750.0,124.19570079023012,False,0,3,1454.3535432327708,,,,,,,-4123.388382949188,5727.185351082771
front,F,21750.0,124.19570079023012,False,0,3,1454.3535432327708,,,,,,,-8845.284984231675,10855.862483832243
front,G,21750.0,124.19570079023012,False,0,3,1454.3535432327708,,,,,,,-18289.078186796654,21113.216749331183
front,H,21750.0,124.19570079023012,False,0,3,1454.3535432327708,,,,,,,-37176.66459192661,41627.925280329066
front,A,22000.0,125.62323758092242,True,3,3,1454.3535432327708,326.3070580693036,326.30701304891716,326.3070983032101,0.19716212266088404,0.1971498168956476,0.19717589239774957,302.2517398415122,919.5402375276825
front,B,22000.0,125.62323758092242,False,0,3,1454.3535432327708,,,,,,,5.995261349723604,1240.5722567220644
front,C,22000.0,125.62323758092242,False,0,3,1454.3535432327708,,,,,,,-586.5176956338536,1882.6362951108276
front,D,22000.0,125.62323758092242,False,0,3,1454.3535432327708,,,,,,,-1771.543609601008,3166.7643718883546
front,E,22000.0,125.62323758092242,False,0,3,1454.3535432327708,,,,,,,-4141.595437535317,5735.020525443409
front,F,22000.0,125.62323758092242,False,0,3,1454.3535432327708,,,,,,,-8881.699093403933,10871.532832553517
front,G,22000.0,125.62323758092242,False,0,3,1454.3535432327708,,,,,,,-18361.90640514117,21144.55744677373
front,H,22000.0,125.62323758092242,False,0,3,1454.3535432327708,,,,,,,-37322.32102861564,41690.60667521416
front,A,22250.0,127.05077437161472,True,3,3,1454.3535432327708,326.30399450419844,326.3039490863092,326.30403510526696,0.19809913117466346,0.19808671311086767,0.1981130224899874,301.1262057139386,920.0191328371124
front,B,22250.0,127.05077437161472,False,0,3,1454.3535432327708,,,,,,,3.744193094576403,1241.530047340924
front,C,22250.0,127.05077437161472,False,0,3,1454.3535432327708,,,,,,,-591.0198321441479,1884.5518763485472
front,D,22250.0,127.05077437161472,False,0,3,1454.3535432327708,,,,,,,-1780.5478826215967,3170.595534363794
front,E,22250.0,127.05077437161472,False,0,3,1454.3535432327708,,,,,,,-4159.603983576494,5742.682850394287
front,F,22250.0,127.05077437161472,False,0,3,1454.3535432327708,,,,,,,-8917.716185486288,10886.857482455274
front,G,22250.0,127.05077437161472,False,0,3,1454.3535432327708,,,,,,,-18433.94058930588,21175.206746577245
front,H,22250.0,127.05077437161472,False,0,3,1454.3535432327708,,,,,,,-37466.38939694506,41751.90527482119
front,A,22500.0,128.47831116230702,True,3,3,1454.3535432327708,326.3009294366796,326.30088362031694,326.3009704092785,0.19903659921006733,0.19902406751163282,0.19905061240070854,300.0128538389823,920.4874050809757
front,B,22500.0,128.47831116230702,False,0,3,1454.3535432327708,,,,,,,1.5174893446638915,1242.4665918286505
front,C,22500.0,128.47831116230702,False,0,3,1454.3535432327708,,,,,,,-595.473239643973,1886.4249653240001
front,D,22500.0,128.47831116230702,False,0,3,1454.3535432327708,,,,,,,-1789.4546976212469,3174.341712314699
front,E,22500.0,128.47831116230702,False,0,3,1454.3535432327708,,,,,,,-4177.417613575794,5750.175206296098
front,F,22500.0,128.47831116230702,False,0,3,1454.3535432327708,,,,,,,-8953.343445484888,10901.842194258896
front,G,22500.0,128.47831116230702,False,0,3,1454.3535432327708,,,,,,,-18505.19510930308,21205.176170184488
front,H,22500.0,128.47831116230702,False,0,3,1454.3535432327708,,,,,,,-37608.89843693946,41811.844122035676
front,A,22750.0,129.90584795299932,True,3,3,1454.3535432327708,326.29786295193924,326.29781673604305,326.29790430049,0.19997450071058318,0.19996185402517686,0.19998863610080075,298.91146537773875,920.9452317846553
front,B,22750.0,129.90584795299932,False,0,3,1454.3535432327708,,,,,,,-0.6852875778232626,1243.3822452360098
front,C,22750.0,129.90584795299932,False,0,3,1454.3535432327708,,,,,,,-599.8787934889473,1888.2562721387192
front,D,22750.0,129.90584795299932,False,0,3,1454.3535432327708,,,,,,,-1798.2658053111954,3178.0043259441372
front,E,22750.0,129.90584795299932,False,0,3,1454.3535432327708,,,,,,,-4195.0398289556915,5757.500433554974
front,F,22750.0,129.90584795299932,False,0,3,1454.3535432327708,,,,,,,-8988.587876244683,10916.492648776648
front,G,22750.0,129.90584795299932,False,0,3,1454.3535432327708,,,,,,,-18575.68397082267,21234.477079219992
front,H,22750.0,129.90584795299932,False,0,3,1454.3535432327708,,,,,,,-37749.87615997864,41870.445940106685
front,A,23000.0,131.33338474369162,True,3,3,1454.3535432327708,326.29479513044106,326.29474851386055,326.29483685941733,0.20091281106594897,0.2009000480252987,0.20092706900772805,297.8218270186572,921.3927880737568
front,B,23000.0,131.33338474369162,False,0,3,1454.3535432327708,,,,,,,-2.8645642959863795,1244.2773578142128
front,C,23000.0,131.33338474369162,False,0,3,1454.3535432327708,,,,,,,-604.2373469252735,1890.046497295125
front,D,23000.0,131.33338474369162,False,0,3,1454.3535432327708,,,,,,,-1806.982912183848,3181.584776256949
front,E,23000.0,131.33338474369162,False,0,3,1454.3535432327708,,,,,,,-4212.4740427009965,5764.661334180598
front,F,23000.0,131.33338474369162,False,0,3,1454.3535432327708,,,,,,,-9023.456303735293,10930.814450027896
front,G,23000.0,131.33338474369162,False,0,3,1454.3535432327708,,,,,,,-18645.42082580389,21263.12068172249
front,H,23000.0,131.33338474369162,False,0,3,1454.3535432327708,,,,,,,-37889.34986994108,41927.73314511168
front,A,23250.0,132.76092153438393,True,3,3,1454.3535432327708,326.2917260481955,326.29167902968817,326.2917681621214,0.2018515070279725,0.2018386262483074,0.2018658879012869,296.74373081962483,921.8302467611992
front,B,23250.0,132.76092153438393,False,0,3,1454.3535432327708,,,,,,,-5.020756694051157,1245.1522751890975
front,C,23250.0,132.76092153438393,False,0,3,1454.3535432327708,,,,,,,-608.5497317214031,1891.7963320448946
front,D,23250.0,132.76092153438393,False,0,3,1454.3535432327708,,,,,,,-1815.607681776107,3185.0844457564885
front,E,23250.0,132.76092153438393,False,0,3,1454.3535432327708,,,,,,,-4229.723581885514,5771.660673179676
front,F,23250.0,132.76092153438393,False,0,3,1454.3535432327708,,,,,,,-9057.955382104328,10944.813128026053
front,G,23250.0,132.76092153438393,False,0,3,1454.3535432327708,,,,,,,-18714.41898254196,21291.118037718803
front,H,23250.0,132.76092153438393,False,0,3,1454.3535432327708,,,,,,,-38027.34618341722,41983.727857104306
front,A,23500.0,134.18845832507623,True,3,3,1454.3535432327708,326.2886557770168,326.28860835524773,326.28869828046624,0.2027905666318571,0.20277756671422953,0.20280507084501354,295.6769740567014,922.2577784250917
front,B,23500.0,134.18845832507623,False,0,3,1454.3535432327708,,,,,,,-7.154270219897969,1246.0073385168828
front,C,23500.0,134.18845832507623,False,0,3,1454.3535432327708,,,,,,,-612.8167587730967,1893.506458700465
front,D,23500.0,134.18845832507623,False,0,3,1454.3535432327708,,,,,,,-1824.1417358794943,3188.5046990676287
front,E,23500.0,134.18845832507623,False,0,3,1454.3535432327708,,,,,,,-4246.791690092289,5778.501179801957
front,F,23500.0,134.18845832507623,False,0,3,1454.3535432327708,,,,,,,-9092.091598517878,10958.494141270614
front,G,23500.0,134.18845832507623,False,0,3,1454.3535432327708,,,,,,,-18782.69141536906,21318.480064207924
front,H,23500.0,134.18845832507623,False,0,3,1454.3535432327708,,,,,,,-38163.89104907142,42038.45191008255
front,A,23750.0,135.61599511576853,True,3,3,1454.3535432327708,326.28558438476404,326.2855365583053,326.2856272823589,0.2037299691224829,0.203716848653257,0.20374459711224313,294.6213590789553,922.675551478351
front,B,23750.0,135.61599511576853,False,0,3,1454.3535432327708,,,,,,,-9.265500175390063,1246.8428846234015
front,C,23750.0,135.61599511576853,False,0,3,1454.3535432327708,,,,,,,-617.0392186840809,1895.177550913502
front,D,23750.0,135.61599511576853,False,0,3,1454.3535432327708,,,,,,,-1832.5866557014626,3191.8468834937034
front,E,23750.0,135.61599511576853,False,0,3,1454.3535432327708,,,,,,,-4263.681529736226,5785.185548654106
front,F,23750.0,135.61599511576853,False,0,3,1454.3535432327708,,,,,,,-9125.871277805752,10971.862878974913
front,G,23750.0,135.61599511576853,False,0,3,1454.3535432327708,,,,,,,-18850.25077394481,21345.217539616522
front,H,23750.0,135.61599511576853,False,0,3,1454.3535432327708,,,,,,,-38299.00976622292,42091.926860899744
front,A,24000.0,137.04353190646083,True,3,3,1454.3535432327708,326.28251193556696,326.2824637028971,326.2825552319758,0.20466969488542874,0.20465645243674668,0.20468444711714273,293.57669316891753,923.0837322309324
front,B,24000.0,137.04353190646083,False,0,3,1454.3535432327708,,,,,,,-11.354831995465691,1247.6592461285638
front,C,24000.0,137.04353190646083,False,0,3,1454.3535432327708,,,,,,,-621.2178823242322,1896.8102739238268
front,D,24000.0,137.04353190646083,False,0,3,1454.3535432327708,,,,,,,-1840.9439829817652,3195.112329514353
front,E,24000.0,137.04353190646083,False,0,3,1454.3535432327708,,,,,,,-4280.396184296831,5791.716440695405
front,F,24000.0,137.04353190646083,False,0,3,1454.3535432327708,,,,,,,-9159.300586926962,10984.92466305751
front,G,24000.0,137.04353190646083,False,0,3,1454.3535432327708,,,,,,,-18917.109392187227,21371.341107781718
front,H,24000.0,137.04353190646083,False,0,3,1454.3535432327708,,,,,,,-38432.727002707754,42144.17399723014
front,A,24250.0,138.47106869715313,True,3,3,1454.3535432327708,326.27943849003697,326.2793898495405,326.27948218997324,0.20560972538235336,0.20559635951256094,0.20562460235012958,292.54278840821974,923.4824849454546
front,B,24250.0,138.47106869715313,False,0,3,1454.3535432327708,,,,,,,-13.422641516861322,1248.4567515576086
front,C,24250.0,138.47106869715313,False,0,3,1454.3535432327708,,,,,,,-625.3535013670235,1898.4052847819164
front,D,24250.0,138.47106869715313,False,0,3,1454.3535432327708,,,,,,,-1849.2152210673478,3198.3023512305317
front,E,24250.0,138.47106869715313,False,0,3,1454.3535432327708,,,,,,,-4296.938660467996,5798.096484127763
front,F,24250.0,138.47106869715313,False,0,3,1454.3535432327708,,,,,,,-9192.385539269291,10997.684749922226
front,G,24250.0,138.47106869715313,False,0,3,1454.3535432327708,,,,,,,-18983.279296871886,21396.86128151115
front,H,24250.0,138.47106869715313,False,0,3,1454.3535432327708,,,,,,,-38565.06681207707,42195.214344689
front,A,24500.0,139.89860548784543,True,3,3,1454.3535432327708,326.2763641054657,326.2763150554331,326.27640821368595,0.20655004309036626,0.206536552344605,0.2065650453170198,291.51946154803244,923.8719718869254
front,B,24500.0,139.89860548784543,False,0,3,1454.3535432327708,,,,,,,-15.469295237235874,1249.23572544055
front,C,24500.0,139.89860548784543,False,0,3,1454.3535432327708,,,,,,,-629.4468088077725,1899.963232547799
front,D,24500.0,139.89860548784543,False,0,3,1454.3535432327708,,,,,,,-1857.401835948846,3201.4182467622973
front,E,24500.0,139.89860548784543,False,0,3,1454.3535432327708,,,,,,,-4313.3118902309925,5804.328275191294
front,F,24500.0,139.89860548784543,False,0,3,1454.3535432327708,,,,,,,-9225.131998795285,11010.148332049288
front,G,24500.0,139.89860548784543,False,0,3,1454.3535432327708,,,,,,,-19048.772215923873,21421.788445765273
front,H,24500.0,139.89860548784543,False,0,3,1454.3535432327708,,,,,,,-38696.052650181045,42245.068673197246
front,A,24750.0,141.32614227853773,True,3,3,1454.3535432327708,326.27328883600984,326.273239374638,326.2733333573125,0.2074906314452026,0.2074770143559168,0.2075057594822849,290.5065338839557,924.2523533671964
front,B,24750.0,141.32614227853773,False,0,3,1454.3535432327708,,,,,,,-17.495150565389398,1249.996488401092
front,C,24750.0,141.32614227853773,False,0,3,1454.3535432327708,,,,,,,-633.4985194640795,1901.484758468883
front,D,24750.0,141.32614227853773,False,0,3,1454.3535432327708,,,,,,,-1865.50525726146,3204.4612986044654
front,E,24750.0,141.32614227853773,False,0,3,1454.3535432327708,,,,,,,-4329.518732856221,5810.41437887563
front,F,24750.0,141.32614227853773,False,0,3,1454.3535432327708,,,,,,,-9257.545684045741,11022.32053941796
front,G,24750.0,141.32614227853773,False,0,3,1454.3535432327708,,,,,,,-19113.599586424785,21446.132860502617
front,H,24750.0,141.32614227853773,False,0,3,1454.3535432327708,,,,,,,-38825.70739118287,42293.757502671935
front,A,25000.0,142.75367906923003,True,3,3,1454.3535432327708,326.2702127328669,326.27016285825863,326.27025767208966,0.2084314747879253,0.20841772987543195,0.2084467292156944,289.503831135068,924.6237877847257
front,B,25000.0,142.75367906923003,False,0,3,1454.3535432327708,,,,,,,-19.500556063164748,1250.7393572361505
front,C,25000.0,142.75367906923003,False,0,3,1454.3535432327708,,,,,,,-637.5093304596303,1902.970496139
front,D,25000.0,142.75367906923003,False,0,3,1454.3535432327708,,,,,,,-1873.5268792525615,3207.432773944699
front,E,25000.0,142.75367906923003,False,0,3,1454.3535432327708,,,,,,,-4345.561976838423,5816.357329556097
front,F,25000.0,142.75367906923003,False,0,3,1454.3535432327708,,,,,,,-9289.632172010146,11034.206440778895
front,G,25000.0,142.75367906923003,False,0,3,1454.3535432327708,,,,,,,-19177.772562353595,21469.904663224486
front,H,25000.0,142.75367906923003,False,0,3,1454.3535432327708,,,,,,,-38954.05334304049,42341.30110811567
front,A,25250.0,144.18121585992233,True,3,3,1454.3535432327708,326.2671358444379,326.2670855546027,326.26718120645654,0.20937255831478727,0.20935868408780145,0.20938793974203396,288.5111833268539,924.9864316601518
front,B,25250.0,144.18121585992233,False,0,3,1454.3535432327708,,,,,,,-21.48585167959305,1251.4646449870027
front,C,25250.0,144.18121585992233,False,0,3,1454.3535432327708,,,,,,,-641.4799216924869,1904.421071640705
front,D,25250.0,144.18121585992233,False,0,3,1454.3535432327708,,,,,,,-1881.4680617182746,3210.333924948109
front,E,25250.0,144.18121585992233,False,0,3,1454.3535432327708,,,,,,,-4361.444341769849,5822.159631562918
front,F,25250.0,144.18121585992233,False,0,3,1454.3535432327708,,,,,,,-9321.396901872999,11045.811044792536
front,G,25250.0,144.18121585992233,False,0,3,1454.3535432327708,,,,,,,-19241.3020220793,21493.113871251768
front,H,25250.0,144.18121585992233,False,0,3,1454.3535432327708,,,,,,,-39081.1122624919,42387.719524170236
front,A,25500.0,145.60875265061463,True,3,3,1454.3535432327708,326.26405821648166,326.264007509336,326.2641040062077,0.21031386803020227,0.21029986298651826,0.210329377094165,287.52842467777214,925.3404396681493
front,B,25500.0,145.60875265061463,False,0,3,1454.3535432327708,,,,,,,-23.451368977756434,1252.1726610029978
front,C,25500.0,145.60875265061463,False,0,3,1454.3535432327708,,,,,,,-645.4109562888136,1905.8371036726949
front,D,25500.0,145.60875265061463,False,0,3,1454.3535432327708,,,,,,,-1889.3301309109281,3213.165989012089
front,E,25500.0,145.60875265061463,False,0,3,1454.3535432327708,,,,,,,-4377.168480155157,5827.8237596908775
front,F,25500.0,145.60875265061463,False,0,3,1454.3535432327708,,,,,,,-9352.845178643614,11057.139301048455
front,G,25500.0,145.60875265061463,False,0,3,1454.3535432327708,,,,,,,-19304.198575620532,21515.770383763607
front,H,25500.0,145.60875265061463,False,0,3,1454.3535432327708,,,,,,,-39206.905369574364,42433.032549193915
front,A,25750.0,147.03628944130693,True,3,3,1454.3535432327708,326.26097989225906,326.26092876562717,326.26102611463784,0.21125539070255828,0.2112412533296082,0.21127102806872688,286.5553934892533,925.68596466597
front,B,25750.0,147.03628944130693,False,0,3,1454.3535432327708,,,,,,,-25.397431354794172,1252.8637109986394
front,C,25750.0,147.03628944130693,False,0,3,1454.3535432327708,,,,,,,-649.3030810428891,1907.2192036639776
front,D,25750.0,147.03628944130693,False,0,3,1454.3535432327708,,,,,,,-1897.114380419079,3215.9301889946546
front,E,25750.0,147.03628944130693,False,0,3,1454.3535432327708,,,,,,,-4392.736979171459,5833.352159656009
front,F,25750.0,147.03628944130693,False,0,3,1454.3535432327708,,,,,,,-9383.982176676218,11068.196100978717
front,G,25750.0,147.03628944130693,False,0,3,1454.3535432327708,,,,,,,-19366.47257168574,21537.88398362413
front,H,25750.0,147.03628944130693,False,0,3,1454.3535432327708,,,,,,,-39331.45336170478,42477.25974891496
front,A,26000.0,148.46382623199924,True,3,3,1454.3535432327708,326.2579009126692,326.25784936428363,326.25794757267795,0.21219711382266895,0.2121828425981187,0.21221288018454798,285.5919320389299,926.0231577190532
front,B,26000.0,148.46382623199924,False,0,3,1454.3535432327708,,,,,,,-27.324354255440973,1253.5380971048057
front,C,26000.0,148.46382623199924,False,0,3,1454.3535432327708,,,,,,,-653.1569268441827,1908.5679758763108
front,D,26000.0,148.46382623199924,False,0,3,1454.3535432327708,,,,,,,-1904.8220720216664,3218.6277334193205
front,E,26000.0,148.46382623199924,False,0,3,1454.3535432327708,,,,,,,-4408.152362376633,5838.74724850534
front,F,26000.0,148.46382623199924,False,0,3,1454.3535432327708,,,,,,,-9414.812943086567,11078.986278677381
front,G,26000.0,148.46382623199924,False,0,3,1454.3535432327708,,,,,,,-19428.134104506436,21559.46433902146
front,H,26000.0,148.46382623199924,False,0,3,1454.3535432327708,,,,,,,-39454.77642734617,42520.42045970962
front,A,26250.0,149.89136302269154,True,3,3,1454.3535432327708,326.2548213163772,326.25476934387996,326.25486841902307,0.2131390255645497,0.21312461895698354,0.21315492164337702,284.63788647693366,926.3521681240276
front,B,26250.0,149.89136302269154,False,0,3,1454.3535432327708,,,,,,,-29.232445379433457,1254.1961179147545
front,C,26250.0,149.89136302269154,False,0,3,1454.3535432327708,,,,,,,-656.9731090921676,1909.884017496208
front,D,26250.0,149.89136302269154,False,0,3,1454.3535432327708,,,,,,,-1912.4544365176362,3221.259816659115
front,E,26250.0,149.89136302269154,False,0,3,1454.3535432327708,,,,,,,-4423.417091368573,5844.01141498493
front,F,26250.0,149.89136302269154,False,0,3,1454.3535432327708,,,,,,,-9445.342401070446,11089.51461163656
front,G,26250.0,149.89136302269154,False,0,3,1454.3535432327708,,,,,,,-19489.193020474195,21580.521004939816
front,H,26250.0,149.89136302269154,False,0,3,1454.3535432327708,,,,,,,-39576.89425928169,42562.53379154633
front,A,26500.0,151.31889981338384,True,3,3,1454.3535432327708,326.2517411399346,326.2516887408777,326.25178869025234,0.21408111474872463,0.21406657121824102,0.21409714129322355,283.6931067251035,926.6731434294137
front,B,26500.0,151.31889981338384,False,0,3,1454.3535432327708,,,,,,,-31.12200488309368,1254.8380685255265
front,C,26500.0,151.31889981338384,False,0,3,1454.3535432327708,,,,,,,-660.7522280994881,1911.1679187177522
front,D,26500.0,151.31889981338384,False,0,3,1454.3535432327708,,,,,,,-1920.012674532277,3223.8276191022037
front,E,26500.0,151.31889981338384,False,0,3,1454.3535432327708,,,,,,,-4438.533567397855,5849.147019871107
front,F,26500.0,151.31889981338384,False,0,3,1454.3535432327708,,,,,,,-9475.57535312901,11099.785821408914
front,G,26500.0,151.31889981338384,False,0,3,1454.3535432327708,,,,,,,-19549.658924591324,21601.063424484524
front,H,26500.0,151.31889981338384,False,0,3,1454.3535432327708,,,,,,,-39697.82606751595,42603.61863063575
front,A,26750.0,152.74643660407614,True,3,3,1454.3535432327708,326.24866041789267,326.2486075897395,326.2487084209424,0.2150233708075285,0.21500868880642843,0.21503952859351916,282.75744637896975,926.9862294542902
front,B,26750.0,152.74643660407614,False,0,3,1454.3535432327708,,,,,,,-32.99332557536128,1255.4642405752795
front,C,26750.0,152.74643660407614,False,0,3,1454.3535432327708,,,,,,,-664.4948694840233,1912.4202628172582
front,D,26750.0,152.74643660407614,False,0,3,1454.3535432327708,,,,,,,-1927.4979573013475,3226.3323073012157
front,E,26750.0,152.74643660407614,False,0,3,1454.3535432327708,,,,,,,-4453.504132935996,5854.156396269131
front,F,26750.0,152.74643660407614,False,0,3,1454.3535432327708,,,,,,,-9505.51648420529,11109.804574204962
front,G,26750.0,152.74643660407614,False,0,3,1454.3535432327708,,,,,,,-19609.541186743885,21621.10093007662
front,H,26750.0,152.74643660407614,False,0,3,1454.3535432327708,,,,,,,-39817.59059182107,42643.69364181994
front,A,27000.0,154.17397339476844,True,3,3,1454.3535432327708,326.24557918290895,326.2455259230354,326.24562764377436,0.21596578375246236,0.2159509617258637,0.2159820735825213,281.8307626123905,927.2915703051677
front,B,27000.0,154.17397339476844,False,0,3,1454.3535432327708,,,,,,,-34.84669310851968,1256.0749222770348
front,C,27000.0,154.17397339476844,False,0,3,1454.3535432327708,,,,,,,-668.2016045503401,1913.6416262207683
front,D,27000.0,154.17397339476844,False,0,3,1454.3535432327708,,,,,,,-1934.911427433981,3228.775034108236
front,E,27000.0,154.17397339476844,False,0,3,1454.3535432327708,,,,,,,-4468.331073201263,5859.041849883171
front,F,27000.0,154.17397339476844,False,0,3,1454.3535432327708,,,,,,,-9535.170364735826,11119.575481433043
front,G,27000.0,154.17397339476844,False,0,3,1454.3535432327708,,,,,,,-19668.848947804956,21640.642744532783
front,H,27000.0,154.17397339476844,False,0,3,1454.3535432327708,,,,,,,-39936.20611394321,42682.777270732266
front,A,27250.0,155.60151018546074,True,3,3,1454.3535432327708,326.2424974658479,326.24244377154395,326.24254638963413,0.216908344143422,0.21689338052990337,0.21692476684646023,280.9129160847325,927.589308391286
front,B,27250.0,155.60151018546074,False,0,3,1454.3535432327708,,,,,,,-36.6823861638358,1256.670398449271
front,C,27250.0,155.60151018546074,False,0,3,1454.3535432327708,,,,,,,-671.8729906609724,1914.8325785652414
front,D,27250.0,155.60151018546074,False,0,3,1454.3535432327708,,,,,,,-1942.2541996552457,3231.1569387971817
front,E,27250.0,155.60151018546074,False,0,3,1454.3535432327708,,,,,,,-4483.0166176437915,5863.805659261063
front,F,27250.0,155.60151018546074,False,0,3,1454.3535432327708,,,,,,,-9564.541453620883,11129.103100188826
front,G,27250.0,155.60151018546074,False,0,3,1454.3535432327708,,,,,,,-19727.59112557507,21659.69798204435
front,H,27250.0,155.60151018546074,False,0,3,1454.3535432327708,,,,,,,-40053.69046948344,42720.8877457554
front,A,27500.0,157.02904697615304,True,3,3,1454.3535432327708,326.2394152958759,326.23936116434675,326.239464687707,0.2178510430597136,0.21783593629205455,0.2178675994905399,280.0037432246752,927.8795844385268
front,B,27500.0,157.02904697615304,False,0,3,1454.3535432327708,,,,,,,-38.50073188395035,1257.2509505437527
front,C,27500.0,157.02904697615304,False,0,3,1454.3535432327708,,,,,,,-675.5096821012015,1915.9936827542047
front,D,27500.0,157.02904697615304,False,0,3,1454.3535432327708,,,,,,,-1949.527582535704,3233.4791471751087
front,E,27500.0,157.02904697615304,False,0,3,1454.3535432327708,,,,,,,-4497.5633834047085,5868.450076016917
front,F,27500.0,157.02904697615304,False,0,3,1454.3535432327708,,,,,,,-9593.634985142717,11138.391933700534
front,G,27500.0,157.02904697615304,False,0,3,1454.3535432327708,,,,,,,-19785.778188618737,21678.275649067764
front,H,27500.0,157.02904697615304,False,0,3,1454.3535432327708,,,,,,,-40170.06459557077,42758.04307980223
front,A,27750.0,158.4565837668453,True,3,3,1454.3535432327708,326.23633270055075,326.2362781289182,326.2363825655679,0.21879387207266454,0.21877862057840813,0.2188105631115711,279.1031355502587,928.1625375021204
front,B,27750.0,158.4565837668453,False,0,3,1454.3535432327708,,,,,,,-40.30194723278341,1257.8168566709398
front,C,27750.0,158.4565837668453,False,0,3,1454.3535432327708,,,,,,,-679.1121127988675,1917.1254950085793
front,D,27750.0,158.4565837668453,False,0,3,1454.3535432327708,,,,,,,-1956.732443931036,3235.742771683858
front,E,27750.0,158.4565837668453,False,0,3,1454.3535432327708,,,,,,,-4511.973106195373,5872.977325034415
front,F,27750.0,158.4565837668453,False,0,3,1454.3535432327708,,,,,,,-9622.454430724045,11147.44643173553
front,G,27750.0,158.4565837668453,False,0,3,1454.3535432327708,,,,,,,-19843.417079781393,21696.384645137758
front,H,27750.0,158.4565837668453,False,0,3,1454.3535432327708,,,,,,,-40285.342377896086,42794.261071942215
front,A,28000.0,159.8841205575376,True,3,3,1454.3535432327708,326.2332497059057,326.23319469121014,326.23330004926487,0.21973682321983676,0.21972142542201478,0.21975364977203649,278.2109672126123,928.4383049782964
front,B,28000.0,159.8841205575376,False,0,3,1454.3535432327708,,,,,,,-42.08628390807626,1258.3683916232922
front,C,28000.0,159.8841205575376,False,0,3,1454.3535432327708,,,,,,,-682.6807861494533,1918.2285649132832
front,D,28000.0,159.8841205575376,False,0,3,1454.3535432327708,,,,,,,-1963.8697906322075,3237.9489114932658
front,E,28000.0,159.8841205575376,False,0,3,1454.3535432327708,,,,,,,-4526.247799597715,5877.389604653231
front,F,28000.0,159.8841205575376,False,0,3,1454.3535432327708,,,,,,,-9651.00381752873,11156.270990973162
front,G,28000.0,159.8841205575376,False,0,3,1454.3535432327708,,,,,,,-19900.515853390763,21714.03376361302
front,H,28000.0,159.8841205575376,False,0,3,1454.3535432327708,,,,,,,-40399.53992511483,42829.55930889274
front,A,28250.0,161.31165734822991,True,3,3,1454.3535432327708,326.23016633652935,326.23011087573104,326.2302171633991,0.22067988898067936,0.22066434329842677,0.22069685197588784,277.3271119333199,928.7070226150223
front,B,28250.0,161.31165734822991,False,0,3,1454.3535432327708,,,,,,,-43.85399446666096,1258.905826896744
front,C,28250.0,161.31165734822991,False,0,3,1454.3535432327708,,,,,,,-686.2162072666226,1919.3034354601866
front,D,28250.0,161.31165734822991,False,0,3,1454.3535432327708,,,,,,,-1970.9406328665461,3240.0986525870726
front,E,28250.0,161.31165734822991,False,0,3,1454.3535432327708,,,,,,,-4540.389484066393,5881.6890868408445
front,F,28250.0,161.31165734822991,False,0,3,1454.3535432327708,,,,,,,-9679.287186466086,11164.86995534839
front,G,28250.0,161.31165734822991,False,0,3,1454.3535432327708,,,,,,,-19957.082591265476,21731.231692363475
front,H,28250.0,161.31165734822991,False,0,3,1454.3535432327708,,,,,,,-40512.67340086425,42863.95516639365
front,A,28500.0,162.73919413892222,True,3,3,1454.3535432327708,326.2270826156408,326.2270267056221,326.2271339312004,0.22162306225348058,0.22160736710270523,0.22164016264527575,276.451446490205,928.9688245219519
front,B,28500.0,162.73919413892222,False,0,3,1454.3535432327708,,,,,,,-45.6053253528908,1259.429430710603
front,C,28500.0,162.73919413892222,False,0,3,1454.3535432327708,,,,,,,-689.7188690390824,1920.3506430879054
front,D,28500.0,162.73919413892222,False,0,3,1454.3535432327708,,,,,,,-1977.9459564114657,3242.19306784251
front,E,28500.0,162.73919413892222,False,0,3,1454.3535432327708,,,,,,,-4554.4001311562315,5885.87791735172
front,F,28500.0,162.73919413892222,False,0,3,1454.3535432327708,,,,,,,-9707.308480645763,11173.24761637014
front,G,28500.0,162.73919413892222,False,0,3,1454.3535432327708,,,,,,,-20013.12517962483,21747.987014406976
front,H,28500.0,162.73919413892222,False,0,3,1454.3535432327708,,,,,,,-40624.75857758296,42897.46581048065
front,A,28750.0,164.16673092961452,True,3,3,1454.3535432327708,326.2239985651608,326.2239422027275,326.2240503745979,0.22256633633368494,0.22255049012772643,0.22258357509898907,275.5838506379687,929.2238431796968
front,B,28750.0,164.16673092961452,False,0,3,1454.3535432327708,,,,,,,-47.34051705736345,1259.939468026093
front,C,28750.0,164.16673092961452,False,0,3,1454.3535432327708,,,,,,,-693.1892524480277,1921.370717718885
front,D,28750.0,164.16673092961452,False,0,3,1454.3535432327708,,,,,,,-1984.8867232293562,3244.233217104469
front,E,28750.0,164.16673092961452,False,0,3,1454.3535432327708,,,,,,,-4568.281664792013,5889.9582158756375
front,F,28750.0,164.16673092961452,False,0,3,1454.3535432327708,,,,,,,-9735.071547917325,11181.408213417975
front,G,28750.0,164.16673092961452,False,0,3,1454.3535432327708,,,,,,,-20068.651314167953,21764.308208502647
front,H,28750.0,164.16673092961452,False,0,3,1454.3535432327708,,,,,,,-40735.81084666921,42930.108198671995
front,A,29000.0,165.59426772030682,True,3,3,1454.3535432327708,326.22091420577857,326.2208573876622,326.22096651428706,0.2235097048933543,0.2234937060436093,0.2235270830318714,274.7242070308341,929.4722094485222
front,B,29000.0,165.59426772030682,False,0,3,1454.3535432327708,,,,,,,-49.05980427163248,1260.4362005637436
front,C,29000.0,165.59426772030682,False,0,3,1454.3535432327708,,,,,,,-696.6278268765657,1922.3641827941863
front,D,29000.0,165.59426772030682,False,0,3,1454.3535432327708,,,,,,,-1991.7638720864322,3246.2201472550714
front,E,29000.0,165.59426772030682,False,0,3,1454.3535432327708,,,,,,,-4582.035962506166,5893.932076176842
front,F,29000.0,165.59426772030682,False,0,3,1454.3535432327708,,,,,,,-9762.58014334563,11189.355934020385
front,G,29000.0,165.59426772030682,False,0,3,1454.3535432327708,,,,,,,-20123.668505024565,21780.203649707466
front,H,29000.0,165.59426772030682,False,0,3,1454.3535432327708,,,,,,,-40845.84522838243,42961.89908108163
front,A,29250.0,167.02180451099912,True,3,3,1454.3535432327708,326.21782955701565,326.2177722798753,326.2178823697937,0.22445316196173515,0.22443700887830875,0.2244706804953034,273.8724011471397,929.714052576554
front,B,29250.0,167.02180451099912,False,0,3,1454.3535432327708,,,,,,,-50.76341603902127,1260.919886819807
front,C,29250.0,167.02180451099912,False,0,3,1454.3535432327708,,,,,,,-700.0350504113433,1923.3315553063137
front,D,29250.0,167.02180451099912,False,0,3,1454.3535432327708,,,,,,,-1998.5783191559874,3248.1548922793268
front,E,29250.0,167.02180451099912,False,0,3,1454.3535432327708,,,,,,,-4595.664856645276,5897.801566225353
front,F,29250.0,167.02180451099912,False,0,3,1454.3535432327708,,,,,,,-9789.837931623852,11197.094914117406
front,G,29250.0,167.02180451099912,False,0,3,1454.3535432327708,,,,,,,-20178.184081581006,21795.68160990151
front,H,29250.0,167.02180451099912,False,0,3,1454.3535432327708,,,,,,,-40954.87638149531,42992.85500146972
front,A,29500.0,168.44934130169142,True,3,3,1454.3535432327708,326.21474463728566,326.21468689771007,326.2147979595336,0.2253967019068955,0.2253803929992526,0.22541436187886177,273.02832121582924,929.9495002075793
front,B,29500.0,168.44934130169142,False,0,3,1454.3535432327708,,,,,,,-52.45157590164224,1261.3907820818577
front,C,29500.0,168.44934130169142,False,0,3,1454.3535432327708,,,,,,,-703.4113701365852,1924.2733458304144
front,D,29500.0,168.44934130169142,False,0,3,1454.3535432327708,,,,,,,-2005.3309586064713,3250.038473327528
front,E,29500.0,168.44934130169142,False,0,3,1454.3535432327708,,,,,,,-4609.170135546244,5901.568728321756
front,F,29500.0,168.44934130169142,False,0,3,1454.3535432327708,,,,,,,-9816.848489425787,11204.629238310212
front,G,29500.0,168.44934130169142,False,0,3,1454.3535432327708,,,,,,,-20232.205197184878,21810.75025828712
front,H,29500.0,168.44934130169142,False,0,3,1454.3535432327708,,,,,,,-41062.918612703055,43022.99229824094
front,A,29750.0,169.87687809238372,True,3,3,1454.3535432327708,326.21165946395104,326.21160125846063,326.2117133008694,0.2263403194184499,0.2263238530959888,0.2263581218930666,272.1918581447933,930.1786783885104
front,B,29750.0,169.87687809238372,False,0,3,1454.3535432327708,,,,,,,-54.12450204371422,1261.8491384437202
front,C,29750.0,169.87687809238372,False,0,3,1454.3535432327708,,,,,,,-706.7572224207292,1925.1900585541398
front,D,29750.0,169.87687809238372,False,0,3,1454.3535432327708,,,,,,,-2012.0226631747594,3251.8718987749785
front,E,29750.0,169.87687809238372,False,0,3,1454.3535432327708,,,,,,,-4622.553544682819,5905.235579216656
front,F,29750.0,169.87687809238372,False,0,3,1454.3535432327708,,,,,,,-9843.615307698938,11211.962940100013
front,G,29750.0,169.87687809238372,False,0,3,1454.3535432327708,,,,,,,-20285.73883373118,21825.417661866722
front,H,29750.0,169.87687809238372,False,0,3,1454.3535432327708,,,,,,,-41169.98588579566,43052.327105400145
front,A,30000.0,171.30441488307602,True,3,3,1454.3535432327708,326.208574053377,326.20851537842617,326.2086284101643,0.22728400949100225,0.22726738416372072,0.2273019555527167,271.36290545101394,930.4017115765793
front,B,30000.0,171.30441488307602,False,0,3,1454.3535432327708,,,,,,,-55.78240743127286,1262.2952048198576
front,C,30000.0,171.30441488307602,False,0,3,1454.3535432327708,,,,,,,-710.0730331958465,1926.0821913064149
front,D,30000.0,171.30441488307602,False,0,3,1454.3535432327708,,,,,,,-2018.6542847249939,3253.6561642795286
front,E,30000.0,171.30441488307602,False,0,3,1454.3535432327708,,,,,,,-4635.816787783288,5908.804110225757
front,F,30000.0,171.30441488307602,False,0,3,1454.3535432327708,,,,,,,-9870.141793899877,11219.100002118214
front,G,30000.0,171.30441488307602,False,0,3,1454.3535432327708,,,,,,,-20338.791806133057,21839.691785903124
front,H,30000.0,171.30441488307602,False,0,3,1454.3535432327708,,,,,,,-41276.09183059941,43080.87535347295
front,A,30250.0,172.73195167376832,True,3,3,1454.3535432327708,326.205488420982,326.20542927296117,326.20554330283295,0.22822776740874332,0.2282109814878197,0.22824585816156873,270.5413591924705,930.6187226463137
front,B,30250.0,172.73195167376832,False,0,3,1454.3535432327708,,,,,,,-57.4254999483597,1262.7292269593268
front,C,30250.0,172.73195167376832,False,0,3,1454.3535432327708,,,,,,,-713.3592182300201,1926.9502355853526
front,D,30250.0,172.73195167376832,False,0,3,1454.3535432327708,,,,,,,-2025.2266547933411,3255.3922528374046
front,E,30250.0,172.73195167376832,False,0,3,1454.3535432327708,,,,,,,-4648.961527919983,5912.276287341509
front,F,30250.0,172.73195167376832,False,0,3,1454.3535432327708,,,,,,,-9896.431274173267,11226.044356349717
front,G,30250.0,172.73195167376832,False,0,3,1454.3535432327708,,,,,,,-20391.370766679836,21853.58049436613
front,H,30250.0,172.73195167376832,False,0,3,1454.3535432327708,,,,,,,-41381.24975169297,43108.65277039896
front,A,30500.0,174.15948846446062,True,3,3,1454.3535432327708,326.2024025812861,326.2023429565242,326.20245799338966,0.22917158873060708,0.22915464062897017,0.2291898252973712,269.7271179017647,930.8298328963557
front,B,30500.0,174.15948846446062,False,0,3,1454.3535432327708,,,,,,,-59.05398252977133,1263.1514474594105
front,C,30500.0,174.15948846446062,False,0,3,1454.3535432327708,,,,,,,-716.6161833928435,1927.7946765855204
front,D,30500.0,174.15948846446062,False,0,3,1454.3535432327708,,,,,,,-2031.7405851189878,3257.0811348377397
front,E,30500.0,174.15948846446062,False,0,3,1454.3535432327708,,,,,,,-4661.989388571276,5915.654051342179
front,F,30500.0,174.15948846446062,False,0,3,1454.3535432327708,,,,,,,-9922.486995475852,11232.799884351058
front,G,30500.0,174.15948846446062,False,0,3,1454.3535432327708,,,,,,,-20443.482209285008,21867.091550368812
front,H,30500.0,174.15948846446062,False,0,3,1454.3535432327708,,,,,,,-41485.472636903316,43135.674882404324
front,A,30750.0,175.58702525515292,True,3,3,1454.3535432327708,326.19931654795664,326.1992564427231,326.1993724954939,0.23011546927640403,0.23009835740936957,0.23013385279808674,268.9200825214217,931.035162056156
front,B,30750.0,175.58702525515292,False,0,3,1454.3535432327708,,,,,,,-60.6680532904574,1263.5621057790113
front,C,30750.0,175.58702525515292,False,0,3,1454.3535432327708,,,,,,,-719.8443249142156,1928.6159932247213
front,D,30750.0,175.58702525515292,False,0,3,1454.3535432327708,,,,,,,-2038.196868161732,3258.723768116142
front,E,30750.0,175.58702525515292,False,0,3,1454.3535432327708,,,,,,,-4674.901954656764,5918.939317898983
front,F,30750.0,175.58702525515292,False,0,3,1454.3535432327708,,,,,,,-9948.312127646828,11239.370417464666
front,G,30750.0,175.58702525515292,False,0,3,1454.3535432327708,,,,,,,-20495.13247362696,21880.23261659603
front,H,30750.0,175.58702525515292,False,0,3,1454.3535432327708,,,,,,,-41588.77316558722,43161.95701485876
front,A,31000.0,177.01456204584522,True,3,3,1454.3535432327708,326.1962303338509,326.19616974435843,326.1962868219935,0.23105940511361314,0.2310421278994168,0.23107793674861377,268.12015634083593,931.2348282925971
front,B,31000.0,177.01456204584522,False,0,3,1454.3535432327708,,,,,,,-62.26790565162893,1263.9614382518935
front,C,31000.0,177.01456204584522,False,0,3,1454.3535432327708,,,,,,,-723.0440296365587,1929.4146581704856
front,D,31000.0,177.01456204584522,False,0,3,1454.3535432327708,,,,,,,-2044.5962776064182,3260.3210980076706
front,E,31000.0,177.01456204584522,False,0,3,1454.3535432327708,,,,,,,-4687.700773546137,5922.1339776820405
front,F,31000.0,177.01456204584522,False,0,3,1454.3535432327708,,,,,,,-9973.909765425573,11245.759737030781
front,G,31000.0,177.01456204584522,False,0,3,1454.3535432327708,,,,,,,-20546.32774918445,21893.01125572826
front,H,31000.0,177.01456204584522,False,0,3,1454.3535432327708,,,,,,,-41691.1637167022,43187.51429312322
front,A,31250.0,178.44209883653753,True,3,3,1454.3535432327708,326.1931439510578,326.1930828734643,326.1932009849658,0.23200339254481062,0.23198594840521114,0.2320220734682299,267.327244934816,931.4289482165693
front,B,31250.0,178.44209883653753,False,0,3,1454.3535432327708,,,,,,,-63.853728463668716,1264.349678099838
front,C,31250.0,178.44209883653753,False,0,3,1454.3535432327708,,,,,,,-726.2156752606382,1930.1911378663754
front,D,31250.0,178.44209883653753,False,0,3,1454.3535432327708,,,,,,,-2050.9395688545774,3261.8740573994496
front,E,31250.0,178.44209883653753,False,0,3,1454.3535432327708,,,,,,,-4700.387356042455,5925.239896465599
front,F,31250.0,178.44209883653753,False,0,3,1454.3535432327708,,,,,,,-9999.28293041821,11251.971574597897
front,G,31250.0,178.44209883653753,False,0,3,1454.3535432327708,,,,,,,-20597.074079169724,21905.43493086249
front,H,31250.0,178.44209883653753,False,0,3,1454.3535432327708,,,,,,,-41792.65637667275,43212.36164339168
front,A,31500.0,179.86963562722983,True,3,3,1454.3535432327708,326.19005741093605,326.18999584134747,326.19011499575646,0.23294742809584212,0.23292981545661728,0.23296625949871252,266.5412561036982,931.6239510882688
front,B,31500.0,179.86963562722983,False,0,3,1454.3535432327708,,,,,,,-65.42570612590447,1264.739683843237
front,C,31500.0,179.86963562722983,False,0,3,1454.3535432327708,,,,,,,-729.3596305851097,1930.9711493531727
front,D,31500.0,179.86963562722983,False,0,3,1454.3535432327708,,,,,,,-2057.22747950352,3263.4340803730447
front,E,31500.0,179.86963562722983,False,0,3,1454.3535432327708,,,,,,,-4712.963177340341,5928.359942412789
front,F,31500.0,179.86963562722983,False,0,3,1454.3535432327708,,,,,,,-10024.434573013981,11258.211666492278
front,G,31500.0,179.86963562722983,False,0,3,1454.3535432327708,,,,,,,-20647.377364361266,21917.915114651252
front,H,31500.0,179.86963562722983,False,0,3,1454.3535432327708,,,,,,,-41893.26294705583,43237.322010969205
front,A,31750.0,181.29717241792213,True,3,3,1454.3535432327708,326.1869707241513,326.18690865862374,326.18702886501603,0.23389150850458748,0.23387372579608545,0.2339104915931811,265.76209981498874,931.8151458992365
front,B,31750.0,181.29717241792213,False,0,3,1454.3535432327708,,,,,,,-66.98401870332324,1265.1220734651724
front,C,31750.0,181.29717241792213,False,0,3,1454.3535432327708,,,,,,,-732.4762557399472,1931.7359285970444
front,D,31750.0,181.29717241792213,False,0,3,1454.3535432327708,,,,,,,-2063.4607298131955,3264.963638860788
front,E,31750.0,181.29717241792213,False,0,3,1454.3535432327708,,,,,,,-4725.429677959692,5931.419059388275
front,F,31750.0,181.29717241792213,False,0,3,1454.3535432327708,,,,,,,-10049.367574252683,11264.32990044325
front,G,31750.0,181.29717241792213,False,0,3,1454.3535432327708,,,,,,,-20697.24336683867,21930.151582553197
front,H,31750.0,181.29717241792213,False,0,3,1454.3535432327708,,,,,,,-41992.99495201064,43261.794946773094
front,A,32000.0,182.72470920861443,True,3,3,1454.3535432327708,326.1838839007108,326.1838213352532,326.183942602735,0.2348356307102691,0.23481767636799322,0.2348547667052392,264.9896881465047,932.0010944503049
front,B,32000.0,182.72470920861443,False,0,3,1454.3535432327708,,,,,,,-68.52884204029135,1265.4939705673091
front,C,32000.0,182.72470920861443,False,0,3,1454.3535432327708,,,,,,,-735.5659024138835,1932.4797228013172
front,D,32000.0,182.72470920861443,False,0,3,1454.3535432327708,,,,,,,-2069.640023161068,3266.4512272693337
front,E,32000.0,182.72470920861443,False,0,3,1454.3535432327708,,,,,,,-4737.788264655436,5934.394236205367
front,F,32000.0,182.72470920861443,False,0,3,1454.3535432327708,,,,,,,-10074.084747644172,11270.280254077434
front,G,32000.0,182.72470920861443,False,0,3,1454.3535432327708,,,,,,,-20746.677713621648,21942.052289821564
front,H,32000.0,182.72470920861443,False,0,3,1454.3535432327708,,,,,,,-42091.863645576595,43285.59636130983
front,A,32250.0,184.15224599930673,True,3,3,1454.3535432327708,326.1807969499965,326.18073388057314,326.1808562182771,0.23577979184334166,0.23576166430837597,0.23579908197904897,264.2239352309749,932.181908261281
front,B,32250.0,184.15224599930673,False,0,3,1454.3535432327708,,,,,,,-70.06034787135091,1265.8555981892612
front,C,32250.0,184.15224599930673,False,0,3,1454.3535432327708,,,,,,,-738.6289140760026,1933.202978045222
front,D,32250.0,184.15224599930673,False,0,3,1454.3535432327708,,,,,,,-2075.766046485306,3267.8977377571427
front,E,32250.0,184.15224599930673,False,0,3,1454.3535432327708,,,,,,,-4750.040311303913,5937.287257180985
front,F,32250.0,184.15224599930673,False,0,3,1454.3535432327708,,,,,,,-10098.588840941125,11276.06629602867
front,G,32250.0,184.15224599930673,False,0,3,1454.3535432327708,,,,,,,-20795.685900215554,21953.624373724037
front,H,32250.0,184.15224599930673,False,0,3,1454.3535432327708,,,,,,,-42189.88001876441,43308.74052911477
front,A,32500.0,185.57978278999903,True,3,3,1454.3535432327708,326.1777098807967,326.1776463033296,326.1777697204106,0.23672398921585902,0.23670568693541227,0.2367434347395947,263.46475720207184,932.3576972956598
front,B,32500.0,185.57978278999903,False,0,3,1454.3535432327708,,,,,,,-71.57870392915706,1266.207176258019
front,C,32500.0,185.57978278999903,False,0,3,1454.3535432327708,,,,,,,-741.6656261916148,1933.9061341827373
front,D,32500.0,185.57978278999903,False,0,3,1454.3535432327708,,,,,,,-2081.8394707165307,3269.3040500321736
front,E,32500.0,185.57978278999903,False,0,3,1454.3535432327708,,,,,,,-4762.187159766362,5940.0998817310465
front,F,32500.0,185.57978278999903,False,0,3,1454.3535432327708,,,,,,,-10122.882537866024,11281.691545128793
front,G,32500.0,185.57978278999903,False,0,3,1454.3535432327708,,,,,,,-20844.27329406535,21964.874871924283
front,H,32500.0,185.57978278999903,False,0,3,1454.3535432327708,,,,,,,-42287.054806464,43331.24152551527
front,A,32750.0,187.00731958069133,True,3,3,1454.3535432327708,326.1746227013356,326.17455861170714,326.1746831173382,0.23766822031240364,0.23764974174026454,0.23768782248355658,262.71207214183625,932.5285699684065
front,B,32750.0,187.00731958069133,False,0,3,1454.3535432327708,,,,,,,-73.08407404962826,1266.548921603512
front,C,32750.0,187.00731958069133,False,0,3,1454.3535432327708,,,,,,,-744.6763664325573,1934.5896248737236
front,D,32750.0,187.00731958069133,False,0,3,1454.3535432327708,,,,,,,-2087.8609511984155,3270.671031414146
front,E,32750.0,187.00731958069133,False,0,3,1454.3535432327708,,,,,,,-4774.230120730132,5942.833844494991
front,F,32750.0,187.00731958069133,False,0,3,1454.3535432327708,,,,,,,-10146.968459793563,11287.159470656683
front,G,32750.0,187.00731958069133,False,0,3,1454.3535432327708,,,,,,,-20892.44513792043,21975.810722980063
front,H,32750.0,187.00731958069133,False,0,3,1454.3535432327708,,,,,,,-42383.39849417416,43353.113227626825
front,A,33000.0,188.43485637138363,True,3,3,1454.3535432327708,326.17153541930185,326.17147081335736,326.1715964167252,0.23861248278137145,0.2385938263784415,0.2386322428706622,261.9658000294683,932.6946331538344
front,B,33000.0,188.43485637138363,False,0,3,1454.3535432327708,,,,,,,-74.5766182743641,1266.881047974368
front,C,33000.0,188.43485637138363,False,0,3,1454.3535432327708,,,,,,,-747.6614548820289,1935.2538776154354
front,D,33000.0,188.43485637138363,False,0,3,1454.3535432327708,,,,,,,-2093.831128097359,3271.99953689757
front,E,33000.0,188.43485637138363,False,0,3,1454.3535432327708,,,,,,,-4786.1704745280185,5945.49085546184
front,F,33000.0,188.43485637138363,False,0,3,1454.3535432327708,,,,,,,-10170.849167389337,11292.47349259038
front,G,33000.0,188.43485637138363,False,0,3,1454.3535432327708,,,,,,,-20940.206553111977,21986.438766847456
front,H,33000.0,188.43485637138363,False,0,3,1454.3535432327708,,,,,,,-42478.921324557254,43374.36931536161
front,A,33250.0,189.86239316207593,True,3,3,1454.3535432327708,326.16844804187514,326.1683829154253,326.1685096257269,0.2395567744268227,0.23953793866148265,0.23957669371558188,261.2258626914498,932.8559921935939
front,B,33250.0,189.86239316207593,False,0,3,1454.3535432327708,,,,,,,-76.05649295040124,1267.2037660538872
front,C,33250.0,189.86239316207593,False,0,3,1454.3535432327708,,,,,,,-750.6212042341033,1935.8993137744733
front,D,33250.0,189.86239316207593,False,0,3,1454.3535432327708,,,,,,,-2099.750626801507,3273.290409215646
front,E,33250.0,189.86239316207593,False,0,3,1454.3535432327708,,,,,,,-4798.009471936315,5948.072600097991
front,F,33250.0,189.86239316207593,False,0,3,1454.3535432327708,,,,,,,-10194.52716220593,11297.636981862683
front,G,33250.0,189.86239316207593,False,0,3,1454.3535432327708,,,,,,,-20987.562542745163,21996.765745392062
front,H,33250.0,189.86239316207593,False,0,3,1454.3535432327708,,,,,,,-42573.633303823626,43395.023272450824
front,A,33500.0,191.28992995276823,True,3,3,1454.3535432327708,326.16536057575183,326.16529492457556,326.16542275101364,0.24050109320060317,0.24048207654920883,0.24052117297989062,260.4921837529648,933.0127509047843
front,B,33500.0,191.28992995276823,False,0,3,1454.3535432327708,,,,,,,-77.52385082737115,1267.517283476268
front,C,33500.0,191.28992995276823,False,0,3,1454.3535432327708,,,,,,,-753.555919988043,1936.5263486192353
front,D,33500.0,191.28992995276823,False,0,3,1454.3535432327708,,,,,,,-2105.620058309387,3274.5444789051694
front,E,33500.0,191.28992995276823,False,0,3,1454.3535432327708,,,,,,,-4809.748334952074,5950.580739477038
front,F,33500.0,191.28992995276823,False,0,3,1454.3535432327708,,,,,,,-10218.004888237449,11302.653260620777
front,G,33500.0,191.28992995276823,False,0,3,1454.3535432327708,,,,,,,-21034.5179948082,22006.79830290825
front,H,33500.0,191.28992995276823,False,0,3,1454.3535432327708,,,,,,,-42667.5442079497,43415.0883874832
front,A,33750.0,192.71746674346053,True,3,3,1454.3535432327708,326.1622730271695,326.1622068470161,326.1623357987953,0.24144543719497222,0.2414262381422949,0.2414656787648628,259.7646885905925,933.1650115881991
front,B,33750.0,192.71746674346053,False,0,3,1454.3535432327708,,,,,,,-78.97884115211566,1267.8218048430974
front,C,33750.0,192.71746674346053,False,0,3,1454.3535432327708,,,,,,,-756.4659006375321,1937.1353913528944
front,D,33750.0,192.71746674346053,False,0,3,1454.3535432327708,,,,,,,-2111.440019608365,3275.762564372488
front,E,33750.0,192.71746674346053,False,0,3,1454.3535432327708,,,,,,,-4821.388257550031,5953.016910411676
front,F,33750.0,192.71746674346053,False,0,3,1454.3535432327708,,,,,,,-10241.284733433362,11307.525602490052
front,G,33750.0,192.71746674346053,False,0,3,1454.3535432327708,,,,,,,-21081.077685200027,22016.5429866468
front,H,33750.0,192.71746674346053,False,0,3,1454.3535432327708,,,,,,,-42760.663588733354,43434.5777549603
front,A,34000.0,194.14500353415283,True,3,3,1454.3535432327708,326.1591854019292,326.1591186885214,326.1592487748445,0.24238980463556029,0.2423704216751421,0.24241020930431123,259.04330428623615,933.3128750367142
front,B,34000.0,194.14500353415283,False,0,3,1454.3535432327708,,,,,,,-80.42160976082849,1268.1175317401276
front,C,34000.0,194.14500353415283,False,0,3,1454.3535432327708,,,,,,,-759.3514378549577,1937.7268451469542
front,D,34000.0,194.14500353415283,False,0,3,1454.3535432327708,,,,,,,-2117.2110940432162,3276.9454719606074
front,E,34000.0,194.14500353415283,False,0,3,1454.3535432327708,,,,,,,-4832.930406419733,5955.382725587914
front,F,34000.0,194.14500353415283,False,0,3,1454.3535432327708,,,,,,,-10264.369031172766,11312.257232842529
front,G,34000.0,194.14500353415283,False,0,3,1454.3535432327708,,,,,,,-21127.246280678835,22026.006247351754
front,H,34000.0,194.14500353415283,False,0,3,1454.3535432327708,,,,,,,-42853.00077969097,43453.50427637021
front,A,34250.0,195.57254032484514,True,3,3,1454.3535432327708,326.1560977054186,326.15603045445476,326.1561616845185,0.243334193874604,0.24331462550923888,0.24335476295785918,258.3279595822623,933.4564405438232
front,B,34250.0,195.57254032484514,False,0,3,1454.3535432327708,,,,,,,-81.85229916877626,1268.4046627543455
front,C,34250.0,195.57254032484514,False,0,3,1454.3535432327708,,,,,,,-762.2128166708533,1938.3011071753906
front,D,34250.0,195.57254032484514,False,0,3,1454.3535432327708,,,,,,,-2122.933851675007,3278.0939960174805
front,E,34250.0,195.57254032484514,False,0,3,1454.3535432327708,,,,,,,-4844.375921683315,5957.67977370166
front,F,34250.0,195.57254032484514,False,0,3,1454.3535432327708,,,,,,,-10287.26006169993,11316.851329070021
front,G,34250.0,195.57254032484514,False,0,3,1454.3535432327708,,,,,,,-21173.028341733163,22035.19443980674
front,H,34250.0,195.57254032484514,False,0,3,1454.3535432327708,,,,,,,-42944.564901799626,43471.88066128018
front,A,34500.0,197.00007711553744,True,3,3,1454.3535432327708,326.1530099426316,326.15294214978854,326.15307453278,0.24427860338465113,0.2442588481266772,0.24429933820470096,257.6185848378174,933.5958059123342
front,B,34500.0,197.00007711553744,False,0,3,1454.3535432327708,,,,,,,-83.27104865766589,1268.6833934913675
front,C,34500.0,197.00007711553744,False,0,3,1454.3535432327708,,,,,,,-765.0503156486325,1938.8585686494346
front,D,34500.0,197.00007711553744,False,0,3,1454.3535432327708,,,,,,,-2128.608849630566,3279.2089189655685
front,E,34500.0,197.00007711553744,False,0,3,1454.3535432327708,,,,,,,-4855.725917594433,5959.909619597836
front,F,34500.0,197.00007711553744,False,0,3,1454.3535432327708,,,,,,,-10309.960053522165,11321.311020862373
front,G,34500.0,197.00007711553744,False,0,3,1454.3535432327708,,,,,,,-21218.428325377634,22044.113823391443
front,H,34500.0,197.00007711553744,False,0,3,1454.3535432327708,,,,,,,-43035.36486908857,43489.719428449585
front,A,34750.0,198.42761390622974,True,3,3,1454.3535432327708,326.1499221181889,326.1498537791244,326.149987324217,0.24522303175245064,0.24520308812421288,0.2452439336373513,256.91511198629564,933.7310674632224
front,B,34750.0,198.42761390622974,False,0,3,1454.3535432327708,,,,,,,-84.67799436070952,1268.9539165931442
front,C,34750.0,198.42761390622974,False,0,3,1454.3535432327708,,,,,,,-767.8642070547198,1939.3996148529873
front,D,34750.0,198.42761390622974,False,0,3,1454.3535432327708,,,,,,,-2134.2366324427403,3280.291011372674
front,E,34750.0,198.42761390622974,False,0,3,1454.3535432327708,,,,,,,-4866.981483218781,5962.073804412047
front,F,34750.0,198.42761390622974,False,0,3,1454.3535432327708,,,,,,,-10332.471184770862,11325.639390490795
front,G,34750.0,198.42761390622974,False,0,3,1454.3535432327708,,,,,,,-21263.450587875028,22052.770562648286
front,H,34750.0,198.42761390622974,False,0,3,1454.3535432327708,,,,,,,-43125.409394083355,43507.03290696327
front,A,35000.0,199.85515069692204,True,3,3,1454.3535432327708,326.14683423635626,326.14676534671173,326.14690006306176,0.24616747767324995,0.24614734420739248,0.24618854795616096,256.2174744939249,933.8623200446511
front,B,35000.0,199.85515069692204,False,0,3,1454.3535432327708,,,,,,,-86.07326934545101,1269.2164217560016
front,C,35000.0,199.85515069692204,False,0,3,1454.3535432327708,,,,,,,-770.6547570242028,1939.9246251787024
front,D,35000.0,199.85515069692204,False,0,3,1454.3535432327708,,,,,,,-2139.8177323817063,3281.341032024104
front,E,35000.0,199.85515069692204,False,0,3,1454.3535432327708,,,,,,,-4878.143683096713,5964.173845714908
front,F,35000.0,199.85515069692204,False,0,3,1454.3535432327708,,,,,,,-10354.795584526726,11329.839473096516
front,G,35000.0,199.85515069692204,False,0,3,1454.3535432327708,,,,,,,-21308.099387386756,22061.170727859728
front,H,35000.0,199.85515069692204,False,0,3,1454.3535432327708,,,,,,,-43214.70699310681,43523.833237386156
front,A,35250.0,201.28268748761434,True,3,3,1454.3535432327708,326.1437463010633,326.14367685646596,326.1438127532087,0.24711193994522151,0.24709161518505773,0.24713317996352124,255.5256073194462,933.9896570411629
front,B,35250.0,201.28268748761434,False,0,3,1454.3535432327708,,,,,,,-87.45700369440837,1269.471095749025
front,C,35250.0,201.28268748761434,False,0,3,1454.3535432327708,,,,,,,-773.4222257221174,1940.4339731647492
front,D,35250.0,201.28268748761434,False,0,3,1454.3535432327708,,,,,,,-2145.352669777536,3282.3597279961973
front,E,35250.0,201.28268748761434,False,0,3,1454.3535432327708,,,,,,,-4889.213557888373,5966.211237659094
front,F,35250.0,201.28268748761434,False,0,3,1454.3535432327708,,,,,,,-10376.935334110045,11333.914256984888
front,G,35250.0,201.28268748761434,False,0,3,1454.3535432327708,,,,,,,-21352.378886553393,22069.320295636473
front,H,35250.0,201.28268748761434,False,0,3,1454.3535432327708,,,,,,,-43303.26599144009,43540.132372939646
front,A,35500.0,202.71022427830664,True,3,3,1454.3535432327708,326.1406583159193,326.1405883119853,326.14072539823144,0.248056417464367,0.24803589996419406,0.24807782855893468,254.8394468748567,934.1131703830374
front,B,35500.0,202.71022427830664,False,0,3,1454.3535432327708,,,,,,,-88.82932458358738,1269.718122432774
front,C,35500.0,202.71022427830664,False,0,3,1454.3535432327708,,,,,,,-776.1668675004755,1940.9280265322473
front,D,35500.0,202.71022427830664,False,0,3,1454.3535432327708,,,,,,,-2150.8419533342517,3283.347834731194
front,E,35500.0,202.71022427830664,False,0,3,1454.3535432327708,,,,,,,-4900.192125001804,5968.187451129087
front,F,35500.0,202.71022427830664,False,0,3,1454.3535432327708,,,,,,,-10398.892468336908,11337.866683924874
front,G,35500.0,202.71022427830664,False,0,3,1454.3535432327708,,,,,,,-21396.29315500712,22077.225149516446
front,H,35500.0,202.71022427830664,False,0,3,1454.3535432327708,,,,,,,-43391.09452834754,43555.94208069959
front,A,35750.0,204.13776106899894,True,3,3,1454.3535432327708,326.13757028423083,326.13749971656733,326.1376380013993,0.2490009092194545,0.2489801975449013,0.24902249273381916,254.15893098718783,934.2329505558291
front,B,35750.0,204.13776106899894,False,0,3,1454.3535432327708,,,,,,,-90.19035635892509,1269.9576827783576
front,C,35750.0,204.13776106899894,False,0,3,1454.3535432327708,,,,,,,-778.888931051151,1941.4071472234143
front,D,35750.0,204.13776106899894,False,0,3,1454.3535432327708,,,,,,,-2156.286080435603,3284.306076113528
front,E,35750.0,204.13776106899894,False,0,3,1454.3535432327708,,,,,,,-4911.080379204506,5970.103933893755
front,F,35750.0,204.13776106899894,False,0,3,1454.3535432327708,,,,,,,-10420.668976742312,11341.69964945421
front,G,35750.0,204.13776106899894,False,0,3,1454.3535432327708,,,,,,,-21439.846171817928,22084.89108057512
front,H,35750.0,204.13776106899894,False,0,3,1454.3535432327708,,,,,,,-43478.200561969155,43571.27394281694
front,A,36000.0,205.56529785969124,True,3,3,1454.3535432327708,326.13448220901586,326.1344110732238,326.1345505656926,0.24994541428733733,0.24992450701560864,0.24996717156698933,253.48399886129366,934.3490866100716
front,B,36000.0,205.56529785969124,False,0,3,1454.3535432327708,,,,,,,-91.54022061071346,1270.1899548868425
front,C,36000.0,205.56529785969124,False,0,3,1454.3535432327708,,,,,,,-781.5886595547277,1941.8716914403838
front,D,36000.0,205.56529785969124,False,0,3,1454.3535432327708,,,,,,,-2161.6855374427564,3285.235164547467
front,E,36000.0,205.56529785969124,False,0,3,1454.3535432327708,,,,,,,-4921.8792932188135,5971.962110761633
front,F,36000.0,205.56529785969124,False,0,3,1454.3535432327708,,,,,,,-10442.266804770927,11345.416003189966
front,G,36000.0,205.56529785969124,False,0,3,1454.3535432327708,,,,,,,-21483.041827875157,22092.32378804663
front,H,36000.0,205.56529785969124,False,0,3,1454.3535432327708,,,,,,,-43564.59187408361,43586.13935775996
front,A,36250.0,206.99283465038354,True,3,3,1454.3535432327708,326.13139409301925,326.13132238469586,326.13146309381705,0.25088993182851665,0.25086882754875584,0.2509118642200825,252.81459104361878,934.4616661711595
front,B,36250.0,206.99283465038354,False,0,3,1454.3535432327708,,,,,,,-92.87903624606322,1270.4151140090185
front,C,36250.0,206.99283465038354,False,0,3,1454.3535432327708,,,,,,,-784.2662908254272,1942.3220096847363
front,D,36250.0,206.99283465038354,False,0,3,1454.3535432327708,,,,,,,-2167.0407999841555,3286.1358010361714
front,E,36250.0,206.99283465038354,False,0,3,1454.3535432327708,,,,,,,-4932.589818301612,5973.763383739042
front,F,36250.0,206.99283465038354,False,0,3,1454.3535432327708,,,,,,,-10463.687854936523,11349.018549144785
front,G,36250.0,206.99283465038354,False,0,3,1454.3535432327708,,,,,,,-21525.88392820635,22099.528879956266
front,H,36250.0,206.99283465038354,False,0,3,1454.3535432327708,,,,,,,-43650.276074746,43600.54954157923
front,A,36500.0,208.42037144107584,True,3,3,1454.3535432327708,326.1283059387267,326.1282336534679,326.12837558821866,0.25183446108269686,0.2518131583962302,0.2518565699332176,252.15064938692555,934.5707754494046
front,B,36500.0,208.42037144107584,False,0,3,1454.3535432327708,,,,,,,-94.20691955944969,1270.6333325655085
front,C,36500.0,208.42037144107584,False,0,3,1454.3535432327708,,,,,,,-786.9220574522001,1942.7584467977156
front,D,36500.0,208.42037144107584,False,0,3,1454.3535432327708,,,,,,,-2172.3523332377013,3287.0086752621305
front,E,36500.0,208.42037144107584,False,0,3,1454.3535432327708,,,,,,,-4943.212884808703,5975.50913219096
front,F,36500.0,208.42037144107584,False,0,3,1454.3535432327708,,,,,,,-10484.933987950706,11352.510046048621
front,G,36500.0,208.42037144107584,False,0,3,1454.3535432327708,,,,,,,-21568.376194234716,22106.51187376394
front,H,36500.0,208.42037144107584,False,0,3,1454.3535432327708,,,,,,,-43735.26060680273,43614.51552919458
front,A,36750.0,209.84790823176814,True,3,3,1454.3535432327708,326.1252177483779,326.1251448817805,326.12528805109616,0.25277900136492965,0.25275749888551413,0.25280128802107615,251.4921170159471,934.6764992502601
front,B,36750.0,209.84790823176814,False,0,3,1454.3535432327708,,,,,,,-95.52398430140657,1270.8447801672194
front,C,36750.0,209.84790823176814,False,0,3,1454.3535432327708,,,,,,,-789.5561869361139,1943.1813420011383
front,D,36750.0,209.84790823176814,False,0,3,1454.3535432327708,,,,,,,-2177.6205922055287,3287.854465668976
front,E,36750.0,209.84790823176814,False,0,3,1454.3535432327708,,,,,,,-4953.749402744358,5977.200713004651
front,F,36750.0,209.84790823176814,False,0,3,1454.3535432327708,,,,,,,-10506.007023822016,11355.893207676003
front,G,36750.0,209.84790823176814,False,0,3,1454.3535432327708,,,,,,,-21610.522265977335,22113.278197018702
front,H,36750.0,209.84790823176814,False,0,3,1454.3535432327708,,,,,,,-43819.55275028797,43628.048175704105
front,A,37000.0,211.27544502246045,True,3,3,1454.3535432327708,326.122129523979,326.12205607164384,326.1222004844146,0.2537235520615355,0.2537018484156328,0.2537460178688722,250.83893829394776,934.7789209847227
front,B,37000.0,211.27544502246045,False,0,3,1454.3535432327708,,,,,,,-96.83034174540525,1271.0496236361446
front,C,37000.0,211.27544502246045,False,0,3,1454.3535432327708,,,,,,,-792.1689018241112,1943.5910289389883
front,D,37000.0,211.27544502246045,False,0,3,1454.3535432327708,,,,,,,-2182.8460219815233,3288.673839544676
front,E,37000.0,211.27544502246045,False,0,3,1454.3535432327708,,,,,,,-4964.200262296347,5978.839460756051
front,F,37000.0,211.27544502246045,False,0,3,1454.3535432327708,,,,,,,-10526.908742925994,11359.170703178803
front,G,37000.0,211.27544502246045,False,0,3,1454.3535432327708,,,,,,,-21652.325704185292,22119.833188024302
front,H,37000.0,211.27544502246045,False,0,3,1454.3535432327708,,,,,,,-43903.159626703884,43641.158157715305
front,A,37250.0,212.70298181315275,True,3,3,1454.3535432327708,326.1190412673152,326.11896722484886,326.11911288991655,0.25466811262655115,0.25464620645353486,0.25469075892881055,250.19105879016064,934.8781226798959
front,B,37250.0,212.70298181315275,False,0,3,1454.3535432327708,,,,,,,-98.12610075297947,1271.248027026491
front,C,37250.0,212.70298181315275,False,0,3,1454.3535432327708,,,,,,,-794.7604198392597,1943.987835719681
front,D,37250.0,212.70298181315275,False,0,3,1454.3535432327708,,,,,,,-2188.0290580118203,3289.467453106061
front,E,37250.0,212.70298181315275,False,0,3,1454.3535432327708,,,,,,,-4974.566334356941,5980.426687878821
front,F,37250.0,212.70298181315275,False,0,3,1454.3535432327708,,,,,,,-10547.640887047182,11362.345157424343
front,G,37250.0,212.70298181315275,False,0,3,1454.3535432327708,,,,,,,-21693.789992427668,22126.182096515382
front,H,37250.0,212.70298181315275,False,0,3,1454.3535432327708,,,,,,,-43986.088203188636,43653.855974697464
front,A,37500.0,214.13051860384505,True,3,3,1454.3535432327708,326.11595297996195,326.1158783429795,326.1160252691346,0.2556126825781139,0.25559057253056183,0.2556355107164454,249.5484252480822,934.9741849897258
front,B,37500.0,214.13051860384505,False,0,3,1454.3535432327708,,,,,,,-99.41136783713638,1271.440151646151
front,C,37500.0,214.13051860384505,False,0,3,1454.3535432327708,,,,,,,-797.3309540075735,1944.3720849590006
front,D,37500.0,214.13051860384505,False,0,3,1454.3535432327708,,,,,,,-2193.170126348448,3290.2359515847006
front,E,37500.0,214.13051860384505,False,0,3,1454.3535432327708,,,,,,,-4984.848471030196,5981.963684836101
front,F,37500.0,214.13051860384505,False,0,3,1454.3535432327708,,,,,,,-10568.205160393692,11365.419151338901
front,G,37500.0,214.13051860384505,False,0,3,1454.3535432327708,,,,,,,-21734.91853912069,22132.3300843445
front,H,37500.0,214.13051860384505,False,0,3,1454.3535432327708,,,,,,,-44068.34529657468,43666.1519503557
front,A,37750.0,215.55805539453735,True,3,3,1454.3535432327708,326.1128646632959,326.11278942742325,326.1129376234015,0.25655726149516794,0.2565349462390065,0.25658027280742735,248.91098555459692,935.0671872058973
front,B,37750.0,215.55805539453735,False,0,3,1454.3535432327708,,,,,,,-100.68624722410694,1271.626156078494
front,C,37750.0,215.55805539453735,False,0,3,1454.3535432327708,,,,,,,-799.8807127815146,1944.7440938236873
front,D,37750.0,215.55805539453735,False,0,3,1454.3535432327708,,,,,,,-2198.2696438963303,3290.9799693140735
front,E,37750.0,215.55805539453735,False,0,3,1454.3535432327708,,,,,,,-4995.047506125961,5983.451720294846
front,F,37750.0,215.55805539453735,False,0,3,1454.3535432327708,,,,,,,-10588.603230585222,11368.395222256393
front,G,37750.0,215.55805539453735,False,0,3,1454.3535432327708,,,,,,,-21775.714679503748,22138.282226179483
front,H,37750.0,215.55805539453735,False,0,3,1454.3535432327708,,,,,,,-44149.937577340796,43678.056234025666
front,A,38000.0,216.98559218522965,True,3,3,1454.3535432327708,326.1097763185055,326.1097004793817,326.1098499538613,0.2575018490142078,0.25747932722897104,0.2575250448341948,248.27868870990952,935.1572072688923
front,B,38000.0,216.98559218522965,False,0,3,1454.3535432327708,,,,,,,-101.9508409134817,1271.806196204484
front,C,38000.0,216.98559218522965,False,0,3,1454.3535432327708,,,,,,,-802.4099001602642,1945.1041740756666
front,D,38000.0,216.98559218522965,False,0,3,1454.3535432327708,,,,,,,-2203.328018653829,3291.7001298180326
front,E,38000.0,216.98559218522965,False,0,3,1454.3535432327708,,,,,,,-5005.164255640959,5984.8920413027645
front,F,38000.0,216.98559218522965,False,0,3,1454.3535432327708,,,,,,,-10608.836729615217,11371.27586427223
front,G,38000.0,216.98559218522965,False,0,3,1454.3535432327708,,,,,,,-21816.181677563738,22144.043510211155
front,H,38000.0,216.98559218522965,False,0,3,1454.3535432327708,,,,,,,-44230.871573460776,43689.57880208901
front,A,38250.0,218.41312897592195,True,3,3,1454.3535432327708,326.10668794660074,326.1066114998802,326.1067622614792,0.2584464448263139,0.2584237152052915,0.2584698264831542,247.65148479826325,935.2443217792037
front,B,38250.0,218.41312897592195,False,0,3,1454.3535432327708,,,,,,,-103.20524873677425,1271.9804252251067
front,C,38250.0,218.41312897592195,False,0,3,1454.3535432327708,,,,,,,-804.9187158068493,1945.4526321169128
front,D,38250.0,218.41312897592195,False,0,3,1454.3535432327708,,,,,,,-2208.3456499469994,3292.3970459005245
front,E,38250.0,218.41312897592195,False,0,3,1454.3535432327708,,,,,,,-5015.199518227299,5986.285873467748
front,F,38250.0,218.41312897592195,False,0,3,1454.3535432327708,,,,,,,-10628.907254787899,11374.063528602197
front,G,38250.0,218.41312897592195,False,0,3,1454.3535432327708,,,,,,,-21856.3227279091,22149.61883887109
front,H,38250.0,218.41312897592195,False,0,3,1454.3535432327708,,,,,,,-44311.1536741515,43700.72945940888
front,A,38500.0,219.84066576661425,True,3,3,1454.3535432327708,326.10359954842306,326.10352248977796,326.10367454705073,0.259391048674155,0.259368109924607,0.25941461749154904,247.02932495941945,935.3286060087044
front,B,38500.0,219.84066576661425,False,0,3,1454.3535432327708,,,,,,,-104.44956841446188,1272.1489936841078
front,C,38500.0,219.84066576661425,False,0,3,1454.3535432327708,,,,,,,-807.4073551622245,1945.7897690349153
front,D,38500.0,219.84066576661425,False,0,3,1454.3535432327708,,,,,,,-2213.32292865775,3293.07131973653
front,E,38500.0,219.84066576661425,False,0,3,1454.3535432327708,,,,,,,-5025.1540756488,5987.634421139759
front,F,38500.0,219.84066576661425,False,0,3,1454.3535432327708,,,,,,,-10648.8163696309,11376.760623946218
front,G,38500.0,219.84066576661425,False,0,3,1454.3535432327708,,,,,,,-21896.140957595104,22155.013029559133
front,H,38500.0,219.84066576661425,False,0,3,1454.3535432327708,,,,,,,-44390.79013352351,43711.51784078497
front,A,38750.0,221.26820255730655,True,3,3,1454.3535432327708,326.1005111246539,326.1004334497764,326.10058681121126,0.2603356603492794,0.26031251119259524,0.2603594176447954,246.41216136087843,935.4101339121623
front,B,38750.0,221.26820255730655,False,0,3,1454.3535432327708,,,,,,,-105.68389561154387,1272.3120494910238
front,C,38750.0,221.26820255730655,False,0,3,1454.3535432327708,,,,,,,-809.8760095563886,1946.115880648747
front,D,38750.0,221.26820255730655,False,0,3,1454.3535432327708,,,,,,,-2218.260237446078,3293.723542964193
front,E,38750.0,221.26820255730655,False,0,3,1454.3535432327708,,,,,,,-5035.028693225457,5988.938867595085
front,F,38750.0,221.26820255730655,False,0,3,1454.3535432327708,,,,,,,-10668.565604784213,11379.36951685687
front,G,38750.0,221.26820255730655,False,0,3,1454.3535432327708,,,,,,,-21935.63942790173,22160.230815380437
front,H,38750.0,221.26820255730655,False,0,3,1454.3535432327708,,,,,,,-44469.78707413676,43721.953412427574
front,A,39000.0,222.69573934799882,True,3,3,1454.3535432327708,326.09742267582374,326.09734438042807,326.0974990544445,0.2612802796894724,0.26125691886131897,0.2613042267739174,245.79994717082081,935.4889781389027
front,B,39000.0,222.69573934799882,False,0,3,1454.3535432327708,,,,,,,-106.90832399165913,1272.4697379445047
front,C,39000.0,222.69573934799882,False,0,3,1454.3535432327708,,,,,,,-812.324866316619,1946.4312575557085
front,D,39000.0,222.69573934799882,False,0,3,1454.3535432327708,,,,,,,-2223.157950966539,3294.3542967781163
front,E,39000.0,222.69573934799882,False,0,3,1454.3535432327708,,,,,,,-5044.8241202663785,5990.200375222932
front,F,39000.0,222.69573934799882,False,0,3,1454.3535432327708,,,,,,,-10688.156458866057,11381.892532112564
front,G,39000.0,222.69573934799882,False,0,3,1454.3535432327708,,,,,,,-21974.821136065417,22165.276845891825
front,H,39000.0,222.69573934799882,False,0,3,1454.3535432327708,,,,,,,-44548.15049046413,43732.04547345035
front,A,39250.0,224.12327613869112,True,3,3,1454.3535432327708,326.0943342023199,326.0942552821448,326.09441127709056,0.262224906576225,0.2622013328267503,0.2622490447529713,245.19263653174457,935.5652100446098
front,B,39250.0,224.12327613869112,False,0,3,1454.3535432327708,,,,,,,-108.12294526981162,1272.6222017559187
front,C,39250.0,224.12327613869112,False,0,3,1454.3535432327708,,,,,,,-814.754108872924,1946.736185178537
front,D,39250.0,224.12327613869112,False,0,3,1454.3535432327708,,,,,,,-2228.016436079149,3294.964152023773
front,E,39250.0,224.12327613869112,False,0,3,1454.3535432327708,,,,,,,-5054.541090491599,5991.420085714245
front,F,39250.0,224.12327613869112,False,0,3,1454.3535432327708,,,,,,,-10707.590399316497,11384.33195309519
front,G,39250.0,224.12327613869112,False,0,3,1454.3535432327708,,,,,,,-22013.6890169663,22170.155687857077
front,H,39250.0,224.12327613869112,False,0,3,1454.3535432327708,,,,,,,-44625.8862522659,43741.803157380855
front,A,39500.0,225.55081292938343,True,3,3,1454.3535432327708,326.0912457043949,326.0911661552054,326.0913234793543,0.2631695409323398,0.2631457530262171,0.2631938714966475,244.5901845347859,935.6388997032618
front,B,39500.0,225.55081292938343,False,0,3,1454.3535432327708,,,,,,,-109.32784926372895,1272.769581073223
front,C,39500.0,225.55081292938343,False,0,3,1454.3535432327708,,,,,,,-817.1639168607587,1947.0309438131449
front,D,39500.0,225.55081292938343,False,0,3,1454.3535432327708,,,,,,,-2232.836052054818,3295.553669292989
front,E,39500.0,225.55081292938343,False,0,3,1454.3535432327708,,,,,,,-5064.180322442937,5992.5991202526775
front,F,39500.0,225.55081292938343,False,0,3,1454.3535432327708,,,,,,,-10726.868863219173,11386.690022172055
front,G,39500.0,225.55081292938343,False,0,3,1454.3535432327708,,,,,,,-22052.24594477165,22174.871826010807
front,H,39500.0,225.55081292938343,False,0,3,1454.3535432327708,,,,,,,-44703.0001078766,43751.235433688315
front,A,39750.0,226.97834972007573,True,3,3,1454.3535432327708,326.0881571821736,326.08807699976353,326.0882356613124,0.2641141827196103,0.26409017943627155,0.2641387069579726,243.99254719469212,935.7101159191998
front,B,39750.0,226.97834972007573,False,0,3,1454.3535432327708,,,,,,,-110.52312394391652,1272.912013505099
front,C,39750.0,226.97834972007573,False,0,3,1454.3535432327708,,,,,,,-819.5544662211338,1947.3158086768974
front,D,39750.0,226.97834972007573,False,0,3,1454.3535432327708,,,,,,,-2237.6171507755685,3296.1233990204937
front,E,39750.0,226.97834972007573,False,0,3,1454.3535432327708,,,,,,,-5073.742519884438,5993.738579707687
front,F,39750.0,226.97834972007573,False,0,3,1454.3535432327708,,,,,,,-10745.993258102175,11388.968941082074
front,G,39750.0,226.97834972007573,False,0,3,1454.3535432327708,,,,,,,-22090.494734537653,22179.429663830844
front,H,39750.0,226.97834972007573,False,0,3,1454.3535432327708,,,,,,,-44779.497687408606,43760.35110932839
front,A,40000.0,228.40588651076803,True,3,3,1454.3535432327708,326.08506863566015,326.0849878158539,326.08514782292065,0.26505883193675234,0.2650346120704583,0.26508355112632165,243.3996814254413,935.7789262393172
front,B,40000.0,228.40588651076803,False,0,3,1454.3535432327708,,,,,,,-111.70885548241817,1273.0496341453336
front,C,40000.0,228.40588651076803,False,0,3,1454.3535432327708,,,,,,,-821.9259292981371,1947.5910499573667
front,D,40000.0,228.40588651076803,False,0,3,1454.3535432327708,,,,,,,-2242.360076929575,3296.673881581433
front,E,40000.0,228.40588651076803,False,0,3,1454.3535432327708,,,,,,,-5083.2283721924505,5994.839544829565
front,F,40000.0,228.40588651076803,False,0,3,1454.3535432327708,,,,,,,-10764.9649627182,11391.17087132583
front,G,40000.0,228.40588651076803,False,0,3,1454.3535432327708,,,,,,,-22128.438143769705,22183.833524318357
front,H,40000.0,228.40588651076803,False,0,3,1454.3535432327708,,,,,,,-44855.38450587271,43769.158830303415
front,A,40250.0,229.83342330146033,True,3,3,1454.3535432327708,326.0819800647455,326.0818986034001,326.0820599640209,0.266003488617154,0.2659790509771165,0.2660284040250649,242.8115450164764,935.8453969653723
front,B,40250.0,229.83342330146033,False,0,3,1454.3535432327708,,,,,,,-112.88512830034794,1273.182575597444
front,C,40250.0,229.83342330146033,False,0,3,1454.3535432327708,,,,,,,-824.2784749339967,1947.856932861587
front,D,40250.0,229.83342330146033,False,0,3,1454.3535432327708,,,,,,,-2247.065168201294,3297.205647389873
front,E,40250.0,229.83342330146033,False,0,3,1454.3535432327708,,,,,,,-5092.638554735889,5995.903076446445
front,F,40250.0,229.83342330146033,False,0,3,1454.3535432327708,,,,,,,-10783.785327805077,11393.29793455959
front,G,40250.0,229.83342330146033,False,0,3,1454.3535432327708,,,,,,,-22166.078873943457,22188.087650785877
front,H,40250.0,229.83342330146033,False,0,3,1454.3535432327708,,,,,,,-44930.665966220215,43777.667083238455
front,A,40500.0,231.26096009215263,True,3,3,1454.3535432327708,326.0788914692131,326.07880936222017,326.0789720843475,0.2669481528270401,0.26692349623751443,0.2669732657098356,242.22809660954823,935.9095931664135
front,B,40500.0,231.26096009215263,False,0,3,1454.3535432327708,,,,,,,-114.05202511420428,1273.3109679995264
front,C,40500.0,231.26096009215263,False,0,3,1454.3535432327708,,,,,,,-826.6122685617094,1948.113717665752
front,D,40500.0,231.26096009215263,False,0,3,1454.3535432327708,,,,,,,-2251.7327554567196,3297.7192169982027
front,E,40500.0,231.26096009215263,False,0,3,1454.3535432327708,,,,,,,-5101.97372924674,5996.930215663105
front,F,40500.0,231.26096009215263,False,0,3,1454.3535432327708,,,,,,,-10802.45567682678,11395.35221299291
front,G,40500.0,231.26096009215263,False,0,3,1454.3535432327708,,,,,,,-22203.419571986862,22192.196207652516
front,H,40500.0,231.26096009215263,False,0,3,1454.3535432327708,,,,,,,-45005.347362307024,43785.88419697173
front,A,40750.0,232.68849688284493,True,3,3,1454.3535432327708,326.0758028487455,326.0757200920334,326.0758841835335,0.26789282466349223,0.2678679479638957,0.2679181362665206,241.64929567613873,935.9715786913137
front,B,40750.0,232.68849688284493,False,0,3,1454.3535432327708,,,,,,,-115.20962698102328,1273.4349390493264
front,C,40750.0,232.68849688284493,False,0,3,1454.3535432327708,,,,,,,-828.9274722953473,1948.3616597653522
front,D,40750.0,232.68849688284493,False,0,3,1454.3535432327708,,,,,,,-2256.3631629239953,3298.215101197404
front,E,40750.0,232.68849688284493,False,0,3,1454.3535432327708,,,,,,,-5111.234544181291,5997.921984061507
front,F,40750.0,232.68849688284493,False,0,3,1454.3535432327708,,,,,,,-10820.977306695882,11397.335749789714
front,G,40750.0,232.68849688284493,False,0,3,1454.3535432327708,,,,,,,-22240.462831725068,22196.163281246125
front,H,40750.0,232.68849688284493,False,0,3,1454.3535432327708,,,,,,,-45079.433881783436,43793.81834415895
front,A,41000.0,234.11603367353723,True,3,3,1454.3535432327708,326.0727142029302,326.0726307924659,326.0727962611164,0.2688375042526799,0.26881240629768044,0.268863015809484,241.0751024954564,936.0314161814076
front,B,41000.0,234.11603367353723,False,0,3,1454.3535432327708,,,,,,,-116.35801334238795,1273.5546140295144
front,C,41000.0,234.11603367353723,False,0,3,1454.3535432327708,,,,,,,-831.2242450180767,1948.601009725728
front,D,41000.0,234.11603367353723,False,0,3,1454.3535432327708,,,,,,,-2260.956708369454,3298.6938011181555
front,E,41000.0,234.11603367353723,False,0,3,1454.3535432327708,,,,,,,-5120.421635072209,5998.87938390301
front,F,41000.0,234.11603367353723,False,0,3,1454.3535432327708,,,,,,,-10839.351488477718,11399.250549472721
front,G,41000.0,234.11603367353723,False,0,3,1454.3535432327708,,,,,,,-22277.21119528874,22199.99288061214
front,H,41000.0,234.11603367353723,False,0,3,1454.3535432327708,,,,,,,-45152.93060891078,43801.47754289098
front,A,41250.0,235.54357046422953,True,3,3,1454.3535432327708,326.0696255312652,326.069541463056,326.06970831654445,0.2697821917481173,0.2697568714076892,0.26980790447989067,240.5054781329816,936.0891670832259
front,B,41250.0,235.54357046422953,False,0,3,1454.3535432327708,,,,,,,-117.49726206733756,1273.670115833151
front,C,41250.0,235.54357046422953,False,0,3,1454.3535432327708,,,,,,,-833.5027424679758,1948.8320133330014
front,D,41250.0,235.54357046422953,False,0,3,1454.3535432327708,,,,,,,-2265.513703269253,3299.155808332702
front,E,41250.0,235.54357046422953,False,0,3,1454.3535432327708,,,,,,,-5129.535624871806,5999.803398332103
front,F,41250.0,235.54357046422953,False,0,3,1454.3535432327708,,,,,,,-10857.579468076912,11401.098578330906
front,G,41250.0,235.54357046422953,False,0,3,1454.3535432327708,,,,,,,-22313.667154487128,22203.68893832851
front,H,41250.0,235.54357046422953,False,0,3,1454.3535432327708,,,,,,,-45225.842527307555,43808.86965832372
front,A,41500.0,236.97110725492183,True,3,3,1454.3535432327708,326.06653683316466,326.06645210325996,326.066620349181,0.27072688732904987,0.27070134348857744,0.2707528024440742,239.94038441954737,936.1448916613214
front,B,41500.0,236.97110725492183,False,0,3,1454.3535432327708,,,,,,,-118.627449494206,1273.7815649893419
front,C,41500.0,236.97110725492183,False,0,3,1454.3535432327708,,,,,,,-835.7631173217128,1949.0549116453833
front,D,41500.0,236.97110725492183,False,0,3,1454.3535432327708,,,,,,,-2270.0344529767262,3299.601604957466
front,E,41500.0,236.97110725492183,False,0,3,1454.3535432327708,,,,,,,-5138.577124286753,6000.694991581631
front,F,41500.0,236.97110725492183,False,0,3,1454.3535432327708,,,,,,,-10875.662466906806,11402.881764829963
front,G,41500.0,236.97110725492183,False,0,3,1454.3535432327708,,,,,,,-22349.833152146915,22207.255311326622
front,H,41500.0,236.97110725492183,False,0,3,1454.3535432327708,,,,,,,-45298.17452262713,43816.002404319945
front,A,41750.0,238.39864404561413,True,3,3,1454.3535432327708,326.0634481079634,326.06336271245675,326.0635323583106,0.2716715911988817,0.27164582275919225,0.2716977098919715,239.3797839309415,936.1986490111805
front,B,41750.0,238.39864404561413,False,0,3,1454.3535432327708,,,,,,,-119.74865047141778,1273.88907968906
front,C,41750.0,238.39864404561413,False,0,3,1454.3535432327708,,,,,,,-838.0055192761363,1949.2699410448195
front,D,41750.0,238.39864404561413,False,0,3,1454.3535432327708,,,,,,,-2274.5192568855737,3300.031663756338
front,E,41750.0,238.39864404561413,False,0,3,1454.3535432327708,,,,,,,-5147.546732104448,6001.555109179375
front,F,41750.0,238.39864404561413,False,0,3,1454.3535432327708,,,,,,,-10893.601682542196,11404.60200002545
front,G,41750.0,238.39864404561413,False,0,3,1454.3535432327708,,,,,,,-22385.711583417695,22210.695781717597
front,H,41750.0,238.39864404561413,False,0,3,1454.3535432327708,,,,,,,-45369.93138516869,43822.883345101895
front,A,42000.0,239.82618083630643,True,3,3,1454.3535432327708,326.0603593549225,326.0602732899533,326.0604443431436,0.2726163035835912,0.27259030946106266,0.27264262703557973,238.82363996801257,936.2504970722147
front,B,42000.0,239.82618083630643,False,0,3,1454.3535432327708,,,,,,,-120.86093839727563,1273.9927758111285
front,C,42000.0,239.82618083630643,False,0,3,1454.3535432327708,,,,,,,-840.230095127852,1949.4773332889565
front,D,42000.0,239.82618083630643,False,0,3,1454.3535432327708,,,,,,,-2278.968408589005,3300.4464482446124
front,E,42000.0,239.82618083630643,False,0,3,1454.3535432327708,,,,,,,-5156.44503551131,6002.384678155924
front,F,42000.0,239.82618083630643,False,0,3,1454.3535432327708,,,,,,,-10911.39828935592,11406.261137978549
front,G,42000.0,239.82618083630643,False,0,3,1454.3535432327708,,,,,,,-22421.304797045144,22214.014057623794
front,H,42000.0,239.82618083630643,False,0,3,1454.3535432327708,,,,,,,-45441.11781242359,43829.51989691429
front,A,42250.0,241.25371762699874,True,3,3,1454.3535432327708,326.0572705732336,326.0571838349884,326.05735630282055,0.27356102473049165,0.2735348038570673,0.2735875541076904,238.27191653726842,936.3004926408252
front,B,42250.0,241.25371762699874,False,0,3,1454.3535432327708,,,,,,,-121.9643852587639,1274.0927669483494
front,C,42250.0,241.25371762699874,False,0,3,1454.3535432327708,,,,,,,-842.4369888508286,1949.6773155633982
front,D,42250.0,241.25371762699874,False,0,3,1454.3535432327708,,,,,,,-2283.382196034958,3300.846412793496
front,E,42250.0,241.25371762699874,False,0,3,1454.3535432327708,,,,,,,-5165.272610403216,6003.184607253691
front,F,42250.0,241.25371762699874,False,0,3,1454.3535432327708,,,,,,,-10929.053439139732,11407.860996174082
front,G,42250.0,241.25371762699874,False,0,3,1454.3535432327708,,,,,,,-22456.615096612768,22217.21377401486
front,H,42250.0,241.25371762699874,False,0,3,1454.3535432327708,,,,,,,-45511.738411558836,43835.91932969642
front,A,42500.0,242.68125441769104,True,3,3,1454.3535432327708,326.05418176202335,326.05409434673817,326.05426823641704,0.27450575490665097,0.27447930622992445,0.2745324913603131,237.72457833194764,936.3486913835358
front,B,42500.0,242.68125441769104,False,0,3,1454.3535432327708,,,,,,,-123.05906166940547,1274.1891644337707
front,C,42500.0,242.68125441769104,False,0,3,1454.3535432327708,,,,,,,-844.6263416721117,1949.8701105342407
front,D,42500.0,242.68125441769104,False,0,3,1454.3535432327708,,,,,,,-2287.760901677524,3301.2320027351807
front,E,42500.0,242.68125441769104,False,0,3,1454.3535432327708,,,,,,,-5174.030021688349,6003.955787137061
front,F,42500.0,242.68125441769104,False,0,3,1454.3535432327708,,,,,,,-10946.568261709997,11409.403355940822
front,G,42500.0,242.68125441769104,False,0,3,1454.3535432327708,,,,,,,-22491.644741753298,22220.29849354834
front,H,42500.0,242.68125441769104,False,0,3,1454.3535432327708,,,,,,,-45581.797701839896,43842.08876876338
front,A,42750.0,244.10879120838334,True,3,3,1454.3535432327708,326.05109292035763,326.0510048243189,326.0511801429479,0.27545049439778496,0.27542381688094864,0.27547743906372046,237.18159071355745,936.3951478501874
front,B,42750.0,244.10879120838334,False,0,3,1454.3535432327708,,,,,,,-124.14503690618588,1274.282077367074
front,C,42750.0,244.10879120838334,False,0,3,1454.3535432327708,,,,,,,-846.7982921456725,1950.0559364008473
front,D,42750.0,244.10879120838334,False,0,3,1454.3535432327708,,,,,,,-2292.104802624646,3301.603654468394
front,E,42750.0,244.10879120838334,False,0,3,1454.3535432327708,,,,,,,-5182.717823582592,6004.699090603487
front,F,42750.0,244.10879120838334,False,0,3,1454.3535432327708,,,,,,,-10963.943865498484,11410.889962873674
front,G,42750.0,244.10879120838334,False,0,3,1454.3535432327708,,,,,,,-22526.395949330272,22223.271707414046
front,H,42750.0,244.10879120838334,False,0,3,1454.3535432327708,,,,,,,-45651.30011699384,43848.03519649479
front,A,43000.0,245.53632799907564,True,3,3,1454.3535432327708,326.04800404724585,326.04791526679264,326.04809202137096,0.27639524350686245,0.276368336128896,0.27642239750479414,236.64291969385792,936.439915487189
front,B,43000.0,245.53632799907564,False,0,3,1454.3535432327708,,,,,,,-125.2223789455849,1274.371612641077
front,C,43000.0,245.53632799907564,False,0,3,1454.3535432327708,,,,,,,-848.9529762244706,1950.2350069488537
front,D,43000.0,245.53632799907564,False,0,3,1454.3535432327708,,,,,,,-2296.414170782242,3301.9617955644067
front,E,43000.0,245.53632799907564,False,0,3,1454.3535432327708,,,,,,,-5191.336559897784,6005.415372795513
front,F,43000.0,245.53632799907564,False,0,3,1454.3535432327708,,,,,,,-10981.181338128868,11412.322527257726
front,G,43000.0,245.53632799907564,False,0,3,1454.3535432327708,,,,,,,-22560.87089459104,22226.136836182148
front,H,43000.0,245.53632799907564,False,0,3,1454.3535432327708,,,,,,,-45720.25000751538,43853.765454030996
front,A,43250.0,246.96386478976794,True,3,3,1454.3535432327708,326.0449151416446,326.0448256731696,326.0450038705916,0.27734000255302815,0.2773128643085765,0.27736736698626974,236.10853191728637,936.483046650817
front,B,43250.0,246.96386478976794,False,0,3,1454.3535432327708,,,,,,,-126.29115449872802,1274.4578749683333
front,C,43250.0,246.96386478976794,False,0,3,1454.3535432327708,,,,,,,-851.0905273307568,1950.4075316033657
front,D,43250.0,246.96386478976794,False,0,3,1454.3535432327708,,,,,,,-2300.6892729948145,3302.3068448734307
front,E,43250.0,246.96386478976794,False,0,3,1454.3535432327708,,,,,,,-5199.88676432293,6006.105471413561
front,F,43250.0,246.96386478976794,False,0,3,1454.3535432327708,,,,,,,-10998.281746979159,11413.702724493822
front,G,43250.0,246.96386478976794,False,0,3,1454.3535432327708,,,,,,,-22595.07171229162,22228.89723065434
front,H,43250.0,246.96386478976794,False,0,3,1454.3535432327708,,,,,,,-45788.65164291654,43859.28624297538
front,A,43500.0,248.39140158046024,True,3,3,1454.3535432327708,326.04182620246127,326.0417360424126,326.04191568946555,0.27828477187045547,0.2782574017699435,0.2783123478253824,235.5783946438023,936.5245926205606
front,B,43500.0,248.39140158046024,False,0,3,1454.3535432327708,,,,,,,-127.35142904569615,1274.5409669078206
front,C,43500.0,248.39140158046024,False,0,3,1454.3535432327708,,,,,,,-853.211076424693,1950.5737154823405
front,D,43500.0,248.39140158046024,False,0,3,1454.3535432327708,,,,,,,-2304.930371182687,3302.63921263138
front,E,43500.0,248.39140158046024,False,0,3,1454.3535432327708,,,,,,,-5208.3689606986745,6006.770206929459
front,F,43500.0,248.39140158046024,False,0,3,1454.3535432327708,,,,,,,-11015.246139730649,11415.032195525619
front,G,43500.0,248.39140158046024,False,0,3,1454.3535432327708,,,,,,,-22629.0004977946,22231.556172717934
front,H,43500.0,248.39140158046024,False,0,3,1454.3535432327708,,,,,,,-45856.5092139225,43864.60412710257
front,A,43750.0,249.81893837115254,True,3,3,1454.3535432327708,326.0387372285579,326.03864637344043,326.03882747680325,0.2792295518072252,0.27920194887687266,0.2792573403528231,235.0524757321483,936.5646036125038
front,B,43750.0,249.81893837115254,False,0,3,1454.3535432327708,,,,,,,-128.40326686900417,1274.6209888917067
front,C,43750.0,249.81893837115254,False,0,3,1454.3535432327708,,,,,,,-855.314752071309,1950.7337594501125
front,D,43750.0,249.81893837115254,False,0,3,1454.3535432327708,,,,,,,-2309.137722475919,3302.959300566924
front,E,43750.0,249.81893837115254,False,0,3,1454.3535432327708,,,,,,,-5216.783663285139,6007.410382800547
front,F,43750.0,249.81893837115254,False,0,3,1454.3535432327708,,,,,,,-11032.075544903577,11416.312547267795
front,G,43750.0,249.81893837115254,False,0,3,1454.3535432327708,,,,,,,-22662.659308140457,22234.116876202286
front,H,43750.0,249.81893837115254,False,0,3,1454.3535432327708,,,,,,,-45923.826834614214,43869.72553407127
front,A,44000.0,251.24647516184484,True,3,3,1454.3535432327708,326.03564821875415,326.03555666513085,326.03573923137276,0.2801743427243153,0.280146506006107,0.2802023449118174,234.53074362351052,936.6031287927406
front,B,44000.0,251.24647516184484,False,0,3,1454.3535432327708,,,,,,,-129.44673108627975,1274.6980392521803
front,C,44000.0,251.24647516184484,False,0,3,1454.3535432327708,,,,,,,-857.4016805058602,1950.88786017106
front,D,44000.0,251.24647516184484,False,0,3,1454.3535432327708,,,,,,,-2313.3115793450215,3303.2675020088195
front,E,44000.0,251.24647516184484,False,0,3,1454.3535432327708,,,,,,,-5225.131377023344,6008.026785684338
front,F,44000.0,251.24647516184484,False,0,3,1454.3535432327708,,,,,,,-11048.770972379987,11417.545353035377
front,G,44000.0,251.24647516184484,False,0,3,1454.3535432327708,,,,,,,-22696.050163093278,22236.58248773745
front,H,44000.0,251.24647516184484,False,0,3,1454.3535432327708,,,,,,,-45990.608544519855,43874.6567571416
front,A,44250.0,252.67401195253714,True,3,3,1454.3535432327708,326.03255917183066,326.03246691632415,326.0326509519032,0.28111914499468665,0.2810910735464134,0.28114736185708145,234.0131673255687,936.6402162908159
front,B,44250.0,252.67401195253714,False,0,3,1454.3535432327708,,,,,,,-130.48188368216336,1274.7722142483312
front,C,44250.0,252.67401195253714,False,0,3,1454.3535432327708,,,,,,,-859.4719856976275,1951.0362101633614
front,D,44250.0,252.67401195253714,False,0,3,1454.3535432327708,,,,,,,-2317.452189728556,3303.564201993422
front,E,44250.0,252.67401195253714,False,0,3,1454.3535432327708,,,,,,,-5233.412597790412,6008.620185653544
front,F,44250.0,252.67401195253714,False,0,3,1454.3535432327708,,,,,,,-11065.333413914124,11418.732152973787
front,G,44250.0,252.67401195253714,False,0,3,1454.3535432327708,,,,,,,-22729.175046161552,22238.95608761427
front,H,44250.0,252.67401195253714,False,0,3,1454.3535432327708,,,,,,,-46056.858310656404,43879.40395689524
front,A,44500.0,254.10154874322944,True,3,3,1454.3535432327708,326.0294700865322,326.02937712582593,326.02956263708757,0.28206395900223963,0.28203565189750535,0.2820923915539342,233.499716396926,936.6759132131882
front,B,44500.0,254.10154874322944,False,0,3,1454.3535432327708,,,,,,,-131.50878553944875,1274.8436080930755
front,C,44500.0,254.10154874322944,False,0,3,1454.3535432327708,,,,,,,-861.5257894121983,1951.1789978528502
front,D,44500.0,254.10154874322944,False,0,3,1454.3535432327708,,,,,,,-2321.559797157697,3303.8497773724
front,E,44500.0,254.10154874322944,False,0,3,1454.3535432327708,,,,,,,-5241.627812648695,6009.191336411499
front,F,44500.0,254.10154874322944,False,0,3,1454.3535432327708,,,,,,,-11081.76384363069,11419.874454489698
front,G,44500.0,254.10154874322944,False,0,3,1454.3535432327708,,,,,,,-22762.035905594683,22241.240690646093
front,H,44500.0,254.10154874322944,False,0,3,1454.3535432327708,,,,,,,-46122.580029522665,43883.973162958886
front,A,44750.0,255.52908553392174,True,3,3,1454.3535432327708,326.02638096157057,326.02628729241013,326.02647428558583,0.28300878514099975,0.28298024146922174,0.2830374343773645,232.99036093190907,936.7102656567063
front,B,44750.0,255.52908553392174,False,0,3,1454.3535432327708,,,,,,,-132.52749646948266,1274.9123129801117
front,C,44750.0,255.52908553392174,False,0,3,1454.3535432327708,,,,,,,-863.563211272266,1951.316407626923
front,D,44750.0,255.52908553392174,False,0,3,1454.3535432327708,,,,,,,-2325.634640877833,3304.124596920545
front,E,44750.0,255.52908553392174,False,0,3,1454.3535432327708,,,,,,,-5249.777500088967,6009.74097550779
front,F,44750.0,255.52908553392174,False,0,3,1454.3535432327708,,,,,,,-11098.063218511234,11420.97373268228
front,G,44750.0,255.52908553392174,False,0,3,1454.3535432327708,,,,,,,-22794.63465535577,22243.439247031256
front,H,44750.0,255.52908553392174,False,0,3,1454.3535432327708,,,,,,,-46187.77752904484,43888.37027572921
front,A,45000.0,256.95662232461405,True,3,3,1454.3535432327708,326.0232917956273,326.02319741482154,326.02338589602795,0.2839536238142408,0.28392484268064955,0.28398249071129866,232.48507154572454,936.7433187220961
front,B,45000.0,256.95662232461405,False,0,3,1454.3535432327708,,,,,,,-133.53807524185166,1274.9784191108913
front,C,45000.0,256.95662232461405,False,0,3,1454.3535432327708,,,,,,,-865.5843688170041,1951.4486198884817
front,D,45000.0,256.95662232461405,False,0,3,1454.3535432327708,,,,,,,-2329.676955967309,3304.389021443663
front,E,45000.0,256.95662232461405,False,0,3,1454.3535432327708,,,,,,,-5257.8621302679185,6010.269824554025
front,F,45000.0,256.95662232461405,False,0,3,1454.3535432327708,,,,,,,-11114.232478869137,11422.03143077475
front,G,45000.0,256.95662232461405,False,0,3,1454.3535432327708,,,,,,,-22826.973176071577,22245.554643216197
front,H,45000.0,256.95662232461405,False,0,3,1454.3535432327708,,,,,,,-46252.45457047645,43892.601068099095
front,A,45250.0,258.3841591153063,True,3,3,1454.3535432327708,326.020202587356,326.0201074917785,326.02029746701584,0.28489847543372954,0.28486945595936897,0.2849275609477342,231.9838193599674,936.7751165274509
front,B,45250.0,258.3841591153063,False,0,3,1454.3535432327708,,,,,,,-134.54057961336594,1275.042014721601
front,C,45250.0,258.3841591153063,False,0,3,1454.3535432327708,,,,,,,-867.5893775600326,1951.5758111099015
front,D,45250.0,258.3841591153063,False,0,3,1454.3535432327708,,,,,,,-2333.686973453366,3304.6434038865023
front,E,45250.0,258.3841591153063,False,0,3,1454.3535432327708,,,,,,,-5265.882165240033,6010.778589439704
front,F,45250.0,258.3841591153063,False,0,3,1454.3535432327708,,,,,,,-11130.272548813366,11423.048960546108
front,G,45250.0,258.3841591153063,False,0,3,1454.3535432327708,,,,,,,-22859.053315960035,22247.589702758913
front,H,45250.0,258.3841591153063,False,0,3,1454.3535432327708,,,,,,,-46316.61485025337,43896.671187184525
front,A,45500.0,259.81169590599865,True,3,3,1454.3535432327708,326.0171133353857,326.01701752197556,326.0172089971269,0.2858433404188084,0.2858140817404986,0.2858726454859406,231.4865759884678,936.8057022217218
front,B,45500.0,259.81169590599865,False,0,3,1454.3535432327708,,,,,,,-135.53506635636518,1275.1031861101428
front,C,45500.0,259.81169590599865,False,0,3,1454.3535432327708,,,,,,,-869.5783510460311,1951.6981538869848
front,D,45500.0,259.81169590599865,False,0,3,1454.3535432327708,,,,,,,-2337.664920425363,3304.888089440669
front,E,45500.0,259.81169590599865,False,0,3,1454.3535432327708,,,,,,,-5273.838059184027,6011.267960548037
front,F,45500.0,259.81169590599865,False,0,3,1454.3535432327708,,,,,,,-11146.184336701353,11424.027702762774
front,G,45500.0,259.81169590599865,False,0,3,1454.3535432327708,,,,,,,-22890.87689173601,22249.547187192245
front,H,45500.0,259.81169590599865,False,0,3,1454.3535432327708,,,,,,,-46380.26200180532,43900.58615605119
front,A,45750.0,261.2392326966909,True,3,3,1454.3535432327708,326.0140240383224,326.0139275040856,326.01412048491545,0.2867882191958289,0.2867587204661848,0.28681774473183763,230.99331352347062,936.8351179981981
front,B,45750.0,261.2392326966909,False,0,3,1454.3535432327708,,,,,,,-136.52159128635952,1275.1620176630956
front,C,45750.0,261.2392326966909,False,0,3,1454.3535432327708,,,,,,,-871.5514009060198,1951.8158169928902
front,D,45750.0,261.2392326966909,False,0,3,1454.3535432327708,,,,,,,-2341.6110201453403,3305.1234156524797
front,E,45750.0,261.2392326966909,False,0,3,1454.3535432327708,,,,,,,-5281.730258623981,6011.738612971659
front,F,45750.0,261.2392326966909,False,0,3,1454.3535432327708,,,,,,,-11161.968735581262,11424.969007610018
front,G,45750.0,261.2392326966909,False,0,3,1454.3535432327708,,,,,,,-22922.445689495828,22251.429796886732
front,H,45750.0,261.2392326966909,False,0,3,1454.3535432327708,,,,,,,-46443.399597324955,43904.351375440165
front,A,46000.0,262.66676948738325,True,3,3,1454.3535432327708,326.010934694752,326.0108374367622,326.0110319289157,0.2877331121973488,0.28770337258477996,0.2877628590972181,230.5040045221372,936.863405107979
front,B,46000.0,262.66676948738325,False,0,3,1454.3535432327708,,,,,,,-137.5002092890264,1275.2185918826572
front,C,46000.0,262.66676948738325,False,0,3,1454.3535432327708,,,,,,,-873.5086369113535,1951.928965432014
front,D,46000.0,262.66676948738325,False,0,3,1454.3535432327708,,,,,,,-2345.525492156008,3305.349712530727
front,E,46000.0,262.66676948738325,False,0,3,1454.3535432327708,,,,,,,-5289.559202645317,6012.191206728154
front,F,46000.0,262.66676948738325,False,0,3,1454.3535432327708,,,,,,,-11177.626623623933,11425.874195123008
front,G,46000.0,262.66676948738325,False,0,3,1454.3535432327708,,,,,,,-22953.76146558117,22253.240171912712
front,H,46000.0,262.66676948738325,False,0,3,1454.3535432327708,,,,,,,-46506.03114949564,43907.972125492124
front,A,46250.0,264.0943062780755,True,3,3,1454.3535432327708,326.0078453032418,326.0077473186419,326.00794332764383,0.2886780198614658,0.2886480385501211,0.288707988999104,230.01862199336009,936.8906038734258
front,B,46250.0,264.0943062780755,False,0,3,1454.3535432327708,,,,,,,-138.4709743465806,1275.272989413551
front,C,46250.0,264.0943062780755,False,0,3,1454.3535432327708,,,,,,,-875.4501670264619,1952.0377604938008
front,D,46250.0,264.0943062780755,False,0,3,1454.3535432327708,,,,,,,-2349.408552386225,3305.567302654301
front,E,46250.0,264.0943062780755,False,0,3,1454.3535432327708,,,,,,,-5297.325323105751,6012.626386975301
front,F,46250.0,264.0943062780755,False,0,3,1454.3535432327708,,,,,,,-11193.158864544801,11426.744555617302
front,G,46250.0,264.0943062780755,False,0,3,1454.3535432327708,,,,,,,-22984.825947422905,22254.9808929013
front,H,46250.0,264.0943062780755,False,0,3,1454.3535432327708,,,,,,,-46568.16011317911,43911.4535674693
front,A,46500.0,265.52184306876785,True,3,3,1454.3535432327708,326.0047558623435,326.004657148346,326.0048546795997,0.2896229426312365,0.2895927188209968,0.2896531348592135,229.53713938488815,936.9167537015924
front,B,46500.0,265.52184306876785,False,0,3,1454.3535432327708,,,,,,,-139.43393956352446,1275.3252890698839
front,C,46500.0,265.52184306876785,False,0,3,1454.3535432327708,,,,,,,-877.3760974603497,1952.1423598064669
front,D,46500.0,265.52184306876785,False,0,3,1454.3535432327708,,,,,,,-2353.260413254,3305.7765012796326
front,E,46500.0,265.52184306876785,False,0,3,1454.3535432327708,,,,,,,-5305.029044841301,6013.044784225965
front,F,46500.0,265.52184306876785,False,0,3,1454.3535432327708,,,,,,,-11208.566308015901,11427.58135011863
front,G,46500.0,265.52184306876785,False,0,3,1454.3535432327708,,,,,,,-23015.640834365106,22256.654481903955
front,H,46500.0,265.52184306876785,False,0,3,1454.3535432327708,,,,,,,-46629.78988706351,43914.80074547461
front,A,46750.0,266.9493798594601,True,3,3,1454.3535432327708,326.0016663705945,326.0015669244827,326.0017659832694,0.2905678809539884,0.29053741386046994,0.29059829710319507,229.0595305707451,936.9418930976282
front,B,46750.0,266.9493798594601,False,0,3,1454.3535432327708,,,,,,,-140.38915719181054,1275.3755678619557
front,C,46750.0,266.9493798594601,False,0,3,1454.3535432327708,,,,,,,-879.2865327169219,1952.2429173906107
front,D,46750.0,266.9493798594601,False,0,3,1454.3535432327708,,,,,,,-2357.0812837671447,3305.9776164479204
front,E,46750.0,266.9493798594601,False,0,3,1454.3535432327708,,,,,,,-5312.67078586759,6013.44701456254
front,F,46750.0,266.9493798594601,False,0,3,1454.3535432327708,,,,,,,-11223.84979006848,11428.38581079178
front,G,46750.0,266.9493798594601,False,0,3,1454.3535432327708,,,,,,,-23046.207798470263,22258.263403250257
front,H,46750.0,266.9493798594601,False,0,3,1454.3535432327708,,,,,,,-46690.923815273825,43918.018588167215
front,A,47000.0,268.37691665015245,True,3,3,1454.3535432327708,325.9985768265198,325.99847664564885,325.9986772371269,0.29151283528081234,0.2914821241352894,0.2915434761602387,228.5857698389451,936.9660596781508
front,B,47000.0,268.37691665015245,False,0,3,1454.3535432327708,,,,,,,-141.3366786554105,1275.4239010230008
front,C,47000.0,268.37691665015245,False,0,3,1454.3535432327708,,,,,,,-881.1815756441218,1952.3395837127007
front,D,47000.0,268.37691665015245,False,0,3,1454.3535432327708,,,,,,,-2360.8713696215445,3306.1709490921003
front,E,47000.0,268.37691665015245,False,0,3,1454.3535432327708,,,,,,,-5320.25095757639,6013.8336798509
front,F,47000.0,268.37691665015245,False,0,3,1454.3535432327708,,,,,,,-11239.01013348608,11429.1591413685
front,G,47000.0,268.37691665015245,False,0,3,1454.3535432327708,,,,,,,-23076.52848530546,22259.810064403697
front,H,47000.0,268.37691665015245,False,0,3,1454.3535432327708,,,,,,,-46751.56518894422,43921.111910474094
front,A,47250.0,269.8044534408447,True,3,3,1454.3535432327708,325.9954872286344,325.99538631043185,325.9955884396357,0.2924578060659562,0.2924268501154126,0.29248867246237653,228.11583187948787,936.9892901845772
front,B,47250.0,269.8044534408447,False,0,3,1454.3535432327708,,,,,,,-142.27655457432505,1275.4703620358537
front,C,47250.0,269.8044534408447,False,0,3,1454.3535432327708,,,,,,,-883.0613274819508,1952.4325057384062
front,D,47250.0,269.8044534408447,False,0,3,1454.3535432327708,,,,,,,-2364.6308732972025,3306.356793143512
front,E,47250.0,269.8044534408447,False,0,3,1454.3535432327708,,,,,,,-5327.769964927706,6014.205367953723
front,F,47250.0,269.8044534408447,False,0,3,1454.3535432327708,,,,,,,-11254.048148188711,11429.902517574146
front,G,47250.0,269.8044534408447,False,0,3,1454.3535432327708,,,,,,,-23106.604514710725,22261.29681681499
front,H,47250.0,269.8044534408447,False,0,3,1454.3535432327708,,,,,,,-46811.71724775475,43924.08541529668
front,A,47500.0,271.23199023153705,True,3,3,1454.3535432327708,325.99239757544444,325.9922959174113,325.9924995892507,0.2934027937663249,0.2933715922733726,0.2934338864440611,227.64969177263472,937.0116204964186
front,B,47500.0,271.23199023153705,False,0,3,1454.3535432327708,,,,,,,-143.20883478803134,1275.5150226595365
front,C,47500.0,271.23199023153705,False,0,3,1454.3535432327708,,,,,,,-884.9258879093634,1952.5218269857723
front,D,47500.0,271.23199023153705,False,0,3,1454.3535432327708,,,,,,,-2368.359994152028,3306.5354356382436
front,E,47500.0,271.23199023153705,False,0,3,1454.3535432327708,,,,,,,-5335.228206637356,6014.562652943187
front,F,47500.0,271.23199023153705,False,0,3,1454.3535432327708,,,,,,,-11268.964631608012,11430.617087553073
front,G,47500.0,271.23199023153705,False,0,3,1454.3535432327708,,,,,,,-23136.43748154933,22262.725956772843
front,H,47500.0,271.23199023153705,False,0,3,1454.3535432327708,,,,,,,-46871.38318143196,43926.94369521239
front,A,47750.0,272.6595270222293,True,3,3,1454.3535432327708,325.98930786544884,325.9892054651602,325.98941068442014,0.294347798841003,0.29431635108383425,0.29437911854174326,227.18732497745356,937.0330856445257
front,B,47750.0,272.6595270222293,False,0,3,1454.3535432327708,,,,,,,-144.13356837839368,1275.5579529557506
front,C,47750.0,272.6595270222293,False,0,3,1454.3535432327708,,,,,,,-886.775355090088,1952.6076875782005
front,D,47750.0,272.6595270222293,False,0,3,1454.3535432327708,,,,,,,-2372.058928513477,3306.7071568231004
front,E,47750.0,272.6595270222293,False,0,3,1454.3535432327708,,,,,,,-5342.626075360255,6014.9060953129
front,F,47750.0,272.6595270222293,False,0,3,1454.3535432327708,,,,,,,-11283.760369053809,11431.3039722925
front,G,47750.0,272.6595270222293,False,0,3,1454.3535432327708,,,,,,,-23166.02895644092,22264.099726251698
front,H,47750.0,272.6595270222293,False,0,3,1454.3535432327708,,,,,,,-46930.56613121514,43929.691234170095
front,A,48000.0,274.08706381292166,True,3,3,1454.3535432327708,325.9862180971414,325.9861149522473,325.98632172358657,0.29529282175068855,0.29526112702310536,0.29532436919315064,226.7287073206296,937.053719824285
front,B,48000.0,274.08706381292166,False,0,3,1454.3535432327708,,,,,,,-145.0508036920415,1275.5992213152692
front,C,48000.0,274.08706381292166,False,0,3,1454.3535432327708,,,,,,,-888.6098257173838,1952.690224297238
front,D,48000.0,274.08706381292166,False,0,3,1454.3535432327708,,,,,,,-2375.7278697680686,3306.872230261175
front,E,48000.0,274.08706381292166,False,0,3,1454.3535432327708,,,,,,,-5349.963957869438,6015.236242189049
front,F,48000.0,274.08706381292166,False,0,3,1454.3535432327708,,,,,,,-11298.436134072175,11431.964266044799
front,G,48000.0,274.08706381292166,False,0,3,1454.3535432327708,,,,,,,-23195.380486477654,22265.420313756294
front,H,48000.0,274.08706381292166,False,0,3,1454.3535432327708,,,,,,,-46989.26919128861,43932.33240917929
front,A,48250.0,275.5146006036139,True,3,3,1454.3535432327708,325.9831282690117,325.9830243772378,325.98323270518887,0.2962378629573603,0.2962059205687151,0.2962696388371655,226.27381498553305,937.0735564087591
front,B,48250.0,275.5146006036139,False,0,3,1454.3535432327708,,,,,,,-145.96058836223463,1275.6388944842174
front,C,48250.0,275.5146006036139,False,0,3,1454.3535432327708,,,,,,,-890.4293950577701,1952.769570635134
front,D,48250.0,275.5146006036139,False,0,3,1454.3535432327708,,,,,,,-2379.367008448841,3307.0309229369673
front,E,48250.0,275.5146006036139,False,0,3,1454.3535432327708,,,,,,,-5357.242235230982,6015.553627540634
front,F,48250.0,275.5146006036139,False,0,3,1454.3535432327708,,,,,,,-11312.992688795264,11432.599036747968
front,G,48250.0,275.5146006036139,False,0,3,1454.3535432327708,,,,,,,-23224.493595923832,22266.689855162633
front,H,48250.0,275.5146006036139,False,0,3,1454.3535432327708,,,,,,,-47047.49541018096,43934.871491991966
front,A,48500.0,276.94213739430626,True,3,3,1454.3535432327708,325.9800383795467,325.9799337386949,325.9801436276634,0.29718292292374066,0.2971507321988587,0.29721492791322524,225.82262450154013,937.0926279617697
front,B,48500.0,276.94213739430626,False,0,3,1454.3535432327708,,,,,,,-146.86296933022047,1275.6770375902386
front,C,48500.0,276.94213739430626,False,0,3,1454.3535432327708,,,,,,,-892.2341569937417,1952.8458568471763
front,D,48500.0,276.94213739430626,False,0,3,1454.3535432327708,,,,,,,-2382.9765323207844,3307.183495361052
front,E,48500.0,276.94213739430626,False,0,3,1454.3535432327708,,,,,,,-5364.461282974869,6015.858772388803
front,F,48500.0,276.94213739430626,False,0,3,1454.3535432327708,,,,,,,-11327.430784283039,11433.209326444306
front,G,48500.0,276.94213739430626,False,0,3,1454.3535432327708,,,,,,,-23253.36978689938,22267.91043455531
front,H,48500.0,276.94213739430626,False,0,3,1454.3535432327708,,,,,,,-47105.24779213206,43937.31265077732
front,A,48750.0,278.36967418499853,True,3,3,1454.3535432327708,325.9769484272323,325.97684303518156,325.9770544894454,0.2981280021129444,0.2980955623921755,0.2981602368608671,225.37511273360172,937.110966250916
front,B,48750.0,278.36967418499853,False,0,3,1454.3535432327708,,,,,,,-147.75799286609734,1275.7137141685312
front,C,48750.0,278.36967418499853,False,0,3,1454.3535432327708,,,,,,,-894.0242040654954,1952.9192100037617
front,D,48750.0,278.36967418499853,False,0,3,1454.3535432327708,,,,,,,-2386.5566264642916,3307.3302016742227
front,E,48750.0,278.36967418499853,False,0,3,1454.3535432327708,,,,,,,-5371.621471261884,6016.152185015145
front,F,48750.0,278.36967418499853,False,0,3,1454.3535432327708,,,,,,,-11341.751160857068,11433.79615169699
front,G,48750.0,278.36967418499853,False,0,3,1454.3535432327708,,,,,,,-23282.01054004744,22269.084085060676
front,H,48750.0,278.36967418499853,False,0,3,1454.3535432327708,,,,,,,-47162.52929842818,43939.65995178805
front,A,49000.0,279.79721097569086,True,3,3,1454.3535432327708,325.97385841055467,325.97375226526094,325.97396528897025,0.2990731009880602,0.29904041162716055,0.29910556611952854,224.93125687205148,937.1286022605275
front,B,49000.0,279.79721097569086,False,0,3,1454.3535432327708,,,,,,,-148.64570458919778,1275.748986187754
front,C,49000.0,279.79721097569086,False,0,3,1454.3535432327708,,,,,,,-895.7996275116964,1952.9897540422073
front,D,49000.0,279.79721097569086,False,0,3,1454.3535432327708,,,,,,,-2390.1074733566934,3307.471289751114
front,E,49000.0,279.79721097569086,False,0,3,1454.3535432327708,,,,,,,-5378.723165046687,6016.434361168927
front,F,49000.0,279.79721097569086,False,0,3,1454.3535432327708,,,,,,,-11355.954548426675,11434.360504004555
front,G,49000.0,279.79721097569086,False,0,3,1454.3535432327708,,,,,,,-23310.417315186653,22270.212789675807
front,H,49000.0,279.79721097569086,False,0,3,1454.3535432327708,,,,,,,-47219.342848706605,43941.91736101831
front,A,49250.0,281.22474776638313,True,3,3,1454.3535432327708,325.97076832800076,325.97066142749856,325.9708760246749,0.30001822001178474,0.2999852803819314,0.30005091612799184,224.49103442265124,937.1455662045448
front,B,49250.0,281.22474776638313,False,0,3,1454.3535432327708,,,,,,,-149.52614948799828,1275.7829140757888
front,C,49250.0,281.22474776638313,False,0,3,1454.3535432327708,,,,,,,-897.5605173092973,1953.057609818277
front,D,49250.0,281.22474776638313,False,0,3,1454.3535432327708,,,,,,,-2393.6292529518955,3307.6070013032527
front,E,49250.0,281.22474776638313,False,0,3,1454.3535432327708,,,,,,,-5385.766724237092,6016.705784273205
front,F,49250.0,281.22474776638313,False,0,3,1454.3535432327708,,,,,,,-11370.041666807483,11434.90335021311
front,G,49250.0,281.22474776638313,False,0,3,1454.3535432327708,,,,,,,-23338.59155194827,22271.298482092916
front,H,49250.0,281.22474776638313,False,0,3,1454.3535432327708,,,,,,,-47275.69132222984,43944.08874585253
front,A,49500.0,282.65228455707546,True,3,3,1454.3535432327708,325.9676781780601,325.96757052046223,325.96778669499855,0.30096335964610405,0.3009301691338395,0.3009962873242511,224.054423196867,937.6146073227316
front,B,49500.0,282.65228455707546,False,0,3,1454.3535432327708,,,,,,,-150.39937193956675,1276.7209963121622
front,C,49500.0,282.65228455707546,False,0,3,1454.3535432327708,,,,,,,-899.3069622124343,1954.933774291024
front,D,49500.0,282.65228455707546,False,0,3,1454.3535432327708,,,,,,,-2397.1221427581695,3311.3593302487475
front,E,49500.0,282.65228455707546,False,0,3,1454.3535432327708,,,,,,,-5392.75250384964,6024.210442164194
front,F,49500.0,282.65228455707546,False,0,3,1454.3535432327708,,,,,,,-11384.013226032579,11449.912665995089
front,G,49500.0,282.65228455707546,False,0,3,1454.3535432327708,,,,,,,-23366.53467039846,22301.317113656874
front,H,49500.0,282.65228455707546,False,0,3,1454.3535432327708,,,,,,,-47331.57755913022,44004.12600898045
front,A,49750.0,284.07982134776773,True,3,3,1454.3535432327708,325.9645879592261,325.9644795427245,325.96469729838435,0.3019085203518494,0.3018750783590596,0.30194168014495704,223.62140130237074,938.4064501361619
front,B,49750.0,284.07982134776773,False,0,3,1454.3535432327708,,,,,,,-151.2654157285593,1278.304681939023
front,C,49750.0,284.07982134776773,False,0,3,1454.3535432327708,,,,,,,-901.0390497904193,1958.1011455447456
front,D,49750.0,284.07982134776773,False,0,3,1454.3535432327708,,,,,,,-2400.5863179141397,3317.69407275619
front,E,49750.0,284.07982134776773,False,0,3,1454.3535432327708,,,,,,,-5399.68085416158,6036.8799271790795
front,F,49750.0,284.07982134776773,False,0,3,1454.3535432327708,,,,,,,-11397.86992665646,11475.25163602486
front,G,49750.0,284.07982134776773,False,0,3,1454.3535432327708,,,,,,,-23394.248071646223,22351.995053716415
front,H,49750.0,284.07982134776773,False,0,3,1454.3535432327708,,,,,,,-47387.004361625746,44105.48188909953
front,A,50000.0,285.50735813846006,True,3,3,1454.3535432327708,325.96149766999633,325.9613884928624,325.9616078332799,0.3028537025885421,0.30282000853240065,0.3028870950252949,223.1919471337635,939.1958389998606
front,B,50000.0,285.50735813846006,False,0,3,1454.3535432327708,,,,,,,-152.12432406577378,1279.8834596664205
front,C,50000.0,285.50735813846006,False,0,3,1454.3535432327708,,,,,,,-902.7568664648483,1961.2587009995405
front,D,50000.0,285.50735813846006,False,0,3,1454.3535432327708,,,,,,,-2404.0219512629974,3324.00918366578
front,E,50000.0,285.50735813846006,False,0,3,1454.3535432327708,,,,,,,-5406.552120859295,6049.510148998259
front,F,50000.0,285.50735813846006,False,0,3,1454.3535432327708,,,,,,,-11411.61246005189,11500.512079663218
front,G,50000.0,285.50735813846006,False,0,3,1454.3535432327708,,,,,,,-23421.733138437085,22402.515940993133
front,H,50000.0,285.50735813846006,False,0,3,1454.3535432327708,,,,,,,-47441.97449520747,44206.523663652966
rear,A,5000.0,28.550735813846003,True,3,3,1726.122809860307,387.58576936829144,387.5857548121092,387.58577870226503,0.11907685693977414,0.11907445157308683,0.11908060807057641,481.52738204395905,1008.9902616591494
rear,B,5000.0,28.550735813846003,True,3,3,1726.122809860307,386.1968980528563,386.1967200144121,386.1970141340236,0.4769892471151597,0.4769593329772781,0.4770351276545681,231.54471945832876,1286.4704786887094
rear,C,5000.0,28.550735813846003,False,0,3,1726.122809860307,,,,,,,-268.4206057129318,1841.4309127478298
rear,D,5000.0,28.550735813846003,False,0,3,1726.122809860307,,,,,,,-1268.3512560554527,2951.3517808660704
rear,E,5000.0,28.550735813846003,False,0,3,1726.122809860307,,,,,,,-3268.212556740495,5171.193517102552
rear,F,5000.0,28.550735813846003,False,0,3,1726.122809860307,,,,,,,-7267.935158110579,9610.876989575514
rear,G,5000.0,28.550735813846003,False,0,3,1726.122809860307,,,,,,,-15267.380360850748,18490.24393452144
rear,H,5000.0,28.550735813846003,False,0,3,1726.122809860307,,,,,,,-31266.270766331083,36248.97782441329
rear,A,5250.0,29.978272604538304,True,3,3,1726.122809860307,387.5840973048808,387.584082619927,387.5841068582198,0.1195077479842858,0.11950528608710709,0.11951153229956546,481.2148472407329,1009.9855397443496
rear,B,5250.0,29.978272604538304,True,3,3,1726.122809860307,386.1901923382033,386.19001260184695,386.1903114608434,0.47871731099885517,0.4786866130728762,0.4787636290905284,230.91964985187656,1288.4610348591098
rear,C,5250.0,29.978272604538304,False,0,3,1726.122809860307,,,,,,,-269.6707449258362,1845.4120250886303
rear,D,5250.0,29.978272604538304,False,0,3,1726.122809860307,,,,,,,-1270.8515344812618,2959.3140055476715
rear,E,5250.0,29.978272604538304,False,0,3,1726.122809860307,,,,,,,-3273.2131135921127,5187.117966465754
rear,F,5250.0,29.978272604538304,False,0,3,1726.122809860307,,,,,,,-7277.9362718138145,9642.725888301919
rear,G,5250.0,29.978272604538304,False,0,3,1726.122809860307,,,,,,,-15287.382588257218,18553.94173197425
rear,H,5250.0,29.978272604538304,False,0,3,1726.122809860307,,,,,,,-31306.275221144024,36376.37341931891
rear,A,5500.0,31.405809395230605,True,3,3,1726.122809860307,387.58223754800304,387.5822227477721,387.5822473200495,0.11998700766939392,0.11998448941124007,0.1199908216915957,479.96167526043183,1010.9107126454619
rear,B,5500.0,31.405809395230605,True,3,3,1726.122809860307,386.1827338471311,386.18255257167664,386.1828559860901,0.48063936550246283,0.48060789027055684,0.48068608021999415,228.41330589127438,1290.3113806613344
rear,C,5500.0,31.405809395230605,False,0,3,1726.122809860307,,,,,,,-274.68343284704054,1849.1127166930794
rear,D,5500.0,31.405809395230605,False,0,3,1726.122809860307,,,,,,,-1280.8769103236702,2966.715388756569
rear,E,5500.0,31.405809395230605,False,0,3,1726.122809860307,,,,,,,-3293.26386527693,5201.920732883549
rear,F,5500.0,31.405809395230605,False,0,3,1726.122809860307,,,,,,,-7318.037775183449,9672.33142113751
rear,G,5500.0,31.405809395230605,False,0,3,1726.122809860307,,,,,,,-15367.585594996488,18613.15279764543
rear,H,5500.0,31.405809395230605,False,0,3,1726.122809860307,,,,,,,-31466.681234622563,36494.79555066127
rear,A,5750.0,32.833346185922906,True,3,3,1726.122809860307,387.5802136460776,387.5801987426113,387.5802236361798,0.12050856756305646,0.1205059931119079,0.12051240818904407,478.55633450856135,1011.7703609035287
rear,B,5750.0,32.833346185922906,True,3,3,1726.122809860307,386.17461700205405,386.17443432773206,386.1747421335734,0.48273107795265097,0.4826988315373981,0.48277815315859174,225.60262438753344,1292.0306771774683
rear,C,5750.0,32.833346185922906,False,0,3,1726.122809860307,,,,,,,-280.3047958545224,1852.5513097253468
rear,D,5750.0,32.833346185922906,False,0,3,1726.122809860307,,,,,,,-1292.119636338634,2973.5925748211043
rear,E,5750.0,32.833346185922906,False,0,3,1726.122809860307,,,,,,,-3315.749317306858,5215.6751050126195
rear,F,5750.0,32.833346185922906,False,0,3,1726.122809860307,,,,,,,-7363.008679243305,9699.84016539565
rear,G,5750.0,32.833346185922906,False,0,3,1726.122809860307,,,,,,,-15457.527403116199,18668.170286161712
rear,H,5750.0,32.833346185922906,False,0,3,1726.122809860307,,,,,,,-31646.564850861985,36604.83052769383
rear,A,6000.0,34.26088297661521,True,3,3,1726.122809860307,387.5780455539643,387.57803055795404,387.578055761502,0.12106728529435913,0.12106465481002138,0.12107114976891431,477.233114380954,1012.5687091283118
rear,B,6000.0,34.26088297661521,True,3,3,1726.122809860307,386.16592181469474,386.1657378644565,386.1660499167322,0.48497182931400334,0.4849388173956748,0.48501923332379127,222.95618413231873,1293.627373627034
rear,C,6000.0,34.26088297661521,False,0,3,1726.122809860307,,,,,,,-285.59767636495184,1855.7447026244788
rear,D,6000.0,34.26088297661521,False,0,3,1726.122809860307,,,,,,,-1302.705397359493,2979.979360619368
rear,E,6000.0,34.26088297661521,False,0,3,1726.122809860307,,,,,,,-3336.920839348575,5228.448676609147
rear,F,6000.0,34.26088297661521,False,0,3,1726.122809860307,,,,,,,-7405.351723326739,9725.387308588704
rear,G,6000.0,34.26088297661521,False,0,3,1726.122809860307,,,,,,,-15542.213491283068,18719.26457254782
rear,H,6000.0,34.26088297661521,False,0,3,1726.122809860307,,,,,,,-31815.937027195723,36707.01910046605
rear,A,6250.0,35.68841976730751,True,3,3,1726.122809860307,387.5757502888207,387.57573520970186,387.57576071322916,0.12165877553862077,0.12165608916665516,0.12166266143027737,475.95739160877525,1013.3096619118995
rear,B,6250.0,35.68841976730751,True,3,3,1726.122809860307,386.156716516539,386.1565313972599,386.15684756904267,0.4873440363202068,0.4873102640662097,0.4873917415920359,220.4047385879611,1295.1092791942096
rear,C,6250.0,35.68841976730751,False,0,3,1726.122809860307,,,,,,,-290.7005674536671,1858.70851375883
rear,D,6250.0,35.68841976730751,False,0,3,1726.122809860307,,,,,,,-1312.9111795369233,2985.9069828880706
rear,E,6250.0,35.68841976730751,False,0,3,1726.122809860307,,,,,,,-3357.3324037034363,5240.303921146552
rear,F,6250.0,35.68841976730751,False,0,3,1726.122809860307,,,,,,,-7446.174852036462,9749.097797663515
rear,G,6250.0,35.68841976730751,False,0,3,1726.122809860307,,,,,,,-15623.859748702513,18766.685550697443
rear,H,6250.0,35.68841976730751,False,0,3,1726.122809860307,,,,,,,-31979.229542034613,36801.861056765294
rear,A,6500.0,37.11595655799981,True,3,3,1726.122809860307,387.5733424469774,387.57332729301635,387.57335308776703,0.12227927681885224,0.1222765346854282,0.12228318199737354,474.6908606345313,1013.9968344050318
rear,B,6500.0,37.11595655799981,True,3,3,1726.122809860307,386.14705963179205,386.1468734354062,386.1471936169148,0.48983261727297095,0.48979808928250046,0.4898806001154221,217.87167663947338,1296.4836241804744
rear,C,6500.0,37.11595655799981,False,0,3,1726.122809860307,,,,,,,-295.76669135064253,1861.4572037313594
rear,D,6500.0,37.11595655799981,False,0,3,1726.122809860307,,,,,,,-1323.0434273308742,2991.4043628331297
rear,E,6500.0,37.11595655799981,False,0,3,1726.122809860307,,,,,,,-3377.596899291338,5251.29868103667
rear,F,6500.0,37.11595655799981,False,0,3,1726.122809860307,,,,,,,-7486.703843212265,9771.087317443751
rear,G,6500.0,37.11595655799981,False,0,3,1726.122809860307,,,,,,,-15704.91773105412,18810.664590257915
rear,H,6500.0,37.11595655799981,False,0,3,1726.122809860307,,,,,,,-32141.345506737827,36889.81913588624
rear,A,6750.0,38.54349334869211,True,3,3,1726.122809860307,387.5708346151711,387.5708193935482,387.5708454719435,0.12292554553067585,0.12292274773846312,0.12292946814567163,473.4859619418182,1014.633578947022
rear,B,6750.0,38.54349334869211,True,3,3,1726.122809860307,386.13700162660075,386.1368144311842,386.13713852885274,0.4924245670370679,0.49238928730187537,0.4924728073299134,215.46187925404703,1297.7571132644546
rear,C,6750.0,38.54349334869211,False,0,3,1726.122809860307,,,,,,,-300.5862861214952,1864.0041818993197
rear,D,6750.0,38.54349334869211,False,0,3,1726.122809860307,,,,,,,-1332.68261687258,2996.4983191690503
rear,E,6750.0,38.54349334869211,False,0,3,1726.122809860307,,,,,,,-3396.875278374749,5261.4865937085115
rear,F,6750.0,38.54349334869211,False,0,3,1726.122809860307,,,,,,,-7525.260601379087,9791.463142787434
rear,G,6750.0,38.54349334869211,False,0,3,1726.122809860307,,,,,,,-15782.031247387764,18851.41624094528
rear,H,6750.0,38.54349334869211,False,0,3,1726.122809860307,,,,,,,-32295.572539405115,36971.32243726097
rear,A,7000.0,39.9710301393844,True,3,3,1726.122809860307,387.56823770060333,387.56822241749194,387.56824877306275,0.12359477088636679,0.12359191751155629,0.12359870934693928,472.3365453155186,1015.2230086166722
rear,B,7000.0,39.9710301393844,True,3,3,1726.122809860307,386.12658623268146,386.1263981034937,386.1267260390213,0.4951086159412717,0.4950725878221096,0.49515709686710485,213.16304600144787,1298.9359726037553
rear,C,7000.0,39.9710301393844,False,0,3,1726.122809860307,,,,,,,-305.18395262669355,1866.3619005779208
rear,D,7000.0,39.9710301393844,False,0,3,1726.122809860307,,,,,,,-1341.8779498829765,3001.2137565262524
rear,E,7000.0,39.9710301393844,False,0,3,1726.122809860307,,,,,,,-3415.265944395542,5270.917468422916
rear,F,7000.0,39.9710301393844,False,0,3,1726.122809860307,,,,,,,-7562.041933420674,9810.324892216242
rear,G,7000.0,39.9710301393844,False,0,3,1726.122809860307,,,,,,,-15855.593911470936,18889.139739802897
rear,H,7000.0,39.9710301393844,False,0,3,1726.122809860307,,,,,,,-32442.69786757146,37046.7694349762
rear,A,7250.0,41.398566930076704,True,3,3,1726.122809860307,387.56556119798967,387.56554585863245,387.5655724859508,0.12428450609587305,0.12428159718624876,0.12428845905102515,471.23722409780237,1015.7680182596789
rear,B,7250.0,41.398566930076704,True,3,3,1726.122809860307,386.11585151823823,386.11566250872437,386.11599421810837,0.4978749538024611,0.4978381800200271,0.4979236615885063,210.96440356601542,1300.0259918897684
rear,C,7250.0,41.398566930076704,False,0,3,1726.122809860307,,,,,,,-309.58123749755845,1868.541939149948
rear,D,7250.0,41.398566930076704,False,0,3,1726.122809860307,,,,,,,-1350.6725196247062,3005.5738336703066
rear,E,7250.0,41.398566930076704,False,0,3,1726.122809860307,,,,,,,-3432.8550838790015,5279.637622711024
rear,F,7250.0,41.398566930076704,False,0,3,1726.122809860307,,,,,,,-7597.220212387592,9827.765200792459
rear,G,7250.0,41.398566930076704,False,0,3,1726.122809860307,,,,,,,-15925.950469404774,18924.02035695533
rear,H,7250.0,41.398566930076704,False,0,3,1726.122809860307,,,,,,,-32583.410983439135,37116.53066928107
rear,A,7500.0,42.826103720769005,True,3,3,1726.122809860307,387.56281340725224,387.56279801603335,387.5628249106438,0.12499261226785648,0.12498964784175559,0.12499657858775493,470.1832650922841,1017.4955248844537
rear,B,7500.0,42.826103720769005,True,3,3,1726.122809860307,386.104830760914,386.10464091366816,386.10497634622556,0.5007150049660458,0.5006774876048281,0.5007639286357835,208.85648555497895,1303.481005139318
rear,C,7500.0,42.826103720769005,False,0,3,1726.122809860307,,,,,,,-313.7970735196314,1875.451965649047
rear,D,7500.0,42.826103720769005,False,0,3,1726.122809860307,,,,,,,-1359.1041916688523,3019.3938866685044
rear,E,7500.0,42.826103720769005,False,0,3,1726.122809860307,,,,,,,-3449.718427967294,5307.27772870742
rear,F,7500.0,42.826103720769005,False,0,3,1726.122809860307,,,,,,,-7630.946900564177,9883.04541278525
rear,G,7500.0,42.826103720769005,False,0,3,1726.122809860307,,,,,,,-15993.403845757943,19034.580780940913
rear,H,7500.0,42.826103720769005,False,0,3,1726.122809860307,,,,,,,-32718.317736145473,37337.651517252234
rear,A,7750.0,44.253640511461306,True,3,3,1726.122809860307,387.56000161220624,387.5599861727216,387.5600133310717,0.12571721236176817,0.12571419240802184,0.12572119111975422,469.1704956261295,1019.2745605866161
rear,B,7750.0,44.253640511461306,True,3,3,1726.122809860307,386.09355316431953,386.0933625120093,386.0937016293946,0.5036212436562085,0.503582984179396,0.5036703747911653,206.8309466226697,1307.039076543643
rear,C,7750.0,44.253640511461306,False,0,3,1726.122809860307,,,,,,,-317.8481513842499,1882.5681084576963
rear,D,7750.0,44.253640511461306,False,0,3,1726.122809860307,,,,,,,-1367.206347398089,3033.6261722858035
rear,E,7750.0,44.253640511461306,False,0,3,1726.122809860307,,,,,,,-3465.9227394257673,5335.742299942018
rear,F,7750.0,44.253640511461306,False,0,3,1726.122809860307,,,,,,,-7663.355523481124,9939.974555254446
rear,G,7750.0,44.253640511461306,False,0,3,1726.122809860307,,,,,,,-16058.221091591837,19148.439065879305
rear,H,7750.0,44.253640511461306,False,0,3,1726.122809860307,,,,,,,-32847.952227813264,37565.36808712902
rear,A,8000.0,45.68117730215361,True,3,3,1726.122809860307,387.5571322281834,387.55711674330666,387.5571441626788,0.12645665314547547,0.1264535776238307,0.12646064360101184,468.1520610689647,1021.0051742842301
rear,B,8000.0,45.68117730215361,True,3,3,1726.122809860307,386.0820444499756,386.08185301622547,386.0821957914532,0.5065870414323567,0.5065480407061007,0.5066363739445245,204.79407750834017,1310.5003039388707
rear,C,8000.0,45.68117730215361,False,0,3,1726.122809860307,,,,,,,-321.92188961290896,1889.4905632481525
rear,D,8000.0,45.68117730215361,False,0,3,1726.122809860307,,,,,,,-1375.3538238554074,3047.4710818667154
rear,E,8000.0,45.68117730215361,False,0,3,1726.122809860307,,,,,,,-3482.217692340404,5363.432119103842
rear,F,8000.0,45.68117730215361,False,0,3,1726.122809860307,,,,,,,-7695.945429310397,9995.354193578094
rear,G,8000.0,45.68117730215361,False,0,3,1726.122809860307,,,,,,,-16123.400903250384,19259.1983425266
rear,H,8000.0,45.68117730215361,False,0,3,1726.122809860307,,,,,,,-32978.311851130355,37786.88664042361
rear,A,8250.0,47.10871409284591,True,3,3,1726.122809860307,387.5542109247252,387.55419539667156,387.55422307511463,0.12720947357709086,0.127206342419528,0.1272134751593268,467.15629804942677,1022.6889016709293
rear,B,8250.0,47.10871409284591,True,3,3,1726.122809860307,386.07032734928345,386.0701351495158,386.0704815659954,0.5096065404082842,0.5095667987336183,0.5096560703233055,202.80255146926427,1313.8677587122693
rear,C,8250.0,47.10871409284591,False,0,3,1726.122809860307,,,,,,,-325.90494169106074,1896.2254727949496
rear,D,8250.0,47.10871409284591,False,0,3,1726.122809860307,,,,,,,-1383.3199280117108,3060.9409009603096
rear,E,8250.0,47.10871409284591,False,0,3,1726.122809860307,,,,,,,-3498.1499006530107,5390.37175729103
rear,F,8250.0,47.10871409284591,False,0,3,1726.122809860307,,,,,,,-7727.809845935611,10049.23346995247
rear,G,8250.0,47.10871409284591,False,0,3,1726.122809860307,,,,,,,-16187.12973650081,19366.956895275354
rear,H,8250.0,47.10871409284591,False,0,3,1726.122809860307,,,,,,,-33105.76951763121,38002.40374592112
rear,A,8500.0,48.53625088353821,True,3,3,1726.122809860307,387.5512427281331,387.5512271585192,387.55125509478205,0.12797437837783013,0.12797119149016156,0.12797839067015815,466.20586512074425,1024.3271986754612
rear,B,8500.0,48.53625088353821,True,3,3,1726.122809860307,386.0584220147153,386.0582290569482,386.0585791075391,0.5126745472882573,0.5126340644390215,0.5127242725398551,200.90168561189927,1317.1443527213332
rear,C,8500.0,48.53625088353821,False,0,3,1726.122809860307,,,,,,,-329.70667340579075,1902.7786608130775
rear,D,8500.0,48.53625088353821,False,0,3,1726.122809860307,,,,,,,-1390.923391441171,3074.0472769965654
rear,E,8500.0,48.53625088353821,False,0,3,1726.122809860307,,,,,,,-3513.356827511931,5416.584509363542
rear,F,8500.0,48.53625088353821,False,0,3,1726.122809860307,,,,,,,-7758.223699653451,10101.658974097494
rear,G,8500.0,48.53625088353821,False,0,3,1726.122809860307,,,,,,,-16247.957443936491,19471.8079035654
rear,H,8500.0,48.53625088353821,False,0,3,1726.122809860307,,,,,,,-33227.424932502574,38212.10576250121
rear,A,8750.0,49.96378767423051,True,3,3,1726.122809860307,387.54823210763516,387.54821649753603,387.5482446910024,0.1287502158268191,0.12874697309078753,0.1287542385521978,465.2987133815508,1025.921451634617
rear,B,8750.0,49.96378767423051,True,3,3,1726.122809860307,386.0463463653058,386.0461526509072,386.04650633699947,0.5157864443337323,0.5157452195992285,0.515836364569433,199.08738213351228,1320.3328586396447
rear,C,8750.0,49.96378767423051,False,0,3,1726.122809860307,,,,,,,-333.33528036256473,1909.1556726497001
rear,D,8750.0,49.96378767423051,False,0,3,1726.122809860307,,,,,,,-1398.1806053547189,3086.8013006698106
rear,E,8750.0,49.96378767423051,False,0,3,1726.122809860307,,,,,,,-3527.871255339027,5442.092556710032
rear,F,8750.0,49.96378767423051,False,0,3,1726.122809860307,,,,,,,-7787.252555307643,10152.675068790475
rear,G,8750.0,49.96378767423051,False,0,3,1726.122809860307,,,,,,,-16306.015155244875,19573.840092951363
rear,H,8750.0,49.96378767423051,False,0,3,1726.122809860307,,,,,,,-33343.54035511934,38416.170141273135
rear,A,9000.0,51.39132446492281,True,3,3,1726.122809860307,387.5451830481461,387.5451673981487,387.545195848775,0.12953595901078474,0.1295326602864022,0.1295399920179574,464.43292822969033,1027.472985494939
rear,B,9000.0,51.39132446492281,True,3,3,1726.122809860307,386.0341163783849,386.0339219027817,386.0342792334079,0.5189381141839385,0.5188961464149489,0.5189882305821958,197.35581182979138,1323.4359263602887
rear,C,9000.0,51.39132446492281,False,0,3,1726.122809860307,,,,,,,-336.79842097000653,1915.3618080909878
rear,D,9000.0,51.39132446492281,False,0,3,1726.122809860307,,,,,,,-1405.1068865696025,3099.2135715523864
rear,E,9000.0,51.39132446492281,False,0,3,1726.122809860307,,,,,,,-3541.723817768794,5466.917098475184
rear,F,9000.0,51.39132446492281,False,0,3,1726.122809860307,,,,,,,-7814.957680167177,10202.324152320778
rear,G,9000.0,51.39132446492281,False,0,3,1726.122809860307,,,,,,,-16361.425404963944,19673.13826001197
rear,H,9000.0,51.39132446492281,False,0,3,1726.122809860307,,,,,,,-33454.360854557475,38614.766475394346
rear,A,9250.0,52.81886125561511,True,3,3,1726.122809860307,387.54209911199393,387.5420834222478,387.54211213050166,0.13033068991717967,0.13032733504536598,0.13033473316759192,463.60671490590653,1028.9830704103806
rear,B,9250.0,52.81886125561511,True,3,3,1726.122809860307,386.0217463370654,386.0215510904097,386.0219120813909,0.5221258760780945,0.5220831637353318,0.5221761911767375,195.7033851822238,1326.4560961911718
rear,C,9250.0,52.81886125561511,False,0,3,1726.122809860307,,,,,,,-340.1032742651417,1921.4021477527547
rear,D,9250.0,52.81886125561511,False,0,3,1726.122809860307,,,,,,,-1411.7165931598727,3111.2942508759197
rear,E,9250.0,52.81886125561511,False,0,3,1726.122809860307,,,,,,,-3554.9432309493345,5491.07845712225
rear,F,9250.0,52.81886125561511,False,0,3,1726.122809860307,,,,,,,-7841.396506528258,10250.646869614911
rear,G,9250.0,52.81886125561511,False,0,3,1726.122809860307,,,,,,,-16414.303057686106,19769.783694600235
rear,H,9250.0,52.81886125561511,False,0,3,1726.122809860307,,,,,,,-33560.1161600018,38808.05734457088
rear,A,9500.0,54.24639804630741,True,3,3,1726.122809860307,387.53898349151586,387.53896776178027,387.5389967285833,0.1311335858801018,0.1311301746854121,0.1311376394358188,462.8183861295694,1030.4529270396513
rear,B,9500.0,54.24639804630741,True,3,3,1726.122809860307,386.00924904112105,386.00905300891213,386.009417682043,0.5253464315121747,0.5253029727159686,0.525396949048007,194.1267276295495,1329.3958094497134
rear,C,9500.0,54.24639804630741,False,0,3,1726.122809860307,,,,,,,-343.2565893704903,1927.2815742698376
rear,D,9500.0,54.24639804630741,False,0,3,1726.122809860307,,,,,,,-1418.0232233705701,3123.0531039100856
rear,E,9500.0,54.24639804630741,False,0,3,1726.122809860307,,,,,,,-3567.5564913707294,5514.596163190582
rear,F,9500.0,54.24639804630741,False,0,3,1726.122809860307,,,,,,,-7866.623027371048,10297.682281751575
rear,G,9500.0,54.24639804630741,False,0,3,1726.122809860307,,,,,,,-16464.756099371683,19863.854518873562
rear,H,9500.0,54.24639804630741,False,0,3,1726.122809860307,,,,,,,-33661.02224337296,38996.198993117534
rear,A,9750.0,55.673934836999706,True,3,3,1726.122809860307,387.53583905406146,387.53582328374955,387.5358525104218,0.13194390798305644,0.1319404402765456,0.1319479719952943,462.06635148550856,1031.8837307946835
rear,B,9750.0,55.673934836999706,True,3,3,1726.122809860307,385.99663598741733,385.99643915108214,385.99680753335474,0.5285968177418813,0.5285526103226634,0.5286475425011927,192.6226583414278,1332.2574169597779
rear,C,9750.0,55.673934836999706,False,0,3,1726.122809860307,,,,,,,-346.2647279467337,1933.0047892899665
rear,D,9750.0,55.673934836999706,False,0,3,1726.122809860307,,,,,,,-1424.0395005230569,3134.499533950344
rear,E,9750.0,55.673934836999706,False,0,3,1726.122809860307,,,,,,,-3579.589045675703,5537.489023271099
rear,F,9750.0,55.673934836999706,False,0,3,1726.122809860307,,,,,,,-7890.688135980995,10343.468001912608
rear,G,9750.0,55.673934836999706,False,0,3,1726.122809860307,,,,,,,-16512.886316591575,19955.42595919563
rear,H,9750.0,55.673934836999706,False,0,3,1726.122809860307,,,,,,,-33757.28267781274,39179.34187376167
rear,A,10000.0,57.10147162769201,True,3,3,1726.122809860307,387.532668380649,387.532652568869,387.5326820570766,0.13276099109717313,0.13275746667928967,0.13276506579573688,461.33881091106724,1033.2766152481845
rear,B,10000.0,57.10147162769201,True,3,3,1726.122809860307,385.98391752489624,385.9837198623278,385.98409198519806,0.5318743678429549,0.5318294093914933,0.5319253055227291,191.16757719254517,1335.0431858667798
rear,C,10000.0,57.10147162769201,False,0,3,1726.122809860307,,,,,,,-349.17489024449895,1938.5763271039705
rear,D,10000.0,57.10147162769201,False,0,3,1726.122809860307,,,,,,,-1429.8598251185872,3145.6426095783518
rear,E,10000.0,57.10147162769201,False,0,3,1726.122809860307,,,,,,,-3591.2296948667636,5559.775174527114
rear,F,10000.0,57.10147162769201,False,0,3,1726.122809860307,,,,,,,-7913.969434363116,10388.04030442464
rear,G,10000.0,57.10147162769201,False,0,3,1726.122809860307,,,,,,,-16559.44891335582,20044.57056421969
rear,H,10000.0,57.10147162769201,False,0,3,1726.122809860307,,,,,,,-33850.40787134123,39357.63108380979
rear,A,10250.0,58.52900841838431,True,3,3,1726.122809860307,387.5294737992944,387.52945794488795,387.52948769659355,0.13358423529230556,0.13358065395580043,0.13358832097574158,460.53874831217945,1034.6326748719375
rear,B,10250.0,58.52900841838431,True,3,3,1726.122809860307,385.97110298819985,385.9709044742562,385.97128037295226,0.5351766762764387,0.535130964193542,0.535227833355767,189.56745199476967,1337.7553051142854
rear,C,10250.0,58.52900841838431,False,0,3,1726.122809860307,,,,,,,-352.37514064004995,1944.000565598982
rear,D,10250.0,58.52900841838431,False,0,3,1726.122809860307,,,,,,,-1436.2603259096893,3156.491086568374
rear,E,10250.0,58.52900841838431,False,0,3,1726.122809860307,,,,,,,-3604.030696448968,5581.472128507159
rear,F,10250.0,58.52900841838431,False,0,3,1726.122809860307,,,,,,,-7939.571437527525,10431.43421238473
rear,G,10250.0,58.52900841838431,False,0,3,1726.122809860307,,,,,,,-16610.65291968464,20131.35838013987
rear,H,10250.0,58.52900841838431,False,0,3,1726.122809860307,,,,,,,-33952.81588399887,39531.20671565015
rear,A,10500.0,59.95654520907661,True,3,3,1726.122809860307,387.52625741384827,387.5262415154255,387.52627153284175,0.1344130984058204,0.13440945993862252,0.13441719543224595,459.7564839408204,1035.9529672471106
rear,B,10500.0,59.95654520907661,True,3,3,1726.122809860307,385.95820081328236,385.9580014202471,385.95838113312016,0.538501569095425,0.5384551006404892,0.5385529527168198,188.00292325205143,1340.3958898646317
rear,C,10500.0,59.95654520907661,False,0,3,1726.122809860307,,,,,,,-355.5041981254864,1949.281735099674
rear,D,10500.0,59.95654520907661,False,0,3,1726.122809860307,,,,,,,-1442.5184408805621,3167.0534255697585
rear,E,10500.0,59.95654520907661,False,0,3,1726.122809860307,,,,,,,-3616.5469263907135,5602.596806509928
rear,F,10500.0,59.95654520907661,False,0,3,1726.122809860307,,,,,,,-7964.603897411016,10473.683568390266
rear,G,10500.0,59.95654520907661,False,0,3,1726.122809860307,,,,,,,-16660.71783945162,20215.857092150945
rear,H,10500.0,59.95654520907661,False,0,3,1726.122809860307,,,,,,,-34052.94572353283,39700.2041396723
rear,A,10750.0,61.38408199976891,True,3,3,1726.122809860307,387.5230211290288,387.5230051850018,387.5230354705475,0.13524708959141338,0.1352433937794606,0.13525119837006772,458.99078272306406,1037.238514862304
rear,B,10750.0,61.38408199976891,True,3,3,1726.122809860307,385.9452186377731,385.9450183357795,385.9454019036971,0.5418470780814181,0.5417998504195443,0.5418986959415673,186.47152081653886,1342.9669850950188
rear,C,10750.0,61.38408199976891,False,0,3,1726.122809860307,,,,,,,-358.5670029965116,1954.4239255604487
rear,D,10750.0,61.38408199976891,False,0,3,1726.122809860307,,,,,,,-1448.6440506226127,3177.337806491308
rear,E,10750.0,61.38408199976891,False,0,3,1726.122809860307,,,,,,,-3628.7981458748145,5623.165568353027
rear,F,10750.0,61.38408199976891,False,0,3,1726.122809860307,,,,,,,-7989.106336379218,10514.821092076465
rear,G,10750.0,61.38408199976891,False,0,3,1726.122809860307,,,,,,,-16709.722717388024,20298.132139523343
rear,H,10750.0,61.38408199976891,False,0,3,1726.122809860307,,,,,,,-34150.95547940564,39864.754234417094
rear,A,11000.0,62.81161879046121,True,3,3,1726.122809860307,387.5197666722237,387.51975068083595,387.51978123709546,0.13608576370104006,0.13608201033092904,0.13608988468455374,458.24051308853666,1038.490306593658
rear,B,11000.0,62.81161879046121,True,3,3,1726.122809860307,385.93216338837993,385.93196214579945,385.932349611581,0.5452114182206036,0.5451634284678541,0.5452632784701206,184.97098154748406,1345.470568557727
rear,C,11000.0,62.81161879046121,False,0,3,1726.122809860307,,,,,,,-361.5680815346212,1959.4310924858642
rear,D,11000.0,62.81161879046121,False,0,3,1726.122809860307,,,,,,,-1454.6462076988319,3187.352140342139
rear,E,11000.0,62.81161879046121,False,0,3,1726.122809860307,,,,,,,-3640.802460027253,5643.194236054689
rear,F,11000.0,62.81161879046121,False,0,3,1726.122809860307,,,,,,,-8013.114964684095,10554.878427479789
rear,G,11000.0,62.81161879046121,False,0,3,1726.122809860307,,,,,,,-16757.739973997777,20378.24681032999
rear,H,11000.0,62.81161879046121,False,0,3,1726.122809860307,,,,,,,-34246.989992625146,40024.98357603039
rear,A,11250.0,64.23915558115351,True,3,3,1726.122809860307,387.51649561253225,387.5164795718872,387.51651040157236,0.13692871637745277,0.13692490523914413,0.1369328500546052,457.5046364363676,1039.7092989433725
rear,B,11250.0,64.23915558115351,True,3,3,1726.122809860307,385.9190413572348,385.9188391410335,385.91923054892646,0.5485929680293525,0.548544213296065,0.5486450791811426,183.49922824314595,1347.9085532571555
rear,C,11250.0,64.23915558115351,False,0,3,1726.122809860307,,,,,,,-364.5115881432974,1964.3070618847216
rear,D,11250.0,64.23915558115351,False,0,3,1726.122809860307,,,,,,,-1460.5332209161843,3197.104079139854
rear,E,11250.0,64.23915558115351,False,0,3,1726.122809860307,,,,,,,-3652.5764864619578,5662.698113650119
rear,F,11250.0,64.23915558115351,False,0,3,1726.122809860307,,,,,,,-8036.663017553505,10593.886182670649
rear,G,11250.0,64.23915558115351,False,0,3,1726.122809860307,,,,,,,-16804.836079736597,20456.26232071171
rear,H,11250.0,64.23915558115351,False,0,3,1726.122809860307,,,,,,,-34341.182204102784,40181.01459679383
rear,A,11500.0,65.66669237184581,True,3,3,1726.122809860307,387.5132093774493,387.513193285535,387.5132243914499,0.1377755797550654,0.13777171064436322,0.13777972664428262,456.7821979880406,1040.8964170979953
rear,B,11500.0,65.66669237184581,True,3,3,1726.122809860307,385.9058582687761,385.9056550448384,385.90605044003456,0.5519902523189161,0.5519407297507106,0.5520426231645614,182.0543513464919,1350.2827895664013
rear,C,11500.0,65.66669237184581,False,0,3,1726.122809860307,,,,,,,-367.4013419366055,1969.055534503213
rear,D,11500.0,65.66669237184581,False,0,3,1726.122809860307,,,,,,,-1466.3127285028004,3206.601024376837
rear,E,11500.0,65.66669237184581,False,0,3,1726.122809860307,,,,,,,-3664.13550163519,5681.692004124085
rear,F,11500.0,65.66669237184581,False,0,3,1726.122809860307,,,,,,,-8059.781047899969,10631.87396361858
rear,G,11500.0,65.66669237184581,False,0,3,1726.122809860307,,,,,,,-16851.072140429525,20532.237882607573
rear,H,11500.0,65.66669237184581,False,0,3,1726.122809860307,,,,,,,-34433.65432548864,40332.965720585555
rear,A,11750.0,67.09422916253811,True,3,3,1726.122809860307,387.5099092675179,387.5098931222311,387.5099245072397,0.13862601868360377,0.13862209140452775,0.13863017932693733,456.0723188204144,1042.0525558552831
rear,B,11750.0,67.09422916253811,True,3,3,1726.122809860307,385.89261933849804,385.89241507192156,385.8928145001126,0.5554019270554508,0.5553516338719477,0.5554545665893085,180.63459301123947,1352.5950670809768
rear,C,11750.0,67.09422916253811,False,0,3,1726.122809860307,,,,,,,-370.24085860711034,1973.680089532364
rear,D,11750.0,67.09422916253811,False,0,3,1726.122809860307,,,,,,,-1471.99176184381,3215.850134435139
rear,E,11750.0,67.09422916253811,False,0,3,1726.122809860307,,,,,,,-3675.4935683172093,5700.190224240689
rear,F,11750.0,67.09422916253811,False,0,3,1726.122809860307,,,,,,,-8082.497181264008,10668.870403851788
rear,G,11750.0,67.09422916253811,False,0,3,1726.122809860307,,,,,,,-16896.5044071576,20606.23076307399
rear,H,11750.0,67.09422916253811,False,0,3,1726.122809860307,,,,,,,-34524.51885894479,40480.95148151839
rear,A,12000.0,68.52176595323041,True,3,3,1726.122809860307,387.5065964692378,387.50658026840443,387.5066119354007,0.1394797274019144,0.13947574176892408,0.13948390235961616,455.37418890405684,1043.1785804580634
rear,B,12000.0,68.52176595323041,True,3,3,1726.122809860307,385.8793293246949,385.879123980057,385.8795274870269,0.5588267660257107,0.5587756995567683,0.5588796833761789,179.2383331785244,1354.8471162865371
rear,C,12000.0,68.52176595323041,False,0,3,1726.122809860307,,,,,,,-373.03337827254046,1978.1841879434853
rear,D,12000.0,68.52176595323041,False,0,3,1726.122809860307,,,,,,,-1477.5768011746702,3224.8583312573815
rear,E,12000.0,68.52176595323041,False,0,3,1726.122809860307,,,,,,,-3686.6636469789296,5718.206617885174
rear,F,12000.0,68.52176595323041,False,0,3,1726.122809860307,,,,,,,-8104.837338587448,10704.903191140758
rear,G,12000.0,68.52176595323041,False,0,3,1726.122809860307,,,,,,,-16941.184721804486,20678.29633765193
rear,H,12000.0,68.52176595323041,False,0,3,1726.122809860307,,,,,,,-34613.87948823856,40625.08263067427
rear,A,12250.0,69.94930274392271,True,3,3,1726.122809860307,387.50327206646017,387.5032558078552,387.50328775973554,0.1403364266013322,0.14033238244142154,0.14034061644679907,454.6870609989459,1044.2753273649137
rear,B,12250.0,69.94930274392271,True,3,3,1726.122809860307,385.86599257414724,385.8657861157458,385.86619374699944,0.562263649063488,0.5622118067829418,0.562316853431033,177.86407736830253,1357.0406101002382
rear,C,12250.0,69.94930274392271,False,0,3,1726.122809860307,,,,,,,-375.7818898929842,1982.5711755708867
rear,D,12250.0,69.94930274392271,False,0,3,1726.122809860307,,,,,,,-1483.073824415558,3233.632306512184
rear,E,12250.0,69.94930274392271,False,0,3,1726.122809860307,,,,,,,-3697.657693460705,5735.754568394779
rear,F,12250.0,69.94930274392271,False,0,3,1726.122809860307,,,,,,,-8126.825431550999,10739.99909215997
rear,G,12250.0,69.94930274392271,False,0,3,1726.122809860307,,,,,,,-16985.160907731584,20748.48813969035
rear,H,12250.0,69.94930274392271,False,0,3,1726.122809860307,,,,,,,-34701.83186009276,40765.46623475111
rear,A,12500.0,71.37683953461502,True,3,3,1726.122809860307,387.49993705047484,387.4999207318392,387.49995297147774,0.141195860826319,0.14119175798098516,0.141200066141689,454.0102452823055,1045.3436049804177
rear,B,12500.0,71.37683953461502,True,3,3,1726.122809860307,385.85261306255836,385.8524054546273,385.8528172550537,0.565711551629359,0.5656589311862303,0.5657650522309043,176.51044593502172,1359.1771653312462
rear,C,12500.0,71.37683953461502,False,0,3,1726.122809860307,,,,,,,-378.48915275954585,1986.8442860329028
rear,D,12500.0,71.37683953461502,False,0,3,1726.122809860307,,,,,,,-1488.488350148681,3242.1785274362164
rear,E,12500.0,71.37683953461502,False,0,3,1726.122809860307,,,,,,,-3708.4867449269514,5752.847010242844
rear,F,12500.0,71.37683953461502,False,0,3,1726.122809860307,,,,,,,-8148.483534483492,10774.183975856098
rear,G,12500.0,71.37683953461502,False,0,3,1726.122809860307,,,,,,,-17028.47711359657,20816.85790708261
rear,H,12500.0,71.37683953461502,False,0,3,1726.122809860307,,,,,,,-34788.46427182273,40902.20576953563
rear,A,12750.0,72.80437632530732,True,3,3,1726.122809860307,387.49659232895704,387.49657594801363,387.4966084782396,0.1420577961687708,0.14205363449575348,0.14206201754087822,453.3431046025365,1046.3841943619889
rear,B,12750.0,72.80437632530732,True,3,3,1726.122809860307,385.8391944304244,385.8389856373267,385.83940165089496,0.5691695355668047,0.5691161348139184,0.5692233415859893,175.17616457548377,1361.2583440943886
rear,C,12750.0,72.80437632530732,False,0,3,1726.122809860307,,,,,,,-381.15771547862175,1991.0066435591882
rear,D,12750.0,72.80437632530732,False,0,3,1726.122809860307,,,,,,,-1493.825475586833,3250.5032424887872
rear,E,12750.0,72.80437632530732,False,0,3,1726.122809860307,,,,,,,-3719.160995803255,5769.496440347985
rear,F,12750.0,72.80437632530732,False,0,3,1726.122809860307,,,,,,,-8169.832036236099,10807.482836066381
rear,G,12750.0,72.80437632530732,False,0,3,1726.122809860307,,,,,,,-17071.174117101786,20883.455627503175
rear,H,12750.0,72.80437632530732,False,0,3,1726.122809860307,,,,,,,-34873.85827883316,41035.40121037676
rear,A,13000.0,74.23191311599962,True,3,3,1726.122809860307,387.4932387339231,387.4932222883907,387.4932551119675,0.14292201821798725,0.1429177975929563,0.1429262562346434,452.6850502694228,1047.3978499155855
rear,B,13000.0,74.23191311599962,True,3,3,1726.122809860307,385.825740014925,385.8255300013246,385.8259502708103,0.5726367408840138,0.5725825579041777,0.5726908614269721,173.8600559092563,1363.285655201582
rear,C,13000.0,74.23191311599962,False,0,3,1726.122809860307,,,,,,,-383.7899328110767,1995.0612657735749
rear,D,13000.0,74.23191311599962,False,0,3,1726.122809860307,,,,,,,-1499.0899102517428,3258.61248691756
rear,E,13000.0,74.23191311599962,False,0,3,1726.122809860307,,,,,,,-3729.689865133075,5785.714929205531
rear,F,13000.0,74.23191311599962,False,0,3,1726.122809860307,,,,,,,-8190.889774895739,10839.919813781473
rear,G,13000.0,74.23191311599962,False,0,3,1726.122809860307,,,,,,,-17113.289594421065,20948.32958293336
rear,H,13000.0,74.23191311599962,False,0,3,1726.122809860307,,,,,,,-34958.08923347172,41165.149121237126
rear,A,13250.0,75.65944990669192,True,3,3,1726.122809860307,387.4898770288166,387.4898605164229,387.48989363603033,0.1437883302343327,0.14378405055233134,0.1437925854811839,452.0355383045083,1048.3853000888846
rear,B,13250.0,75.65944990669192,True,3,3,1726.122809860307,385.8122528783358,385.812041609349,385.8124661760918,0.5761123784320032,0.5760574115615591,0.5761668224882666,172.5610319794273,1365.2605555481798
rear,C,13250.0,75.65944990669192,False,0,3,1726.122809860307,,,,,,,-386.3879806707347,1999.01106646677
rear,D,13250.0,75.65944990669192,False,0,3,1726.122809860307,,,,,,,-1504.2860059710588,3266.512088303951
rear,E,13250.0,75.65944990669192,False,0,3,1726.122809860307,,,,,,,-3740.0820565717067,5801.514131978312
rear,F,13250.0,75.65944990669192,False,0,3,1726.122809860307,,,,,,,-8211.674157773003,10871.518219327036
rear,G,13250.0,75.65944990669192,False,0,3,1726.122809860307,,,,,,,-17154.858360175593,21011.526394024484
rear,H,13250.0,75.65944990669192,False,0,3,1726.122809860307,,,,,,,-35041.226764980776,41291.54274341938
rear,A,13500.0,77.08698669738422,True,3,3,1726.122809860307,387.4865079148367,387.48649133332896,387.4865247515464,0.14465655151871815,0.14465221269555073,0.14466082457625928,451.3940660871346,1049.3472480675127
rear,B,13500.0,77.08698669738422,True,3,3,1726.122809860307,385.79873583339287,385.7985232747216,385.798952178409,0.5795957233681795,0.5795399712182459,0.5796504997763741,171.27808754467986,1367.1844515054358
rear,C,13500.0,77.08698669738422,False,0,3,1726.122809860307,,,,,,,-388.95386954022956,2002.8588583812825
rear,D,13500.0,77.08698669738422,False,0,3,1726.122809860307,,,,,,,-1509.4177837100485,3274.207672132976
rear,E,13500.0,77.08698669738422,False,0,3,1726.122809860307,,,,,,,-3750.345612049686,5816.9052996363625
rear,F,13500.0,77.08698669738422,False,0,3,1726.122809860307,,,,,,,-8232.20126872896,10902.300554643136
rear,G,13500.0,77.08698669738422,False,0,3,1726.122809860307,,,,,,,-17195.91258208751,21073.091064656684
rear,H,13500.0,77.08698669738422,False,0,3,1726.122809860307,,,,,,,-35123.33520880461,41414.67208468378
rear,A,13750.0,78.51452348807652,True,3,3,1726.122809860307,387.4831320365964,387.4831153837516,387.48314910304373,0.1455265159542344,0.14552211792763226,0.1455308073953332,450.76016934144326,1050.2843724775946
rear,B,13750.0,78.51452348807652,True,3,3,1726.122809860307,385.78519146598063,385.78497758402864,385.7854108625076,0.5830861093096681,0.5830295707848432,0.583141226727546,170.0102940532972,1369.0587003255998
rear,C,13750.0,78.51452348807652,False,0,3,1726.122809860307,,,,,,,-391.4894565229949,2006.6073560216105
rear,D,13750.0,78.51452348807652,False,0,3,1726.122809860307,,,,,,,-1514.4889576755793,3281.7046674136313
rear,E,13750.0,78.51452348807652,False,0,3,1726.122809860307,,,,,,,-3760.4879599807477,5831.8992901976735
rear,F,13750.0,78.51452348807652,False,0,3,1726.122809860307,,,,,,,-8252.485964591084,10932.288535765758
rear,G,13750.0,78.51452348807652,False,0,3,1726.122809860307,,,,,,,-17236.481973811755,21133.06702690193
rear,H,13750.0,78.51452348807652,False,0,3,1726.122809860307,,,,,,,-35204.4739922531,41534.624009174266
rear,A,14000.0,79.9420602787688,True,3,3,1726.122809860307,387.4797499871946,387.4797332608285,387.47976728353206,0.14639807069915337,0.14639361342985158,0.14640238108675208,450.13341941793766,1051.197328096074
rear,B,14000.0,79.9420602787688,True,3,3,1726.122809860307,385.77162215546275,385.77140691743625,385.7718446065482,0.5865829230940108,0.5865255974089045,0.586638389972538,168.75679420628597,1370.8846115625586
rear,C,14000.0,79.9420602787688,False,0,3,1726.122809860307,,,,,,,-393.99645621701734,2010.259178495528
rear,D,14000.0,79.9420602787688,False,0,3,1726.122809860307,,,,,,,-1519.502957063624,3289.0083123614663
rear,E,14000.0,79.9420602787688,False,0,3,1726.122809860307,,,,,,,-3770.5159587568373,5846.5065800933435
rear,F,14000.0,79.9420602787688,False,0,3,1726.122809860307,,,,,,,-8272.541962143263,10961.503115557098
rear,G,14000.0,79.9420602787688,False,0,3,1726.122809860307,,,,,,,-17276.593968916113,21191.49618648461
rear,H,14000.0,79.9420602787688,False,0,3,1726.122809860307,,,,,,,-35284.69798246182,41651.482328339625
rear,A,14250.0,81.36959706946111,True,3,3,1726.122809860307,387.4763623127694,387.4763455107433,387.4763798390566,0.14727107501364042,0.1472665584862587,0.14727540489883895,449.51342083022314,1052.0867465689132
rear,B,14250.0,81.36959706946111,True,3,3,1726.122809860307,385.7580300929351,385.75781346692855,385.7582556003686,0.5900856000753999,0.5900274867688515,0.5901414246366254,167.51679703085702,1372.663448508237
rear,C,14250.0,81.36959706946111,False,0,3,1726.122809860307,,,,,,,-396.47645056787525,2013.816852386885
rear,D,14250.0,81.36959706946111,False,0,3,1726.122809860307,,,,,,,-1524.46294576534,3296.123660144181
rear,E,14250.0,81.36959706946111,False,0,3,1726.122809860307,,,,,,,-3780.435936160269,5860.737275658773
rear,F,14250.0,81.36959706946111,False,0,3,1726.122809860307,,,,,,,-8292.381916950128,10989.964506687957
rear,G,14250.0,81.36959706946111,False,0,3,1726.122809860307,,,,,,,-17316.273878529842,21248.418968746326
rear,H,14250.0,81.36959706946111,False,0,3,1726.122809860307,,,,,,,-35364.057801689276,41765.32789286306
rear,A,14500.0,82.79713386015341,True,3,3,1726.122809860307,387.4729695165921,387.47295263682,387.4729872727928,0.14814539920460223,0.14814082342845536,0.14814974912493728,448.89980901347974,1052.9532371362595
rear,B,14500.0,82.79713386015341,True,3,3,1726.122809860307,385.7444172976399,385.7441992527087,385.7446458619061,0.5935936198947611,0.5935347188418594,0.5936498101131171,166.2895733973702,1374.3964296429297
rear,C,14500.0,82.79713386015341,False,0,3,1726.122809860307,,,,,,,-398.9308978348489,2017.2828146562704
rear,D,14500.0,82.79713386015341,False,0,3,1726.122809860307,,,,,,,-1529.3718402992872,3303.055584682951
rear,E,14500.0,82.79713386015341,False,0,3,1726.122809860307,,,,,,,-3790.2537252281636,5874.601124736313
rear,F,14500.0,82.79713386015341,False,0,3,1726.122809860307,,,,,,,-8312.017495085916,11017.692204843037
rear,G,14500.0,82.79713386015341,False,0,3,1726.122809860307,,,,,,,-17355.54503480142,21303.874365056487
rear,H,14500.0,82.79713386015341,False,0,3,1726.122809860307,,,,,,,-35442.60011423243,41876.23868548338
rear,A,14750.0,84.22467065084571,True,3,3,1726.122809860307,387.4695720627556,387.46955510320987,387.46959004873526,0.14902092367517308,0.14901628868494443,0.14902529415318222,448.29224827624506,1053.7973873629699
rear,B,14750.0,84.22467065084571,True,3,3,1726.122809860307,385.7307856317519,385.7305661379729,385.73101725199183,0.5971065026692904,0.5970468140914176,0.5971630662560012,165.07445192290083,1376.0847300963503
rear,C,14750.0,84.22467065084571,False,0,3,1726.122809860307,,,,,,,-401.3611407837876,2020.6594155631115
rear,D,14750.0,84.22467065084571,False,0,3,1726.122809860307,,,,,,,-1534.2323261971646,3309.8087864966333
rear,E,14750.0,84.22467065084571,False,0,3,1726.122809860307,,,,,,,-3799.9746970239185,5888.107528363677
rear,F,14750.0,84.22467065084571,False,0,3,1726.122809860307,,,,,,,-8331.459438677426,11044.705012097766
rear,G,14750.0,84.22467065084571,False,0,3,1726.122809860307,,,,,,,-17394.42892198444,21357.899979565944
rear,H,14750.0,84.22467065084571,False,0,3,1726.122809860307,,,,,,,-35520.36788859847,41984.2899145023
rear,A,15000.0,85.65220744153801,True,3,3,1726.122809860307,387.46617037950284,387.4661533382187,387.4661885950265,0.1498975380670823,0.14989284392331603,0.14990192960908644,447.6904299213317,1054.6197638724038
rear,B,15000.0,85.65220744153801,True,3,3,1726.122809860307,385.7171368137192,385.71691584223987,385.7173714876989,0.6006238055546453,0.6005633300274704,0.6006807499449929,163.87081521307417,1377.7294831152183
rear,C,15000.0,85.65220744153801,False,0,3,1726.122809860307,,,,,,,-403.76841420344095,2023.9489216008471
rear,D,15000.0,85.65220744153801,False,0,3,1726.122809860307,,,,,,,-1539.0468730364712,3316.387798572105
rear,E,15000.0,85.65220744153801,False,0,3,1726.122809860307,,,,,,,-3809.6037907025316,5901.265552514621
rear,F,15000.0,85.65220744153801,False,0,3,1726.122809860307,,,,,,,-8350.717626034653,11071.021060399653
rear,G,15000.0,85.65220744153801,False,0,3,1726.122809860307,,,,,,,-17432.945296698894,21410.53207616972
rear,H,15000.0,85.65220744153801,False,0,3,1726.122809860307,,,,,,,-35597.40063802738,42089.554107709846
rear,A,15250.0,87.07974423223031,True,3,3,1726.122809860307,387.4627648622333,387.4627477373129,387.46278330696407,0.15077514048580376,0.1507703872753341,0.15077955358089312,447.0940705153037,1055.420913081103
rear,B,15250.0,87.07974423223031,True,3,3,1726.122809860307,385.703472430318,385.70324995339575,385.70371015440503,0.6041451196382738,0.6040838580978813,0.6042024519815392,162.67809640101814,1379.331781532617
rear,C,15250.0,87.07974423223031,False,0,3,1726.122809860307,,,,,,,-406.153851827553,2027.1535184356444
rear,D,15250.0,87.07974423223031,False,0,3,1726.122809860307,,,,,,,-1543.8177482846954,3322.7969922416996
rear,E,15250.0,87.07974423223031,False,0,3,1726.122809860307,,,,,,,-3819.14554119898,5914.08393985381
rear,F,15250.0,87.07974423223031,False,0,3,1726.122809860307,,,,,,,-8369.80112702755,11096.657835078031
rear,G,15250.0,87.07974423223031,False,0,3,1726.122809860307,,,,,,,-17471.112298684686,21461.805625526475
rear,H,15250.0,87.07974423223031,False,0,3,1726.122809860307,,,,,,,-35673.73464199896,42192.10120642336
rear,A,15500.0,88.50728102292261,True,3,3,1726.122809860307,387.45935587622506,387.45933866584056,387.4593745497228,0.15165363679913169,0.15164882463537532,0.1516580719183258,446.50291028896606,1056.2013619318461
rear,B,15500.0,88.50728102292261,True,3,3,1726.122809860307,385.6897939475626,385.6895699385945,385.69003471670896,0.6076700671280558,0.6076080208753165,0.6077277942798109,161.49577594834284,1380.8926792341028
rear,C,15500.0,88.50728102292261,False,0,3,1726.122809860307,,,,,,,-408.5184927329036,2030.2753138386167
rear,D,15500.0,88.50728102292261,False,0,3,1726.122809860307,,,,,,,-1548.5470300953966,3329.040583047644
rear,E,15500.0,88.50728102292261,False,0,3,1726.122809860307,,,,,,,-3828.6041048203824,5926.5711214656985
rear,F,15500.0,88.50728102292261,False,0,3,1726.122809860307,,,,,,,-8388.718254270354,11121.632198301808
rear,G,15500.0,88.50728102292261,False,0,3,1726.122809860307,,,,,,,-17508.946553170295,21511.75435197403
rear,H,15500.0,88.50728102292261,False,0,3,1726.122809860307,,,,,,,-35749.40315097018,42291.998659318466
rear,A,15750.0,89.93481781361491,True,3,3,1726.122809860307,387.45594375910053,387.4559264614969,387.45596266082117,0.1525329400016632,0.15252806902483762,0.15253739759726326,445.9167116539036,1056.9616186225198
rear,B,15750.0,89.93481781361491,True,3,3,1726.122809860307,385.6761027205924,385.67587715413697,385.6763465283244,0.6111982988042793,0.6111354695074733,0.6112564273208165,160.32337867821786,1382.4131926154505
rear,C,15750.0,89.93481781361491,False,0,3,1726.122809860307,,,,,,,-410.86328727315356,2033.3163406013114
rear,D,15750.0,89.93481781361491,False,0,3,1726.122809860307,,,,,,,-1553.2366191758965,3335.1226365730336
rear,E,15750.0,89.93481781361491,False,0,3,1726.122809860307,,,,,,,-3837.983282981382,5938.735228516478
rear,F,15750.0,89.93481781361491,False,0,3,1726.122809860307,,,,,,,-8407.476610592354,11145.960412403367
rear,G,15750.0,89.93481781361491,False,0,3,1726.122809860307,,,,,,,-17546.463265814295,21560.410780177146
rear,H,15750.0,89.93481781361491,False,0,3,1726.122809860307,,,,,,,-35824.43657625818,42389.3115157247
rear,A,16000.0,91.36235460430721,True,3,3,1726.122809860307,387.4525288230658,387.45251143656253,387.45254795236076,0.15341296963790793,0.15340804001512387,0.15341745014295638,445.33525782227065,1057.7021733283289
rear,B,16000.0,91.36235460430721,True,3,3,1726.122809860307,385.66240000264537,385.66217285443645,385.66264684105937,0.6147294917073517,0.6146658814032313,0.6147880278420392,159.16047101495204,1383.8943020270683
rear,C,16000.0,91.36235460430721,False,0,3,1726.122809860307,,,,,,,-413.1891025996852,2036.2785594245477
rear,D,16000.0,91.36235460430721,False,0,3,1726.122809860307,,,,,,,-1557.8882498289597,3341.047074219506
rear,E,16000.0,91.36235460430721,False,0,3,1726.122809860307,,,,,,,-3847.2865442875086,5950.584103809423
rear,F,16000.0,91.36235460430721,False,0,3,1726.122809860307,,,,,,,-8426.083133204607,11169.658162989257
rear,G,16000.0,91.36235460430721,False,0,3,1726.122809860307,,,,,,,-17583.676311038802,21607.806281348927
rear,H,16000.0,91.36235460430721,False,0,3,1726.122809860307,,,,,,,-35898.862666707195,42484.10251806826
rear,A,16250.0,92.78989139499951,True,3,3,1726.122809860307,387.44911135694366,387.44909387993636,387.4491307130602,0.15429365127811456,0.15428866320337242,0.1542981551060696,444.7583515188807,1058.4234989149668
rear,B,16250.0,92.78989139499951,True,3,3,1726.122809860307,385.648686953212,385.6484582001663,385.6489368129764,0.6182633470363038,0.6181989581296565,0.6183222967377167,158.00665840817217,1385.3369532003446
rear,C,16250.0,92.78989139499951,False,0,3,1726.122809860307,,,,,,,-415.49672781324495,2039.1638617710994
rear,D,16250.0,92.78989139499951,False,0,3,1726.122809860307,,,,,,,-1562.5035002560794,3346.8176789126096
rear,E,16250.0,92.78989139499951,False,0,3,1726.122809860307,,,,,,,-3856.517045141748,5962.12531319563
rear,F,16250.0,92.78989139499951,False,0,3,1726.122809860307,,,,,,,-8444.544134913085,11192.740581761671
rear,G,16250.0,92.78989139499951,False,0,3,1726.122809860307,,,,,,,-17620.598314455758,21653.971118893754
rear,H,16250.0,92.78989139499951,False,0,3,1726.122809860307,,,,,,,-35972.706673541106,42576.43219315792
rear,A,16500.0,94.21742818569182,True,3,3,1726.122809860307,387.44569162802554,387.44567405898675,387.445711210107,0.15517491604124892,0.15516986973531655,0.1551794435857401,444.1636762785998,1059.1260516405516
rear,B,16500.0,94.21742818569182,True,3,3,1726.122809860307,385.63496464545585,385.63473426567396,385.6352175158181,0.6217995882367378,0.6217344234984545,0.6218589571483579,156.81730792761027,1386.7420586515143
rear,C,16500.0,94.21742818569182,False,0,3,1726.122809860307,,,,,,,-417.87542877436874,2041.9740726734392
rear,D,16500.0,94.21742818569182,False,0,3,1726.122809860307,,,,,,,-1567.260902178327,3352.4381007172888
rear,E,16500.0,94.21742818569182,False,0,3,1726.122809860307,,,,,,,-3866.031848986243,5973.366156804988
rear,F,16500.0,94.21742818569182,False,0,3,1726.122809860307,,,,,,,-8463.573742602075,11215.222268980388
rear,G,16500.0,94.21742818569182,False,0,3,1726.122809860307,,,,,,,-17658.657529833737,21698.934493331188
rear,H,16500.0,94.21742818569182,False,0,3,1726.122809860307,,,,,,,-36048.825104297066,42666.358942032784
rear,A,16750.0,95.64496497638412,True,3,3,1726.122809860307,387.4422698837576,387.44225222123725,387.44228969084384,0.15605670016040815,0.15605159587069872,0.15606125179511432,443.56868761587896,1059.8102718443197
rear,B,16750.0,95.64496497638412,True,3,3,1726.122809860307,385.6212340729731,385.62100204573557,385.6214899417723,0.6253379592586835,0.625272021822687,0.6253977527199361,155.6273306021686,1388.11049905905
rear,C,16750.0,95.64496497638412,False,0,3,1726.122809860307,,,,,,,-420.2553834252521,2044.7109534885108
rear,D,16750.0,95.64496497638412,False,0,3,1726.122809860307,,,,,,,-1572.0208114800937,3357.9118623474324
rear,E,16750.0,95.64496497638412,False,0,3,1726.122809860307,,,,,,,-3875.5516675897766,5984.313680065276
rear,F,16750.0,95.64496497638412,False,0,3,1726.122809860307,,,,,,,-8482.613379809141,11237.117315500962
rear,G,16750.0,95.64496497638412,False,0,3,1726.122809860307,,,,,,,-17696.73680424787,21742.724586372336
rear,H,16750.0,95.64496497638412,False,0,3,1726.122809860307,,,,,,,-36124.98365312533,42753.93912811508
rear,A,17000.0,97.07250176707642,True,3,3,1726.122809860307,387.43884635327896,387.43882859590457,387.4388663843075,0.15693894458640445,0.156933782586699,0.15694352066500938,442.97831549736674,1060.4765846202874
rear,B,17000.0,97.07250176707642,True,3,3,1726.122809860307,385.6074961559599,385.6072624617178,385.60775500964377,0.6288782229674809,0.6288115163261554,0.6289384460161029,154.44658636514424,1389.4431246109855
rear,C,17000.0,97.07250176707642,False,0,3,1726.122809860307,,,,,,,-422.6168718993008,2047.3762045923818
rear,D,17000.0,97.07250176707642,False,0,3,1726.122809860307,,,,,,,-1576.743788428191,3363.242364555174
rear,E,17000.0,97.07250176707642,False,0,3,1726.122809860307,,,,,,,-3884.997621485971,5994.974684480759
rear,F,17000.0,97.07250176707642,False,0,3,1726.122809860307,,,,,,,-8501.505287601532,11258.439324331928
rear,G,17000.0,97.07250176707642,False,0,3,1726.122809860307,,,,,,,-17734.520619832652,21785.36860403427
rear,H,17000.0,97.07250176707642,False,0,3,1726.122809860307,,,,,,,-36200.551284294896,42839.22716343895
rear,A,17250.0,98.50003855776872,True,3,3,1726.122809860307,387.4354212488264,387.4354033953027,387.43544150263403,0.15782159462574366,0.1578163752158357,0.1578261954820359,442.3924144186649,1061.1254004743178
rear,B,17250.0,98.50003855776872,True,3,3,1726.122809860307,385.593751746843,385.5935163672054,385.59401357048944,0.6324201596925852,0.6323526876913621,0.6324808170679486,153.27478420774042,1390.7407563190459
rear,C,17250.0,98.50003855776872,False,0,3,1726.122809860307,,,,,,,-424.96047621410844,2049.9714680085026
rear,D,17250.0,98.50003855776872,False,0,3,1726.122809860307,,,,,,,-1581.4309970578063,3368.4328913874156
rear,E,17250.0,98.50003855776872,False,0,3,1726.122809860307,,,,,,,-3894.3720387452017,6005.355738145242
rear,F,17250.0,98.50003855776872,False,0,3,1726.122809860307,,,,,,,-8520.254122119992,11279.201431660895
rear,G,17250.0,98.50003855776872,False,0,3,1726.122809860307,,,,,,,-17772.01828886957,21826.892818692202
rear,H,17250.0,98.50003855776872,False,0,3,1726.122809860307,,,,,,,-36275.54662236873,42922.27559275481
rear,A,17500.0,99.92757534846102,True,3,3,1726.122809860307,387.4319947670192,387.43197681612776,387.4320152423431,0.15870459960962702,0.1586993231149525,0.15870922555761835,441.7432322774646,1061.75711596325
rear,B,17500.0,99.92757534846102,True,3,3,1726.122809860307,385.5800016354292,385.57976455314576,385.5802664127722,0.6359635659006361,0.6358953327312733,0.6360246620481402,151.97641992533988,1392.0041872969105
rear,C,17500.0,99.92757534846102,False,0,3,1726.122809860307,,,,,,,-427.5572047789095,2052.4983299642317
rear,D,17500.0,99.92757534846102,False,0,3,1726.122809860307,,,,,,,-1586.6244541874084,3373.4866152988743
rear,E,17500.0,99.92757534846102,False,0,3,1726.122809860307,,,,,,,-3904.758953004406,6015.463185968159
rear,F,17500.0,99.92757534846102,False,0,3,1726.122809860307,,,,,,,-8541.027950638401,11299.41632730673
rear,G,17500.0,99.92757534846102,False,0,3,1726.122809860307,,,,,,,-17813.56594590639,21867.322609983872
rear,H,17500.0,99.92757534846102,False,0,3,1726.122809860307,,,,,,,-36358.64193644237,43003.13517533815
rear,A,17750.0,101.35511213915332,True,3,3,1726.122809860307,387.4285670900347,387.4285490406326,387.4285877855142,0.15958791259093053,0.1595825793621053,0.1595925639251261,440.2947681185582,1062.3721143149787
rear,B,17750.0,101.35511213915332,True,3,3,1726.122809860307,385.5662465536178,385.5660077525589,385.5665142670768,0.6395082529810544,0.6394392631740686,0.6395697920572929,149.0794916075271,1393.2341840003683
rear,C,17750.0,101.35511213915332,False,0,3,1726.122809860307,,,,,,,-433.3510614145351,2054.958323371147
rear,D,17750.0,101.35511213915332,False,0,3,1726.122809860307,,,,,,,-1598.2121674586597,3378.406602112705
rear,E,17750.0,101.35511213915332,False,0,3,1726.122809860307,,,,,,,-3927.9343795469085,6025.303159595821
rear,F,17750.0,101.35511213915332,False,0,3,1726.122809860307,,,,,,,-8587.378803723406,11319.096274562053
rear,G,17750.0,101.35511213915332,False,0,3,1726.122809860307,,,,,,,-17906.2676520764,21906.682504494518
rear,H,17750.0,101.35511213915332,False,0,3,1726.122809860307,,,,,,,-36544.04534878239,43081.854964359445
rear,A,18000.0,102.78264892984562,True,3,3,1726.122809860307,387.425138386685,387.4251202377044,387.4251593008639,0.1604714900667159,0.16046610047901755,0.16047616706231782,438.86206748234497,1062.9707660285742
rear,B,18000.0,102.78264892984562,True,3,3,1726.122809860307,385.5524871797186,385.55224664485246,385.5527578104314,0.6430540461332698,0.6429843045494321,0.6431160320119478,146.21409033510068,1394.4314874275594
rear,C,18000.0,102.78264892984562,False,0,3,1726.122809860307,,,,,,,-439.08186395938793,2057.3529302255292
rear,D,18000.0,102.78264892984562,False,0,3,1726.122809860307,,,,,,,-1609.6737725483652,3383.1958158214693
rear,E,18000.0,102.78264892984562,False,0,3,1726.122809860307,,,,,,,-3950.8575897263195,6034.881587013349
rear,F,18000.0,102.78264892984562,False,0,3,1726.122809860307,,,,,,,-8633.225224082229,11338.25312939711
rear,G,18000.0,102.78264892984562,False,0,3,1726.122809860307,,,,,,,-17997.960492794045,21944.996214164632
rear,H,18000.0,102.78264892984562,False,0,3,1726.122809860307,,,,,,,-36727.43103021768,43158.48238369967
rear,A,18250.0,104.21018572053792,True,3,3,1726.122809860307,387.4217088134057,387.42169056385205,387.42172994473435,0.1613552917235269,0.16134984617630632,0.1613599946368227,437.4448098831549,1063.55342945375
rear,B,18250.0,104.21018572053792,True,3,3,1726.122809860307,385.53872414241215,385.53848185977967,385.5389976702713,0.6466007833461851,0.6465302951672247,0.646663219624577,143.3795751367205,1395.59681427791
rear,C,18250.0,104.21018572053792,False,0,3,1726.122809860307,,,,,,,-444.7508943561483,2059.6835839262308
rear,D,18250.0,104.21018572053792,False,0,3,1726.122809860307,,,,,,,-1621.0118333418861,3387.8571232228724
rear,E,18250.0,104.21018572053792,False,0,3,1726.122809860307,,,,,,,-3973.5337113133614,6044.204201816156
rear,F,18250.0,104.21018572053792,False,0,3,1726.122809860307,,,,,,,-8678.577467256311,11356.898359002722
rear,G,18250.0,104.21018572053792,False,0,3,1726.122809860307,,,,,,,-18088.66497914221,21982.286673375856
rear,H,18250.0,104.21018572053792,False,0,3,1726.122809860307,,,,,,,-36908.84000291401,43233.06330212212
rear,A,18500.0,105.63772251123022,True,3,3,1726.122809860307,387.4182785151625,387.4182601641131,387.4182998620003,0.16223928020366504,0.1622337791196915,0.16224400927241645,436.0426871984397,1064.1204513491605
rear,B,18500.0,105.63772251123022,True,3,3,1726.122809860307,385.5249580243866,385.5247139810735,385.52523442807825,0.6501483144610113,0.650077085179479,0.6502112044670993,140.57532976729004,1396.7308580687318
rear,C,18500.0,105.63772251123022,False,0,3,1726.122809860307,,,,,,,-450.3593850950092,2061.951671507874
rear,D,18500.0,105.63772251123022,False,0,3,1726.122809860307,,,,,,,-1632.2288148196078,3392.3932983861587
rear,E,18500.0,105.63772251123022,False,0,3,1726.122809860307,,,,,,,-3995.967674268805,6053.276552142728
rear,F,18500.0,105.63772251123022,False,0,3,1726.122809860307,,,,,,,-8723.445393167198,11375.043059655867
rear,G,18500.0,105.63772251123022,False,0,3,1726.122809860307,,,,,,,-18178.400830963983,22018.576074682147
rear,H,18500.0,105.63772251123022,False,0,3,1726.122809860307,,,,,,,-37088.31170655756,43305.6421047347
rear,A,18750.0,107.06525930192252,True,3,3,1726.122809860307,387.4148476262848,387.4148291728876,387.41486918690276,0.16312342089039866,0.16311786471524536,0.16312817633422627,434.6554028443342,1064.6721674192047
rear,B,18750.0,107.06525930192252,True,3,3,1726.122809860307,385.5111893656781,385.5109435497869,385.51146862272384,0.6536965003102561,0.6536245357188664,0.6537598471100581,137.80076105907915,1397.8342902088204
rear,C,18750.0,107.06525930192252,False,0,3,1726.122809860307,,,,,,,-455.908522511431,2064.1585357880513
rear,D,18750.0,107.06525930192252,False,0,3,1726.122809860307,,,,,,,-1643.3270896524514,3396.807026946513
rear,E,18750.0,107.06525930192252,False,0,3,1726.122809860307,,,,,,,-4018.164223934492,6062.104009263437
rear,F,18750.0,107.06525930192252,False,0,3,1726.122809860307,,,,,,,-8767.838492498573,11392.697973897284
rear,G,18750.0,107.06525930192252,False,0,3,1726.122809860307,,,,,,,-18267.187029626733,22053.88590316498
rear,H,18750.0,107.06525930192252,False,0,3,1726.122809860307,,,,,,,-37265.88410388306,43376.26176170037
rear,A,19000.0,108.49279609261482,True,3,3,1726.122809860307,387.41141627123307,387.4113977147042,387.41143804381653,0.16400768171029867,0.16400207091159524,0.16401246373116685,433.28267101455873,1065.208902829145
rear,B,19000.0,108.49279609261482,True,3,3,1726.122809860307,385.49741866674606,385.4971710673648,385.49770075354684,0.6572452119255093,0.6571725181057086,0.6573090183310093,135.05529739952823,1398.9077610287004
rear,C,19000.0,108.49279609261482,False,0,3,1726.122809860307,,,,,,,-461.39944983053283,2066.3054774278116
rear,D,19000.0,108.49279609261482,False,0,3,1726.122809860307,,,,,,,-1654.308944290655,3401.1009102260346
rear,E,19000.0,108.49279609261482,False,0,3,1726.122809860307,,,,,,,-4040.1279332108993,6070.69177582248
rear,F,19000.0,108.49279609261482,False,0,3,1726.122809860307,,,,,,,-8811.765911051389,11409.87350701537
rear,G,19000.0,108.49279609261482,False,0,3,1726.122809860307,,,,,,,-18355.041866732365,22088.236969401154
rear,H,19000.0,108.49279609261482,False,0,3,1726.122809860307,,,,,,,-37441.59377809432,43444.96389417272
rear,A,19250.0,109.92033288330713,True,3,3,1726.122809860307,387.40798456530405,387.4079659049266,387.40800654795584,0.16489203295133592,0.16488636801798018,0.16489684173399688,431.9242159780152,1065.7309726985252
rear,B,19250.0,109.92033288330713,True,3,3,1726.122809860307,385.48364639130193,385.48339699847344,385.48393128318463,0.6607943298081823,0.6607209131182845,0.660858598385361,132.33838732644108,1399.9519007674612
rear,C,19250.0,109.92033288330713,False,0,3,1726.122809860307,,,,,,,-466.83326997670713,2068.393756905333
rear,D,19250.0,109.92033288330713,False,0,3,1726.122809860307,,,,,,,-1665.1765845830037,3405.2774691810764
rear,E,19250.0,109.92033288330713,False,0,3,1726.122809860307,,,,,,,-4061.8632137955965,6079.044893732564
rear,F,19250.0,109.92033288330713,False,0,3,1726.122809860307,,,,,,,-8855.236472220782,11426.579742835538
rear,G,19250.0,109.92033288330713,False,0,3,1726.122809860307,,,,,,,-18441.98298907115,22121.64944104149
rear,H,19250.0,109.92033288330713,False,0,3,1726.122809860307,,,,,,,-37615.476022771894,43511.78883745339
rear,A,19500.0,111.34786967399941,True,3,3,1726.122809860307,387.40455261528206,387.4045338504037,387.40457480602527,0.16577644709518946,0.16577072853660724,0.16578128280773097,430.5797714307343,1066.2386825729807
rear,B,19500.0,111.34786967399941,True,3,3,1726.122809860307,385.4698729689181,385.46962177360746,385.470160640183,0.6643437432574487,0.664269610320245,0.6644084763345992,129.64949823187936,1400.9673205163722
rear,C,19500.0,111.34786967399941,False,0,3,1726.122809860307,,,,,,,-472.21104816583056,2070.4245964031547
rear,D,19500.0,111.34786967399941,False,0,3,1726.122809860307,,,,,,,-1675.9321409612505,3409.3391481767208
rear,E,19500.0,111.34786967399941,False,0,3,1726.122809860307,,,,,,,-4083.37432655209,6087.168251723852
rear,F,19500.0,111.34786967399941,False,0,3,1726.122809860307,,,,,,,-8898.25869773377,11442.826458818115
rear,G,19500.0,111.34786967399941,False,0,3,1726.122809860307,,,,,,,-18528.02744009713,22154.142873006644
rear,H,19500.0,111.34786967399941,False,0,3,1726.122809860307,,,,,,,-37787.56492482385,43576.775701383696
rear,A,19750.0,112.77540646469171,True,3,3,1726.122809860307,387.4011205200384,387.40110165006985,387.40114291681994,0.16666089866265535,0.16665512700797525,0.16666576145697443,429.2490798981364,1066.7323288746502
rear,B,19750.0,112.77540646469171,True,3,3,1726.122809860307,385.45609879743245,385.4558457914942,385.4563892214033,0.6678933497503703,0.6678185074403431,0.667958549426606,126.98811516668351,1401.954613119711
rear,C,19750.0,112.77540646469171,False,0,3,1726.122809860307,,,,,,,-477.53381429622226,2072.399181609833
rear,D,19750.0,112.77540646469171,False,0,3,1726.122809860307,,,,,,,-1686.5776732220338,3413.288318590076
rear,E,19750.0,112.77540646469171,False,0,3,1726.122809860307,,,,,,,-4104.665391073657,6095.066592550563
rear,F,19750.0,112.77540646469171,False,0,3,1726.122809860307,,,,,,,-8940.840826776903,11458.623140471536
rear,G,19750.0,112.77540646469171,False,0,3,1726.122809860307,,,,,,,-18613.191698183393,22185.736236313485
rear,H,19750.0,112.77540646469171,False,0,3,1726.122809860307,,,,,,,-37957.89344099638,43639.96242799738
rear,A,20000.0,114.20294325538401,True,3,3,1726.122809860307,387.3976883710859,387.39766939549827,387.3977109717794,0.16754536407091644,0.167539539868089,0.16755025408329294,427.931892183835,1067.2121993315056
rear,B,20000.0,114.20294325538401,True,3,3,1726.122809860307,385.4423242451689,385.4420694213134,385.44261739424417,0.6714430543698283,0.6713675097999139,0.6715087225236616,124.35373973808068,1402.914354033422
rear,C,20000.0,114.20294325538401,False,0,3,1726.122809860307,,,,,,,-482.8025651534279,2074.3186634372546
rear,D,20000.0,114.20294325538401,False,0,3,1726.122809860307,,,,,,,-1697.1151749364453,3417.12728224492
rear,E,20000.0,114.20294325538401,False,0,3,1726.122809860307,,,,,,,-4125.74039450248,6102.744519860251
rear,F,20000.0,114.20294325538401,False,0,3,1726.122809860307,,,,,,,-8982.990833634549,11473.978995090913
rear,G,20000.0,114.20294325538401,False,0,3,1726.122809860307,,,,,,,-18697.491711898685,22216.447945552238
rear,H,20000.0,114.20294325538401,False,0,3,1726.122809860307,,,,,,,-38126.49346842696,43701.385846474885
rear,A,20250.0,115.63048004607631,True,3,3,1726.122809860307,387.39425625309,387.3942371714131,387.3942790554994,0.16842982150164035,0.1684239453165981,0.16843473885324034,426.62796686147686,1067.678573386001
rear,B,20250.0,115.63048004607631,True,3,3,1726.122809860307,385.42854965298847,385.4282930047488,385.4288454986932,0.6749927692758914,0.6749165297840531,0.6750589075738556,121.74588909336445,1403.8471021424127
rear,C,20250.0,115.63048004607631,False,0,3,1726.122809860307,,,,,,,-488.0182664428604,2076.1841596552363
rear,D,20250.0,115.63048004607631,False,0,3,1726.122809860307,,,,,,,-1707.5465775153102,3420.8582746808834
rear,E,20250.0,115.63048004607631,False,0,3,1726.122809860307,,,,,,,-4146.60319966021,6110.206504732178
rear,F,20250.0,115.63048004607631,False,0,3,1726.122809860307,,,,,,,-9024.716443950008,11488.902964834766
rear,G,20250.0,115.63048004607631,False,0,3,1726.122809860307,,,,,,,-18780.942932529604,22246.295885039945
rear,H,20250.0,115.63048004607631,False,0,3,1726.122809860307,,,,,,,-38293.3959096888,43761.0817254503
rear,A,20500.0,117.05801683676862,True,3,3,1726.122809860307,387.39082424434235,387.3908050561623,387.3908472462052,0.1693142507791142,0.1693083231948611,0.16931919557657826,425.33706980635696,1068.131722583503
rear,B,20500.0,117.05801683676862,True,3,3,1726.122809860307,385.41477533618496,385.41451685788303,385.41507384922477,0.6785424132172572,0.6784654863526973,0.6786090231226005,119.16409498312464,1404.753400537417
rear,C,20500.0,117.05801683676862,False,0,3,1726.122809860307,,,,,,,-493.18185466334,2077.9967564452445
rear,D,20500.0,117.05801683676862,False,0,3,1726.122809860307,,,,,,,-1717.8737539562694,3424.4834682608994
rear,E,20500.0,117.05801683676862,False,0,3,1726.122809860307,,,,,,,-4167.257552542128,6117.45689189221
rear,F,20500.0,117.05801683676862,False,0,3,1726.122809860307,,,,,,,-9066.025149713845,11503.40373915483
rear,G,20500.0,117.05801683676862,False,0,3,1726.122809860307,,,,,,,-18863.560344057278,22275.297433680073
rear,H,20500.0,117.05801683676862,False,0,3,1726.122809860307,,,,,,,-38458.63073274415,43819.084822730554
rear,A,20750.0,118.48555362746092,True,3,3,1726.122809860307,387.3873924171975,387.38737312215494,387.38741561618883,0.17019863325747897,0.17019265487319135,0.17020360559344416,424.05897376376544,1068.5719109410456
rear,B,20750.0,118.48555362746092,True,3,3,1726.122809860307,385.40100158623994,385.400741272953,385.4013027365547,0.6820919110790932,0.6820143045882854,0.6821589938604156,116.60790289794153,1405.6337772525017
rear,C,20750.0,118.48555362746092,False,0,3,1726.122809860307,,,,,,,-498.29423883370623,2079.757509875414
rear,D,20750.0,118.48555362746092,False,0,3,1726.122809860307,,,,,,,-1728.0985222970019,3428.0049751212387
rear,E,20750.0,118.48555362746092,False,0,3,1726.122809860307,,,,,,,-4187.707089223592,6124.499905612888
rear,F,20750.0,118.48555362746092,False,0,3,1726.122809860307,,,,,,,-9106.924223076774,11517.489766596187
rear,G,20750.0,118.48555362746092,False,0,3,1726.122809860307,,,,,,,-18945.358490783135,22303.469488562787
rear,H,20750.0,118.48555362746092,False,0,3,1726.122809860307,,,,,,,-38622.22702619586,43875.42893249598
rear,A,21000.0,119.91309041815322,True,3,3,1726.122809860307,387.3839608384792,387.38394143626687,387.3839842322148,0.17108295171626894,0.1710769231463516,0.17108795166991264,422.79345795124897,1068.9993952969842
rear,B,21000.0,119.91309041815322,True,3,3,1726.122809860307,385.3872286724468,385.38696651997395,385.3875324292657,0.6856411934644443,0.6855629152770493,0.6857087502042836,114.07687127290865,1406.4887459643794
rear,C,21000.0,119.91309041815322,False,0,3,1726.122809860307,,,,,,,-503.356302083772,2081.467447299169
rear,D,21000.0,119.91309041815322,False,0,3,1726.122809860307,,,,,,,-1738.2226487971334,3431.424849968749
rear,E,21000.0,119.91309041815322,False,0,3,1726.122809860307,,,,,,,-4207.955342223856,6131.339655307909
rear,F,21000.0,119.91309041815322,False,0,3,1726.122809860307,,,,,,,-9147.420729077301,11531.16926598623
rear,G,21000.0,119.91309041815322,False,0,3,1726.122809860307,,,,,,,-19026.35150278419,22330.82848734287
rear,H,21000.0,119.91309041815322,False,0,3,1726.122809860307,,,,,,,-38784.21305019797,43930.14693005615
rear,A,21250.0,121.34062720884552,True,3,3,1726.122809860307,387.38052956985536,387.38051006021595,387.38055315589554,0.17196719026366658,0.1719611121368314,0.17197221790128392,421.5403076921546,1069.4144256421805
rear,B,21250.0,121.34062720884552,True,3,3,1726.122809860307,385.3734568434156,385.37319284824497,385.37376317531266,0.6891901963064365,0.6891112545209355,0.6892582279098391,111.57057075471994,1407.318806654772
rear,C,21250.0,121.34062720884552,False,0,3,1726.122809860307,,,,,,,-508.3689031201494,2083.127568679955
rear,D,21250.0,121.34062720884552,False,0,3,1726.122809860307,,,,,,,-1748.2478508698882,3434.7450927303203
rear,E,21250.0,121.34062720884552,False,0,3,1726.122809860307,,,,,,,-4228.005746369366,6137.980140831051
rear,F,21250.0,121.34062720884552,False,0,3,1726.122809860307,,,,,,,-9187.52153736832,11544.450237032514
rear,G,21250.0,121.34062720884552,False,0,3,1726.122809860307,,,,,,,-19106.55311936623,22357.39042943544
rear,H,21250.0,121.34062720884552,False,0,3,1726.122809860307,,,,,,,-38944.61628336205,43983.27081424129
rear,A,21500.0,122.76816399953782,True,3,3,1726.122809860307,387.3770986681861,387.37707905091037,387.37712244403934,0.1728513342468078,0.17284520720513008,0.1728563896223334,420.2993140780244,1069.8172454333635
rear,B,21500.0,122.76816399953782,True,3,3,1726.122809860307,385.3596863284691,385.3594204877449,385.3599952034186,0.6927388605085572,0.6926592633779927,0.6928073677114566,109.0885835264595,1408.1244462371376
rear,C,21500.0,122.76816399953782,False,0,3,1726.122809860307,,,,,,,-513.3328775766703,2084.738847844686
rear,D,21500.0,122.76816399953782,False,0,3,1726.122809860307,,,,,,,-1758.17579978293,3437.9676510597824
rear,E,21500.0,122.76816399953782,False,0,3,1726.122809860307,,,,,,,-4247.861644195449,6144.425257489976
rear,F,21500.0,122.76816399953782,False,0,3,1726.122809860307,,,,,,,-9227.233333020487,11557.340470350362
rear,G,21500.0,122.76816399953782,False,0,3,1726.122809860307,,,,,,,-19185.976710670562,22383.170896071137
rear,H,21500.0,122.76816399953782,False,0,3,1726.122809860307,,,,,,,-39103.463465970715,44034.83174751268
rear,A,21750.0,124.19570079023012,True,3,3,1726.122809860307,387.37366818584695,387.3736484607714,387.37369214897353,0.17373537016850774,0.17372919486644545,0.17374045332405608,419.0702544181522,1070.20811112877
rear,B,21750.0,124.19570079023012,True,3,3,1726.122809860307,385.3459173389371,385.34564965042733,385.3462287243696,0.6962871316110805,0.6962068875285943,0.696356114988661,106.63046420671512,1408.9061776279507
rear,C,21750.0,124.19570079023012,False,0,3,1726.122809860307,,,,,,,-518.2491162161591,2086.302310626312
rear,D,21750.0,124.19570079023012,False,0,3,1726.122809860307,,,,,,,-1768.0082770619076,3441.0945766230343
rear,E,21750.0,124.19570079023012,False,0,3,1726.122809860307,,,,,,,-4267.526598753404,6150.679108616479
rear,F,21750.0,124.19570079023012,False,0,3,1726.122809860307,,,,,,,-9266.563242136397,11569.84817260337
rear,G,21750.0,124.19570079023012,False,0,3,1726.122809860307,,,,,,,-19264.63652890238,22408.186300577152
rear,H,21750.0,124.19570079023012,False,0,3,1726.122809860307,,,,,,,-39260.783102434354,44084.86255652471
rear,A,22000.0,125.62323758092242,True,3,3,1726.122809860307,387.37023817102846,387.37021833803345,387.37026231884437,0.17461928561005222,0.1746130627135023,0.17462439657646156,417.85293102722835,1070.5872533937372
rear,B,22000.0,125.62323758092242,True,3,3,1726.122809860307,385.33215006935853,385.33188053142345,385.3324639322167,0.6998349594813158,0.6997540769657862,0.6999044194561321,104.19581742486743,1409.6644621578855
rear,C,22000.0,125.62323758092242,False,0,3,1726.122809860307,,,,,,,-523.1184097798545,2087.818879686182
rear,D,22000.0,125.62323758092242,False,0,3,1726.122809860307,,,,,,,-1777.7468641892983,3444.127714742774
rear,E,22000.0,125.62323758092242,False,0,3,1726.122809860307,,,,,,,-4287.003773008186,6156.745384855959
rear,F,22000.0,125.62323758092242,False,0,3,1726.122809860307,,,,,,,-9305.51759064596,11581.980725082329
rear,G,22000.0,125.62323758092242,False,0,3,1726.122809860307,,,,,,,-19342.54522592151,22432.45140553507
rear,H,22000.0,125.62323758092242,False,0,3,1726.122809860307,,,,,,,-39416.60049647261,44133.39276644055
rear,A,22250.0,127.05077437161472,True,3,3,1726.122809860307,387.366808668015,387.36678872702265,387.36683299789564,0.175503069159344,0.17549679934468765,0.1755082079566872,416.64716940927605,1070.9548789167889
rear,B,22250.0,127.05077437161472,True,3,3,1726.122809860307,385.3183846985982,385.3181133101592,385.31870100539277,0.7033822980257268,0.7033007857073503,0.7034522348757344,101.7842941889628,1410.3997132039883
rear,C,22250.0,127.05077437161472,False,0,3,1726.122809860307,,,,,,,-527.9414562516637,2089.2893817783875
rear,D,22250.0,127.05077437161472,False,0,3,1726.122809860307,,,,,,,-1787.3929571329168,3447.068718927185
rear,E,22250.0,127.05077437161472,False,0,3,1726.122809860307,,,,,,,-4306.295958895423,6162.6273932247805
rear,F,22250.0,127.05077437161472,False,0,3,1726.122809860307,,,,,,,-9344.101962420435,11593.744741819972
rear,G,22250.0,127.05077437161472,False,0,3,1726.122809860307,,,,,,,-19419.713969470457,22455.979439010356
rear,H,22250.0,127.05077437161472,False,0,3,1726.122809860307,,,,,,,-39570.937983570504,44180.44883339112
rear,A,22500.0,128.47831116230702,True,3,3,1726.122809860307,387.36337971744365,387.36335966841597,387.3634042267274,0.17638671034420442,0.17638039429731522,0.17639187698228476,415.45278085728665,1071.3112078157137
rear,B,22500.0,128.47831116230702,True,3,3,1726.122809860307,385.30462139088525,385.30434815139427,385.3049401077506,0.7069291049224787,0.7068469715283965,0.7069995187889089,100.49278188716829,1410.9261949960126
rear,C,22500.0,128.47831116230702,False,0,3,1726.122809860307,,,,,,,-532.7190104596212,2090.714697374087
rear,D,22500.0,128.47831116230702,False,0,3,1726.122809860307,,,,,,,-1796.948065548832,3449.9193501185846
rear,E,22500.0,128.47831116230702,False,0,3,1726.122809860307,,,,,,,-4325.406175727253,6168.32865560758
rear,F,22500.0,128.47831116230702,False,0,3,1726.122809860307,,,,,,,-9382.322396084095,11605.14726658557
rear,G,22500.0,128.47831116230702,False,0,3,1726.122809860307,,,,,,,-19496.154836797778,22478.784488541554
rear,H,22500.0,128.47831116230702,False,0,3,1726.122809860307,,,,,,,-39723.819718225146,44226.05893245352
rear,A,22750.0,129.90584795299932,True,3,3,1726.122809860307,387.359951356545,387.3599311994818,387.3599760425372,0.17727019957028597,0.1772638379856195,0.17727539404913673,414.2695811030447,1071.8232993132337
rear,B,22750.0,129.90584795299932,False,2,3,1726.122809860307,,,,,,,97.02911757650013,1412.1365539968783
rear,C,22750.0,129.90584795299932,False,0,3,1726.122809860307,,,,,,,-537.451809476589,2092.7630633641675
rear,D,22750.0,129.90584795299932,False,0,3,1726.122809860307,,,,,,,-1806.4136635827674,3454.016082098746
rear,E,22750.0,129.90584795299932,False,0,3,1726.122809860307,,,,,,,-4344.337371795124,6176.522119567903
rear,F,22750.0,129.90584795299932,False,0,3,1726.122809860307,,,,,,,-9420.184788219838,11621.534194506217
rear,G,22750.0,129.90584795299932,False,0,3,1726.122809860307,,,,,,,-19571.879621069264,22511.558344382847
rear,H,22750.0,129.90584795299932,False,0,3,1726.122809860307,,,,,,,-39875.26928676812,44291.6066441361
rear,A,23000.0,131.33338474369162,True,3,3,1726.122809860307,387.3565236193674,387.3565033543044,387.35654847934387,0.17815352806335172,0.17814712164291313,0.17815875037378026,413.09739011046446,1072.4189178751315
rear,B,23000.0,131.33338474369162,False,2,3,1726.122809860307,,,,,,,94.68473559133966,1413.3277911206735
rear,C,23000.0,131.33338474369162,False,0,3,1726.122809860307,,,,,,,-542.1405734469099,2095.145537611758
rear,D,23000.0,131.33338474369162,False,0,3,1726.122809860307,,,,,,,-1815.7911915234092,3458.7810305939265
rear,E,23000.0,131.33338474369162,False,0,3,1726.122809860307,,,,,,,-4363.092427676408,6186.052016558264
rear,F,23000.0,131.33338474369162,False,0,3,1726.122809860307,,,,,,,-9457.694899982405,11640.593988486939
rear,G,23000.0,131.33338474369162,False,0,3,1726.122809860307,,,,,,,-19646.899844594398,22549.67793234429
rear,H,23000.0,131.33338474369162,False,0,3,1726.122809860307,,,,,,,-40025.30973381839,44367.84582005899
rear,A,23250.0,132.76092153438393,True,3,3,1726.122809860307,387.3530965369857,387.35307616399274,387.35312156819646,0.1790366878154074,0.17903023726785205,0.17904193793939482,411.93603188500794,1073.0050805779729
rear,B,23250.0,132.76092153438393,False,2,3,1726.122809860307,,,,,,,92.3620191404266,1414.5001165263561
rear,C,23250.0,132.76092153438393,False,0,3,1726.122809860307,,,,,,,-546.7860063487361,2097.490188423123
rear,D,23250.0,132.76092153438393,False,0,3,1726.122809860307,,,,,,,-1825.0820573270616,3463.4703322166565
rear,E,23250.0,132.76092153438393,False,0,3,1726.122809860307,,,,,,,-4381.6741592837125,6195.430619803724
rear,F,23250.0,132.76092153438393,False,0,3,1726.122809860307,,,,,,,-9494.858363197014,11659.351194977859
rear,G,23250.0,132.76092153438393,False,0,3,1726.122809860307,,,,,,,-19721.226771023616,22587.19234532613
rear,H,23250.0,132.76092153438393,False,0,3,1726.122809860307,,,,,,,-40173.96358667682,44442.87464602267
rear,A,23500.0,134.18845832507623,True,3,3,1726.122809860307,387.3496701376954,387.3496496568747,387.3496953373685,0.17991967153467478,0.17991317757434233,0.17992494944588655,410.78533429786336,1073.581889633009
rear,B,23500.0,134.18845832507623,False,2,3,1726.122809860307,,,,,,,90.06062396613741,1415.6537346364291
rear,C,23500.0,134.18845832507623,False,0,3,1726.122809860307,,,,,,,-551.3887966973144,2099.797424643269
rear,D,23500.0,134.18845832507623,False,0,3,1726.122809860307,,,,,,,-1834.2876380242183,3468.0848046569486
rear,E,23500.0,134.18845832507623,False,0,3,1726.122809860307,,,,,,,-4400.085320678026,6204.659564684308
rear,F,23500.0,134.18845832507623,False,0,3,1726.122809860307,,,,,,,-9531.68068598564,11677.809084739027
rear,G,23500.0,134.18845832507623,False,0,3,1726.122809860307,,,,,,,-19794.87141660087,22624.108124848466
rear,H,23500.0,134.18845832507623,False,0,3,1726.122809860307,,,,,,,-40321.25287783133,44516.70620506734
rear,A,23750.0,135.61599511576853,True,3,3,1726.122809860307,387.34624444719447,387.34622385867885,387.3462698125394,0.18080247259880297,0.1807959359447997,0.18080777826300354,409.6451289236634,1074.1494446110646
rear,B,23750.0,135.61599511576853,False,2,3,1726.122809860307,,,,,,,87.78021321773743,1416.7888445925398
rear,C,23750.0,135.61599511576853,False,0,3,1726.122809860307,,,,,,,-555.9496181941145,2102.06764455549
rear,D,23750.0,135.61599511576853,False,0,3,1726.122809860307,,,,,,,-1843.4092810178183,3472.625244481391
rear,E,23750.0,135.61599511576853,False,0,3,1726.122809860307,,,,,,,-4418.328606665225,6213.7404443331925
rear,F,23750.0,135.61599511576853,False,0,3,1726.122809860307,,,,,,,-9568.16725796004,11695.970844036796
rear,G,23750.0,135.61599511576853,False,0,3,1726.122809860307,,,,,,,-19867.844560549667,22660.431643444004
rear,H,23750.0,135.61599511576853,False,0,3,1726.122809860307,,,,,,,-40467.199165728925,44589.35324225842
rear,A,24000.0,137.04353190646083,True,3,3,1726.122809860307,387.34281948875173,387.34279879270304,387.34284501696345,0.18168508501137381,0.18167850638658445,0.1816904183868817,408.5152508906098,1074.7078426520245
rear,B,24000.0,137.04353190646083,False,2,3,1726.122809860307,,,,,,,85.52045715163037,1417.9056406744598
rear,C,24000.0,137.04353190646083,False,0,3,1726.122809860307,,,,,,,-560.4691303263286,2104.3012367193305
rear,D,24000.0,137.04353190646083,False,0,3,1726.122809860307,,,,,,,-1852.4483052822466,3477.092428809072
rear,E,24000.0,137.04353190646083,False,0,3,1726.122809860307,,,,,,,-4436.406655194082,6222.674812988555
rear,F,24000.0,137.04353190646083,False,0,3,1726.122809860307,,,,,,,-9604.323355017754,11713.83958134752
rear,G,24000.0,137.04353190646083,False,0,3,1726.122809860307,,,,,,,-19940.156754665095,22696.169118065452
rear,H,24000.0,137.04353190646083,False,0,3,1726.122809860307,,,,,,,-40611.82355395978,44660.828191501314
rear,A,24250.0,138.47106869715313,True,3,3,1726.122809860307,387.3393952833655,387.3393744799726,387.3394209716274,0.18256750336117142,0.18256088349141164,0.18257286439929965,407.3955387419715,1075.257178657345
rear,B,24250.0,138.47106869715313,False,2,3,1726.122809860307,,,,,,,83.28103285435373,1419.0043126851012
rear,C,24250.0,138.47106869715313,False,0,3,1726.122809860307,,,,,,,-564.9479789208818,2106.4985807406133
rear,D,24250.0,138.47106869715313,False,0,3,1726.122809860307,,,,,,,-1861.406002471353,3481.487116851637
rear,E,24250.0,138.47106869715313,False,0,3,1726.122809860307,,,,,,,-4454.322049572295,6231.464189073685
rear,F,24250.0,138.47106869715313,False,0,3,1726.122809860307,,,,,,,-9640.15414377418,11731.41833351778
rear,G,24250.0,138.47106869715313,False,0,3,1726.122809860307,,,,,,,-20011.818332177947,22731.326622405973
rear,H,24250.0,138.47106869715313,False,0,3,1726.122809860307,,,,,,,-40755.146708985485,44731.143200182356
rear,A,24500.0,139.89860548784543,True,3,3,1726.122809860307,387.33597184991,387.3359509393876,387.33599769539796,0.18344972278427907,0.183443062397326,0.18345511142969784,406.2858343079882,1075.7975454668303
rear,B,24500.0,139.89860548784543,False,2,3,1726.122809860307,,,,,,,81.06162398638706,1420.0850463040715
rear,C,24500.0,139.89860548784543,False,0,3,1726.122809860307,,,,,,,-569.3867966568151,2108.6600479785534
rear,D,24500.0,139.89860548784543,False,0,3,1726.122809860307,,,,,,,-1870.2836379432197,3485.810051327517
rear,E,24500.0,139.89860548784543,False,0,3,1726.122809860307,,,,,,,-4472.0773205160285,6240.110058025445
rear,F,24500.0,139.89860548784543,False,0,3,1726.122809860307,,,,,,,-9675.664685661646,11748.710071421301
rear,G,24500.0,139.89860548784543,False,0,3,1726.122809860307,,,,,,,-20082.83941595288,22765.910098213015
rear,H,24500.0,139.89860548784543,False,0,3,1726.122809860307,,,,,,,-40897.18887653535,44800.31015179644
rear,A,24750.0,141.32614227853773,True,3,3,1726.122809860307,387.3325492052733,387.3325281878603,387.332575205159,0.18433173892861143,0.18432503875335238,0.18433715511977367,405.18598258729867,1076.3290340208448
rear,B,24750.0,141.32614227853773,False,2,3,1726.122809860307,,,,,,,78.86192054500808,1421.1480234121007
rear,C,24750.0,141.32614227853773,False,0,3,1726.122809860307,,,,,,,-573.7862035395731,2110.7860021946117
rear,D,24750.0,141.32614227853773,False,0,3,1726.122809860307,,,,,,,-1879.0824517087356,3490.0619597596337
rear,E,24750.0,141.32614227853773,False,0,3,1726.122809860307,,,,,,,-4489.674948047061,6248.613874889678
rear,F,24750.0,141.32614227853773,False,0,3,1726.122809860307,,,,,,,-9710.85994072371,11765.717705149767
rear,G,24750.0,141.32614227853773,False,0,3,1726.122809860307,,,,,,,-20153.22992607701,22799.925365669947
rear,H,24750.0,141.32614227853773,False,0,3,1726.122809860307,,,,,,,-41037.96989678361,44868.340686710304
rear,A,25000.0,142.75367906923003,True,3,3,1726.122809860307,387.329127364486,387.32910624044365,387.32915351594016,0.18521354792084832,0.18520680868635564,0.18521899159038568,404.0958316370784,1076.8517335090492
rear,B,25000.0,142.75367906923003,False,2,3,1726.122809860307,,,,,,,76.68161864456755,1422.1934223885087
rear,C,25000.0,142.75367906923003,False,0,3,1726.122809860307,,,,,,,-578.1468073404542,2112.876800147428
rear,D,25000.0,142.75367906923003,False,0,3,1726.122809860307,,,,,,,-1887.8036593104978,3494.2435556652676
rear,E,25000.0,142.75367906923003,False,0,3,1726.122809860307,,,,,,,-4507.117363250585,6256.977066700946
rear,F,25000.0,142.75367906923003,False,0,3,1726.122809860307,,,,,,,-9745.74477113076,11782.444088772303
rear,G,25000.0,142.75367906923003,False,0,3,1726.122809860307,,,,,,,-20222.999586891106,22833.37813291502
rear,H,25000.0,142.75367906923003,False,0,3,1726.122809860307,,,,,,,-41177.509218411804,44935.24622120045
rear,A,25250.0,144.18121585992233,True,3,3,1726.122809860307,387.3257063408409,387.32568511045207,387.32573264103695,0.1860951463353596,0.1860883687700765,0.18610061741041184,403.01523247113676,1077.3657315066737
rear,B,25250.0,144.18121585992233,False,2,3,1726.122809860307,,,,,,,74.52042031268427,1423.2214183837582
rear,C,25250.0,144.18121585992233,False,0,3,1726.122809860307,,,,,,,-582.4692040042207,2114.9327921379268
rear,D,25250.0,144.18121585992233,False,0,3,1726.122809860307,,,,,,,-1896.4484526380309,3498.355539646265
rear,E,25250.0,144.18121585992233,False,0,3,1726.122809860307,,,,,,,-4524.406949905651,6265.20103466294
rear,F,25250.0,144.18121585992233,False,0,3,1726.122809860307,,,,,,,-9780.323944440892,11798.892024696292
rear,G,25250.0,144.18121585992233,False,0,3,1726.122809860307,,,,,,,-20292.15793351137,22866.274004762996
rear,H,25250.0,144.18121585992233,False,0,3,1726.122809860307,,,,,,,-41315.82591165233,45001.0379648964
rear,A,25500.0,145.60875265061463,True,3,3,1726.122809860307,387.3222861460059,387.32226480957314,387.3223125921229,0.1869765311653652,0.18696971599622136,0.1869820295679725,401.9440389652816,1077.8711140992802
rear,B,25500.0,145.60875265061463,False,2,3,1726.122809860307,,,,,,,72.37803330097397,1424.2321835689715
rear,C,25500.0,145.60875265061463,False,0,3,1726.122809860307,,,,,,,-586.7539780276413,2116.9543225083535
rear,D,25500.0,145.60875265061463,False,0,3,1726.122809860307,,,,,,,-1905.018000684872,3502.3986003871173
rear,E,25500.0,145.60875265061463,False,0,3,1726.122809860307,,,,,,,-4541.546045999334,6273.287156144645
rear,F,25500.0,145.60875265061463,False,0,3,1726.122809860307,,,,,,,-9814.602136628257,11815.064267659702
rear,G,25500.0,145.60875265061463,False,0,3,1726.122809860307,,,,,,,-20360.7143178861,22898.618490689816
rear,H,25500.0,145.60875265061463,False,0,3,1726.122809860307,,,,,,,-41452.93868040179,45065.72693675004
rear,A,25750.0,147.03628944130693,True,3,3,1726.122809860307,387.3188667901289,387.3188453479732,387.318893379355,0.18785769979576816,0.1878508477473506,0.18786322544317446,400.88210776932056,1078.3679659968907
rear,B,25750.0,147.03628944130693,False,2,3,1726.122809860307,,,,,,,70.25417090905188,1425.2258873641917
rear,C,25750.0,147.03628944130693,False,0,3,1726.122809860307,,,,,,,-591.0017028114855,2118.9417300987943
rear,D,25750.0,147.03628944130693,False,0,3,1726.122809860307,,,,,,,-1913.5134502525605,3506.3734155679995
rear,E,25750.0,147.03628944130693,False,0,3,1726.122809860307,,,,,,,-4558.536945134711,6281.23678650641
rear,F,25750.0,147.03628944130693,False,0,3,1726.122809860307,,,,,,,-9848.58393489901,11830.96352838323
rear,G,25750.0,147.03628944130693,False,0,3,1726.122809860307,,,,,,,-20428.677914427608,22930.417012136873
rear,H,25750.0,147.03628944130693,False,0,3,1726.122809860307,,,,,,,-41588.86587348481,45129.323979644156
rear,A,26000.0,148.46382623199924,True,3,3,1726.122809860307,387.31544828193586,387.3154267343955,387.31547501147173,0.18873864997784132,0.1887317617715878,0.18874420278288673,399.8292982251135,1078.8563706383045
rear,B,26000.0,148.46382623199924,False,2,3,1726.122809860307,,,,,,,68.14855182063773,1426.2026966470198
rear,C,26000.0,148.46382623199924,False,0,3,1726.122809860307,,,,,,,-595.2129409883138,2120.8953486644505
rear,D,26000.0,148.46382623199924,False,0,3,1726.122809860307,,,,,,,-1921.935926606217,3510.280652699311
rear,E,26000.0,148.46382623199924,False,0,3,1726.122809860307,,,,,,,-4575.381897842023,6289.0512607690325
rear,F,26000.0,148.46382623199924,False,0,3,1726.122809860307,,,,,,,-9882.273840313635,11846.592476908476
rear,G,26000.0,148.46382623199924,False,0,3,1726.122809860307,,,,,,,-20496.05772525686,22961.674909187364
rear,H,26000.0,148.46382623199924,False,0,3,1726.122809860307,,,,,,,-41723.62549514331,45191.83977374514
rear,A,26250.0,149.89136302269154,True,3,3,1726.122809860307,387.31203062882344,387.3120089762528,387.31205749588474,0.1896193798054798,0.1896124561588941,0.18962495967684845,398.7854722901442,1079.3364102863738
rear,B,26250.0,149.89136302269154,False,2,3,1726.122809860307,,,,,,,66.06089995069911,1427.1627759431585
rear,C,26250.0,149.89136302269154,False,0,3,1726.122809860307,,,,,,,-599.388244728191,2122.8155072567274
rear,D,26250.0,149.89136302269154,False,0,3,1726.122809860307,,,,,,,-1930.2865340859714,3514.120969883865
rear,E,26250.0,149.89136302269154,False,0,3,1726.122809860307,,,,,,,-4592.0831128015325,6296.731895138141
rear,F,26250.0,149.89136302269154,False,0,3,1726.122809860307,,,,,,,-9915.676270232654,11861.953745646693
rear,G,26250.0,149.89136302269154,False,0,3,1726.122809860307,,,,,,,-20562.862585094896,22992.3974466638
rear,H,26250.0,149.89136302269154,False,0,3,1726.122809860307,,,,,,,-41857.23521481938,45253.28484869801
rear,A,26500.0,151.31889981338384,True,3,3,1726.122809860307,387.308613836945,387.3085920797132,387.3086408387661,0.19049988769293721,0.19049292931875295,0.19050549453554222,397.7504944661166,1079.808166114938
rear,B,26500.0,151.31889981338384,False,2,3,1726.122809860307,,,,,,,63.99094430264393,1428.106287600287
rear,C,26500.0,151.31889981338384,False,0,3,1726.122809860307,,,,,,,-603.5281560243014,2124.7025305709844
rear,D,26500.0,151.31889981338384,False,0,3,1726.122809860307,,,,,,,-1938.5663566781923,3517.89501651238
rear,E,26500.0,151.31889981338384,False,0,3,1726.122809860307,,,,,,,-4608.642757985974,6304.279988395171
rear,F,26500.0,151.31889981338384,False,0,3,1726.122809860307,,,,,,,-9948.795560601537,11877.049932160753
rear,G,26500.0,151.31889981338384,False,0,3,1726.122809860307,,,,,,,-20629.10116583266,23022.58981969192
rear,H,26500.0,151.31889981338384,False,0,3,1726.122809860307,,,,,,,-41989.71237629491,45313.66959475425
rear,A,26750.0,152.74643660407614,True,3,3,1726.122809860307,387.3051979112918,387.30517604978144,387.305225045128,0.1913801723540239,0.19137317995951975,0.19138580606922195,396.724231732134,1080.2717182880858
rear,B,26750.0,152.74643660407614,False,2,3,1726.122809860307,,,,,,,61.93841883467873,1429.033391946582
rear,C,26750.0,152.74643660407614,False,0,3,1726.122809860307,,,,,,,-607.6332069602319,2126.556739263575
rear,D,26750.0,152.74643660407614,False,0,3,1726.122809860307,,,,,,,-1946.7764585500531,3521.6034338975605
rear,E,26750.0,152.74643660407614,False,0,3,1726.122809860307,,,,,,,-4625.062961729695,6311.696823165532
rear,F,26750.0,152.74643660407614,False,0,3,1726.122809860307,,,,,,,-9981.63596808898,11891.883601701475
rear,G,26750.0,152.74643660407614,False,0,3,1726.122809860307,,,,,,,-20694.781980807547,23052.257158773362
rear,H,26750.0,152.74643660407614,False,0,3,1726.122809860307,,,,,,,-42121.074006244686,45373.00427291713
rear,A,27000.0,154.17397339476844,True,3,3,1726.122809860307,387.3017828557681,387.3017608903744,387.301810118899,0.19226023278257806,0.19225320706880433,0.1922658932685395,395.7065534820375,1080.727146032349
rear,B,27000.0,154.17397339476844,False,2,3,1726.122809860307,,,,,,,59.90306233448579,1429.944247435109
rear,C,27000.0,154.17397339476844,False,0,3,1726.122809860307,,,,,,,-611.7039199606177,2128.3784502406284
rear,D,27000.0,154.17397339476844,False,0,3,1726.122809860307,,,,,,,-1954.9178845508247,3525.2468558516675
rear,E,27000.0,154.17397339476844,False,0,3,1726.122809860307,,,,,,,-4641.345813731239,6318.983667073746
rear,F,27000.0,154.17397339476844,False,0,3,1726.122809860307,,,,,,,-10014.201672092067,11906.457289517903
rear,G,27000.0,154.17397339476844,False,0,3,1726.122809860307,,,,,,,-20759.913388813722,23081.404534406218
rear,H,27000.0,154.17397339476844,False,0,3,1726.122809860307,,,,,,,-42251.336822257035,45431.299024182845
rear,A,27250.0,155.60151018546074,True,3,3,1726.122809860307,387.2983686732628,387.29834660439246,387.2983960629951,0.1931400682341211,0.19313300989515225,0.19314575538604828,394.6973314655411,1081.1745277024047
rear,B,27250.0,155.60151018546074,False,2,3,1726.122809860307,,,,,,,57.88461830149283,1430.8390107752198
rear,C,27250.0,155.60151018546074,False,0,3,1726.122809860307,,,,,,,-615.7408080266036,2130.1679769208504
rear,D,27250.0,155.60151018546074,False,0,3,1726.122809860307,,,,,,,-1962.9916606827967,3528.825909212111
rear,E,27250.0,155.60151018546074,False,0,3,1726.122809860307,,,,,,,-4657.493365995182,6326.141773794633
rear,F,27250.0,155.60151018546074,False,0,3,1726.122809860307,,,,,,,-10046.496776619953,11920.773502959677
rear,G,27250.0,155.60151018546074,False,0,3,1726.122809860307,,,,,,,-20824.503597869494,23110.036961289767
rear,H,27250.0,155.60151018546074,False,0,3,1726.122809860307,,,,,,,-42380.51724036858,45488.56387794994
rear,A,27500.0,157.02904697615304,True,3,3,1726.122809860307,387.2949553657161,387.29493319378594,387.2949828793859,0.19401967820872704,0.19401258793101395,0.19402539191913926,393.69643973280444,1081.613940840803
rear,B,27500.0,157.02904697615304,False,1,3,1726.122809860307,,,,,,,55.88283483601956,1431.7178370520166
rear,C,27500.0,157.02904697615304,False,0,3,1726.122809860307,,,,,,,-619.7443749575501,2131.9256294744437
rear,D,27500.0,157.02904697615304,False,0,3,1726.122809860307,,,,,,,-1970.9987945446896,3532.3412143192986
rear,E,27500.0,157.02904697615304,False,0,3,1726.122809860307,,,,,,,-4673.5076337189685,6333.172384009008
rear,F,27500.0,157.02904697615304,False,0,3,1726.122809860307,,,,,,,-10078.525312067526,11934.834723388427
rear,G,27500.0,157.02904697615304,False,0,3,1726.122809860307,,,,,,,-20888.56066876464,23138.159402147267
rear,H,27500.0,157.02904697615304,False,0,3,1726.122809860307,,,,,,,-42508.63138215887,45544.80875966494
rear,A,27750.0,158.4565837668453,True,3,3,1726.122809860307,387.2915429341811,387.29152065961773,387.2915705691573,0.19489906243489452,0.1948919408965244,0.1949048025939204,392.7037545821414,1082.0454622322156
rear,B,27750.0,158.4565837668453,False,1,3,1726.122809860307,,,,,,,53.897464534693505,1432.5808798348419
rear,C,27750.0,158.4565837668453,False,0,3,1726.122809860307,,,,,,,-623.7151155602023,2133.6517150400946
rear,D,27750.0,158.4565837668453,False,0,3,1726.122809860307,,,,,,,-1978.940275749994,3535.7933854506
rear,E,27750.0,158.4565837668453,False,0,3,1726.122809860307,,,,,,,-4689.390596129577,6340.076726271611
rear,F,27750.0,158.4565837668453,False,0,3,1726.122809860307,,,,,,,-10110.291236888743,11948.643407913632
rear,G,27750.0,158.4565837668453,False,0,3,1726.122809860307,,,,,,,-20952.092518407073,23165.776771197678
rear,H,27750.0,158.4565837668453,False,0,3,1726.122809860307,,,,,,,-42635.69508144374,45600.043497765764
rear,A,28000.0,159.8841205575376,True,3,3,1726.122809860307,387.28813137888403,387.2881090021223,387.28815913256983,0.19577822085440713,0.1957710687245484,0.19578398734996227,391.7191545105678,1082.4691679526513
rear,B,28000.0,159.8841205575376,False,1,3,1726.122809860307,,,,,,,51.92826439154634,1433.4282912757133
rear,C,28000.0,159.8841205575376,False,0,3,1726.122809860307,,,,,,,-627.6535158464966,2135.3465379218374
rear,D,28000.0,159.8841205575376,False,0,3,1726.122809860307,,,,,,,-1986.8170763225826,3539.1830312140855
rear,E,28000.0,159.8841205575376,False,0,3,1726.122809860307,,,,,,,-4705.144197274754,6346.856017798582
rear,F,28000.0,159.8841205575376,False,0,3,1726.122809860307,,,,,,,-10141.798439179098,11962.201990967575
rear,G,28000.0,159.8841205575376,False,0,3,1726.122809860307,,,,,,,-21015.106922987783,23192.893937305562
rear,H,28000.0,159.8841205575376,False,0,3,1726.122809860307,,,,,,,-42761.72389060516,45654.27782998153
rear,A,28250.0,161.31165734822991,True,3,3,1726.122809860307,387.28472069927807,387.28469822076016,387.28474856911436,0.19665715360819291,0.19664997154631436,0.1966629463263314,390.7425201669295,1082.8851334140575
rear,B,28250.0,161.31165734822991,False,1,3,1726.122809860307,,,,,,,49.9749957042698,1434.2602221985258
rear,C,28250.0,161.31165734822991,False,0,3,1726.122809860307,,,,,,,-631.5600532210497,2137.0103997674623
rear,D,28250.0,161.31165734822991,False,0,3,1726.122809860307,,,,,,,-1994.6301510716887,3542.5107549053346
rear,E,28250.0,161.31165734822991,False,0,3,1726.122809860307,,,,,,,-4720.770346772967,6353.51146518108
rear,F,28250.0,161.31165734822991,False,0,3,1726.122809860307,,,,,,,-10173.050738175523,11975.51288573257
rear,G,28250.0,161.31165734822991,False,0,3,1726.122809860307,,,,,,,-21077.611520980634,23219.515726835554
rear,H,28250.0,161.31165734822991,False,0,3,1726.122809860307,,,,,,,-42886.73308659086,45707.52140904152
rear,A,28500.0,162.73919413892222,True,3,3,1726.122809860307,387.2813108940952,387.2812883142701,387.28133887756246,0.19753586102295348,0.19752864967834682,0.197541679847979,389.7737343073744,1083.2934334046931
rear,B,28500.0,162.73919413892222,False,1,3,1726.122809860307,,,,,,,48.03742398515953,1435.0768221797966
rear,C,28500.0,162.73919413892222,False,0,3,1726.122809860307,,,,,,,-635.4351966592702,2138.643599730004
rear,D,28500.0,162.73919413892222,False,0,3,1726.122809860307,,,,,,,-2002.3804379481298,3545.7771548304186
rear,E,28500.0,162.73919413892222,False,0,3,1726.122809860307,,,,,,,-4736.270920525849,6360.044265031248
rear,F,28500.0,162.73919413892222,False,0,3,1726.122809860307,,,,,,,-10204.051885681287,11988.578485432907
rear,G,28500.0,162.73919413892222,False,0,3,1726.122809860307,,,,,,,-21139.61381599216,23245.646926236226
rear,H,28500.0,162.73919413892222,False,0,3,1726.122809860307,,,,,,,-43010.73767661391,45759.78380784286
rear,A,28750.0,164.16673092961452,True,3,3,1726.122809860307,387.2779019613954,387.27787928071774,387.2779300560164,0.19841434359865184,0.19840710360974345,0.19842018841341735,388.8106024885033,1083.6941421256306
rear,B,28750.0,164.16673092961452,False,1,3,1726.122809860307,,,,,,,46.11116034741738,1435.8782396216723
rear,C,28750.0,164.16673092961452,False,0,3,1726.122809860307,,,,,,,-639.2877239347546,2140.2464346137554
rear,D,28750.0,164.16673092961452,False,0,3,1726.122809860307,,,,,,,-2010.0854924990986,3548.982824597921
rear,E,28750.0,164.16673092961452,False,0,3,1726.122809860307,,,,,,,-4751.681029627786,6366.455604566253
rear,F,28750.0,164.16673092961452,False,0,3,1726.122809860307,,,,,,,-10234.872103885162,12001.401164502917
rear,G,28750.0,164.16673092961452,False,0,3,1726.122809860307,,,,,,,-21201.25425239991,23271.292284376246
rear,H,28750.0,164.16673092961452,False,0,3,1726.122809860307,,,,,,,-43134.01854942941,45811.0745241229
rear,A,29000.0,165.59426772030682,True,3,3,1726.122809860307,387.2744938986119,387.2744711175409,387.27452210195327,0.19929260199678853,0.19928533399061754,0.19929847268295164,387.84891064350774,1084.0873332237134
rear,B,29000.0,165.59426772030682,False,1,3,1726.122809860307,,,,,,,44.187776657426205,1436.664621817837
rear,C,29000.0,165.59426772030682,False,0,3,1726.122809860307,,,,,,,-643.1344913147369,2141.819199006085
rear,D,29000.0,165.59426772030682,False,0,3,1726.122809860307,,,,,,,-2017.7790272590632,3552.128353382581
rear,E,29000.0,165.59426772030682,False,0,3,1726.122809860307,,,,,,,-4767.068099147716,6372.7466621355725
rear,F,29000.0,165.59426772030682,False,0,3,1726.122809860307,,,,,,,-10265.64624292502,12013.983279641556
rear,G,29000.0,165.59426772030682,False,0,3,1726.122809860307,,,,,,,-21262.80253047963,23296.456514653524
rear,H,29000.0,165.59426772030682,False,0,3,1726.122809860307,,,,,,,-43257.11510558885,45861.40298467746
rear,A,29250.0,167.02180451099912,True,3,3,1726.122809860307,387.2710867025939,387.27106382159286,387.27111501226864,0.2001706370293177,0.2001633416209847,0.20017653346744435,386.8948171040845,1084.4730798212715
rear,B,29250.0,167.02180451099912,False,1,3,1726.122809860307,,,,,,,42.27958957857971,1437.4361150129537
rear,C,29250.0,167.02180451099912,False,0,3,1726.122809860307,,,,,,,-646.9508654724299,2143.362185396318
rear,D,29250.0,167.02180451099912,False,0,3,1726.122809860307,,,,,,,-2025.4117755744492,3555.2143261630463
rear,E,29250.0,167.02180451099912,False,0,3,1726.122809860307,,,,,,,-4782.3335957784875,6378.918607696503
rear,F,29250.0,167.02180451099912,False,0,3,1726.122809860307,,,,,,,-10296.177236186564,12026.327170763418
rear,G,29250.0,167.02180451099912,False,0,3,1726.122809860307,,,,,,,-21323.864517002716,23321.144296897248
rear,H,29250.0,167.02180451099912,False,0,3,1726.122809860307,,,,,,,-43379.23907863502,45910.778549164905
rear,A,29500.0,168.44934130169142,True,3,3,1726.122809860307,387.2676803696469,387.26765738918226,387.2677087833168,0.20104844964828153,0.20104112744038227,0.20105437171816787,385.948211283453,1084.8514545428795
rear,B,29500.0,168.44934130169142,False,1,3,1726.122809860307,,,,,,,40.386377937316766,1438.19286445617
rear,C,29500.0,168.44934130169142,False,0,3,1726.122809860307,,,,,,,-650.7372887549558,2144.87568428275
rear,D,29500.0,168.44934130169142,False,0,3,1726.122809860307,,,,,,,-2032.984622139501,3558.2413239359107
rear,E,29500.0,168.44934130169142,False,0,3,1726.122809860307,,,,,,,-4797.479288908591,6384.972603242232
rear,F,29500.0,168.44934130169142,False,0,3,1726.122809860307,,,,,,,-10326.468622446771,12038.435161854875
rear,G,29500.0,168.44934130169142,False,0,3,1726.122809860307,,,,,,,-21384.44728952313,23345.360279080163
rear,H,29500.0,168.44934130169142,False,0,3,1726.122809860307,,,,,,,-43500.40462367585,45959.210513530736
rear,A,29750.0,169.87687809238372,True,3,3,1726.122809860307,387.26427489557074,387.2642518161115,387.26430341094783,0.20192604093605868,0.20191869251819927,0.2019319885168902,385.0089845392412,1085.2225295394092
rear,B,29750.0,169.87687809238372,False,1,3,1726.122809860307,,,,,,,38.50792444889314,1438.9350144492291
rear,C,29750.0,169.87687809238372,False,0,3,1726.122809860307,,,,,,,-654.494195731803,2146.359984268869
rear,D,29750.0,169.87687809238372,False,0,3,1726.122809860307,,,,,,,-2040.4984360931953,3561.2099239081485
rear,E,29750.0,169.87687809238372,False,0,3,1726.122809860307,,,,,,,-4812.50691681598,6390.909803186708
rear,F,29750.0,169.87687809238372,False,0,3,1726.122809860307,,,,,,,-10356.523878261549,12050.309561743827
rear,G,29750.0,169.87687809238372,False,0,3,1726.122809860307,,,,,,,-21444.557801152685,23369.109078858066
rear,H,29750.0,169.87687809238372,False,0,3,1726.122809860307,,,,,,,-43620.62564693496,46006.70811308654
rear,A,30000.0,171.30441488307602,True,3,3,1726.122809860307,387.26087027569525,387.2608470977119,387.2608988905438,0.20280341209617156,0.20279603804450597,0.20280938506668234,384.0770301382972,1085.5863765096142
rear,B,30000.0,171.30441488307602,False,1,3,1726.122809860307,,,,,,,36.644015647005034,1439.6627083896385
rear,C,30000.0,171.30441488307602,False,0,3,1726.122809860307,,,,,,,-658.2220133355793,2147.815372149688
rear,D,30000.0,171.30441488307602,False,0,3,1726.122809860307,,,,,,,-2047.954071300748,3564.1206996697865
rear,E,30000.0,171.30441488307602,False,0,3,1726.122809860307,,,,,,,-4827.418187231085,6396.731354709984
rear,F,30000.0,171.30441488307602,False,0,3,1726.122809860307,,,,,,,-10386.346419091758,12061.952664790379
rear,G,30000.0,171.30441488307602,False,0,3,1726.122809860307,,,,,,,-21504.202882813104,23392.39528495117
rear,H,30000.0,171.30441488307602,False,0,3,1726.122809860307,,,,,,,-43739.9158102558,46053.28052527275
rear,A,30250.0,172.73195167376832,True,3,3,1726.122809860307,387.25746650491345,387.25744322887743,387.2574952170518,0.20368056444467486,0.20367316532141633,0.2036865626834028,383.1522432226968,1085.9430667194679
rear,B,30250.0,172.73195167376832,False,1,3,1726.122809860307,,,,,,,34.79444181580437,1440.3760888093461
rear,C,30250.0,172.73195167376832,False,0,3,1726.122809860307,,,,,,,-661.9211609979806,2149.242132989103
rear,D,30250.0,172.73195167376832,False,0,3,1726.122809860307,,,,,,,-2055.3523666255505,3566.974221348617
rear,E,30250.0,172.73195167376832,False,0,3,1726.122809860307,,,,,,,-4842.21477788069,6402.438398067645
rear,F,30250.0,172.73195167376832,False,0,3,1726.122809860307,,,,,,,-10415.93960039097,12073.3667515057
rear,G,30250.0,172.73195167376832,False,0,3,1726.122809860307,,,,,,,-21563.389245411527,23415.223458381814
rear,H,30250.0,172.73195167376832,False,0,3,1726.122809860307,,,,,,,-43858.288535452644,46098.936872134036
rear,A,30500.0,174.15948846446062,True,3,3,1726.122809860307,387.25406357771345,387.2540402040961,387.25409238501567,0.20455749940202125,0.2045500757550056,0.20456352278745982,382.23452077683953,1086.292671019452
rear,B,30500.0,174.15948846446062,False,1,3,1726.122809860307,,,,,,,32.95899692408983,1441.0752974093148
rear,C,30500.0,174.15948846446062,False,0,3,1726.122809860307,,,,,,,-665.5920507814096,2150.64055018904
rear,D,30500.0,174.15948846446062,False,0,3,1726.122809860307,,,,,,,-2062.694146192409,3569.7710557484907
rear,E,30500.0,174.15948846446062,False,0,3,1726.122809860307,,,,,,,-4856.898337014407,6408.032066867392
rear,F,30500.0,174.15948846446062,False,0,3,1726.122809860307,,,,,,,-10445.306718658403,12084.554089105195
rear,G,30500.0,174.15948846446062,False,0,3,1726.122809860307,,,,,,,-21622.123481946393,23437.598133580803
rear,H,30500.0,174.15948846446062,False,0,3,1726.122809860307,,,,,,,-43975.75700852238,46143.686222532015
rear,A,30750.0,175.58702525515292,True,3,3,1726.122809860307,387.25066148820747,387.2506380174798,387.2506903886053,0.20543421848544519,0.20542677084768313,0.20544026689625072,381.3237615955331,1086.6352598599785
rear,B,30750.0,175.58702525515292,False,1,3,1726.122809860307,,,,,,,31.13747856147691,1441.760475090368
rear,C,30750.0,175.58702525515292,False,0,3,1726.122809860307,,,,,,,-669.2350875066354,2152.0109055511466
rear,D,30750.0,175.58702525515292,False,0,3,1726.122809860307,,,,,,,-2069.9802196428604,3572.5117664727036
rear,E,30750.0,175.58702525515292,False,0,3,1726.122809860307,,,,,,,-4871.47048391531,6413.513488315818
rear,F,30750.0,175.58702525515292,False,0,3,1726.122809860307,,,,,,,-10474.45101246021,12095.516932002047
rear,G,30750.0,175.58702525515292,False,0,3,1726.122809860307,,,,,,,-21680.412069550006,23459.523819374506
rear,H,30750.0,175.58702525515292,False,0,3,1726.122809860307,,,,,,,-44092.3341837296,46187.53759411942
rear,A,31000.0,177.01456204584522,True,3,3,1726.122809860307,387.2472602301604,387.2472366627919,387.24728922164434,0.20631072330176878,0.2063032521910979,0.20631679661691216,380.41986625298034,1086.9709033051192
rear,B,31000.0,177.01456204584522,False,1,3,1726.122809860307,,,,,,,29.3296878763714,1442.4317619806493
rear,C,31000.0,177.01456204584522,False,0,3,1726.122809860307,,,,,,,-672.8506688768465,2153.3534793317094
rear,D,31000.0,177.01456204584522,False,0,3,1726.122809860307,,,,,,,-2077.2113823832824,3575.1969140338288
rear,E,31000.0,177.01456204584522,False,0,3,1726.122809860307,,,,,,,-4885.932809396154,6418.883783438068
rear,F,31000.0,177.01456204584522,False,0,3,1726.122809860307,,,,,,,-10503.375663421897,12106.257522246548
rear,G,31000.0,177.01456204584522,False,0,3,1726.122809860307,,,,,,,-21738.26137147338,23481.004999863508
rear,H,31000.0,177.01456204584522,False,0,3,1726.122809860307,,,,,,,-44208.032787576354,46230.499955097424
rear,A,31250.0,178.44209883653753,True,3,3,1726.122809860307,387.2438597970155,387.24383613347385,387.2438888776365,0.20718701554067373,0.20717952145935525,0.20719311363964765,379.522737072585,1087.2996710447878
rear,B,31250.0,178.44209883653753,False,1,3,1726.122809860307,,,,,,,27.535429515580752,1443.089297459986
rear,C,31250.0,178.44209883653753,False,0,3,1726.122809860307,,,,,,,-676.4391855984278,2154.668550290383
rear,D,31250.0,178.44209883653753,False,0,3,1726.122809860307,,,,,,,-2084.388415826445,3577.827055951176
rear,E,31250.0,178.44209883653753,False,0,3,1726.122809860307,,,,,,,-4900.286876282479,6424.144067272763
rear,F,31250.0,178.44209883653753,False,0,3,1726.122809860307,,,,,,,-10532.083797194548,12116.778089915937
rear,G,31250.0,178.44209883653753,False,0,3,1726.122809860307,,,,,,,-21795.677639018682,23502.046135202287
rear,H,31250.0,178.44209883653753,False,0,3,1726.122809860307,,,,,,,-44322.865322666956,46272.58222577498
rear,A,31500.0,179.86963562722983,True,3,3,1726.122809860307,387.2404601819191,387.24043642266935,387.24048934979015,0.20806309696829542,0.20805558040262184,0.20806921973127723,378.6322780975119,1087.6216324055267
rear,B,31500.0,179.86963562722983,False,1,3,1726.122809860307,,,,,,,25.754511565434516,1443.7332201814638
rear,C,31500.0,179.86963562722983,False,0,3,1726.122809860307,,,,,,,-680.0010214987202,2155.9563957333385
rear,D,31500.0,179.86963562722983,False,0,3,1726.122809860307,,,,,,,-2091.51208762703,3580.4027468370873
rear,E,31500.0,179.86963562722983,False,0,3,1726.122809860307,,,,,,,-4914.534219883649,6429.295449044585
rear,F,31500.0,179.86963562722983,False,0,3,1726.122809860307,,,,,,,-10560.578484396887,12127.080853459582
rear,G,31500.0,179.86963562722983,False,0,3,1726.122809860307,,,,,,,-21852.66701342336,23522.651662289576
rear,H,31500.0,179.86963562722983,False,0,3,1726.122809860307,,,,,,,-44436.84407147631,46313.79327994956
rear,A,31750.0,181.29717241792213,True,3,3,1726.122809860307,387.2370613777444,387.2370375232481,387.2370906310414,0.20893896942127585,0.20893143084130816,0.20894511672928662,377.7483950619276,1087.9368563600235
rear,B,31750.0,181.29717241792213,False,1,3,1726.122809860307,,,,,,,23.986745494265957,1444.3636680904578
rear,C,31750.0,181.29717241792213,False,0,3,1726.122809860307,,,,,,,-683.5365536410574,2157.2172915513265
rear,D,31750.0,181.29717241792213,False,0,3,1726.122809860307,,,,,,,-2098.583151911704,3582.924538473064
rear,E,31750.0,181.29717241792213,False,0,3,1726.122809860307,,,,,,,-4928.676348452997,6434.339032316539
rear,F,31750.0,181.29717241792213,False,0,3,1726.122809860307,,,,,,,-10588.862741535584,12137.168020003488
rear,G,31750.0,181.29717241792213,False,0,3,1726.122809860307,,,,,,,-21909.235527700755,23542.82599537739
rear,H,31750.0,181.29717241792213,False,0,3,1726.122809860307,,,,,,,-44549.9811000311,46354.141946125186
rear,A,32000.0,182.72470920861443,True,3,3,1726.122809860307,387.2336633771123,387.2336394278273,387.23369271407586,0.20981463480115684,0.20980707466032866,0.2098208065362428,376.87099536287604,1088.245411535473
rear,B,32000.0,182.72470920861443,False,1,3,1726.122809860307,,,,,,,22.23194609616284,1444.980778441357
rear,C,32000.0,182.72470920861443,False,0,3,1726.122809860307,,,,,,,-687.0461524372636,2158.4515122531247
rear,D,32000.0,182.72470920861443,False,0,3,1726.122809860307,,,,,,,-2105.602349504117,3585.3929798766603
rear,E,32000.0,182.72470920861443,False,0,3,1726.122809860307,,,,,,,-4942.714743637823,6439.2759151237315
rear,F,32000.0,182.72470920861443,False,0,3,1726.122809860307,,,,,,,-10616.939531905235,12147.041785617874
rear,G,32000.0,182.72470920861443,False,0,3,1726.122809860307,,,,,,,-21965.389108440057,23562.57352660616
rear,H,32000.0,182.72470920861443,False,0,3,1726.122809860307,,,,,,,-44662.288261509704,46393.63700858273
rear,A,32250.0,184.15224599930673,True,3,3,1726.122809860307,387.2302661724132,387.23024212879267,387.2302955913492,0.21069009506895497,0.21068251380381708,0.21069629111435395,375.99998803272956,1088.5473662208997
rear,B,32250.0,184.15224599930673,False,1,3,1726.122809860307,,,,,,,20.489931435869877,1445.5846878122104
rear,C,32250.0,184.15224599930673,False,0,3,1726.122809860307,,,,,,,-690.5301817578495,2159.659330994831
rear,D,32250.0,184.15224599930673,False,0,3,1726.122809860307,,,,,,,-2112.5704081452886,3587.808617360073
rear,E,32250.0,184.15224599930673,False,0,3,1726.122809860307,,,,,,,-4956.650860920166,6444.107190090557
rear,F,32250.0,184.15224599930673,False,0,3,1726.122809860307,,,,,,,-10644.811766469922,12156.704335551525
rear,G,32250.0,184.15224599930673,False,0,3,1726.122809860307,,,,,,,-22021.13357756943,23581.898626473463
rear,H,32250.0,184.15224599930673,False,0,3,1726.122809860307,,,,,,,-44773.777199768454,46432.287208317335
rear,A,32500.0,185.57978278999903,True,3,3,1726.122809860307,387.22686975582536,387.22684561831704,387.2268992551063,0.21156535224036896,0.2115577502703192,0.21157157248063996,375.13528371217404,1088.8427883735312
rear,B,32500.0,185.57978278999903,False,1,3,1726.122809860307,,,,,,,18.760522794758824,1446.175532117473
rear,C,32500.0,185.57978278999903,False,0,3,1726.122809860307,,,,,,,-693.9889990400717,2160.841019605357
rear,D,32500.0,185.57978278999903,False,0,3,1726.122809860307,,,,,,,-2119.488042709733,3590.1719945811246
rear,E,32500.0,185.57978278999903,False,0,3,1726.122809860307,,,,,,,-4970.486130049055,6448.83394453266
rear,F,32500.0,185.57978278999903,False,0,3,1726.122809860307,,,,,,,-10672.482304727699,12166.157844435731
rear,G,32500.0,185.57978278999903,False,0,3,1726.122809860307,,,,,,,-22076.474654084985,23600.805644241875
rear,H,32500.0,185.57978278999903,False,0,3,1726.122809860307,,,,,,,-44884.45935279956,46470.10124385416
rear,A,32750.0,187.00731958069133,True,3,3,1726.122809860307,387.22347411933345,387.2234498883794,387.22350369739945,0.2124404083809132,0.21243278610791894,0.21244665270215846,374.27679462368855,1089.1317456243264
rear,B,32750.0,187.00731958069133,False,1,3,1726.122809860307,,,,,,,17.043544617787838,1446.7534466190639
rear,C,32750.0,187.00731958069133,False,0,3,1726.122809860307,,,,,,,-697.4229553940136,2161.996848608538
rear,D,32750.0,187.00731958069133,False,0,3,1726.122809860307,,,,,,,-2126.3559554176168,3592.4836525874866
rear,E,32750.0,187.00731958069133,False,0,3,1726.122809860307,,,,,,,-4984.221955464823,6453.457260545384
rear,F,32750.0,187.00731958069133,False,0,3,1726.122809860307,,,,,,,-10699.953955559235,12175.404476461179
rear,G,32750.0,187.00731958069133,False,0,3,1726.122809860307,,,,,,,-22131.417955748057,23619.29890829277
rear,H,32750.0,187.00731958069133,False,0,3,1726.122809860307,,,,,,,-44994.345956125704,46507.08777195595
rear,A,33000.0,188.43485637138363,True,3,3,1726.122809860307,387.22007925474577,387.22005493078166,387.2201089101057,0.2133152656015843,0.2133076234099418,0.21332153389154174,373.4244345454815,1089.4143052827253
rear,B,33000.0,188.43485637138363,False,1,3,1726.122809860307,,,,,,,15.338824461373699,1447.3185659358614
rear,C,33000.0,188.43485637138363,False,0,3,1726.122809860307,,,,,,,-700.8323957068419,2163.1270872421333
rear,D,33000.0,188.43485637138363,False,0,3,1726.122809860307,,,,,,,-2133.174836043273,3594.744129854678
rear,E,33000.0,188.43485637138363,False,0,3,1726.122809860307,,,,,,,-4997.859716716135,6457.978215079766
rear,F,33000.0,188.43485637138363,False,0,3,1726.122809860307,,,,,,,-10727.22947806186,12184.446385529944
rear,G,33000.0,188.43485637138363,False,0,3,1726.122809860307,,,,,,,-22185.969000753306,23637.3827264303
rear,H,33000.0,188.43485637138363,False,0,3,1726.122809860307,,,,,,,-45103.4480461362,46543.25540823101
rear,A,33250.0,189.86239316207593,True,3,3,1726.122809860307,387.21668515371056,387.2166607371649,387.21671488494246,0.21418992605466794,0.21418226431079157,0.21419621820290002,372.5781187858573,1089.6905343407075
rear,B,33250.0,189.86239316207593,False,1,3,1726.122809860307,,,,,,,13.646192942125419,1447.8710240518258
rear,C,33250.0,189.86239316207593,False,0,3,1726.122809860307,,,,,,,-704.2176587453384,2164.2320034740624
rear,D,33250.0,189.86239316207593,False,0,3,1726.122809860307,,,,,,,-2139.9453621202665,3596.953962318535
rear,E,33250.0,189.86239316207593,False,0,3,1726.122809860307,,,,,,,-5011.400768870122,6462.397880007481
rear,F,33250.0,189.86239316207593,False,0,3,1726.122809860307,,,,,,,-10754.311582369834,12193.285715385373
rear,G,33250.0,189.86239316207593,False,0,3,1726.122809860307,,,,,,,-22240.133209369254,23655.06138614116
rear,H,33250.0,189.86239316207593,False,0,3,1726.122809860307,,,,,,,-45211.7764633681,46578.612727652726
rear,A,33500.0,191.28992995276823,True,3,3,1726.122809860307,387.21329180773057,387.2132672990244,387.2133216134829,0.21506439192983118,0.21505671098205337,0.21507070782788018,371.73776415797954,1089.9604994762215
rear,B,33500.0,191.28992995276823,False,1,3,1726.122809860307,,,,,,,11.965483686369833,1448.4109543228533
rear,C,33500.0,191.28992995276823,False,0,3,1726.122809860307,,,,,,,-707.5790772568496,2165.3118640161174
rear,D,33500.0,191.28992995276823,False,0,3,1726.122809860307,,,,,,,-2146.668199143289,3599.113683402645
rear,E,33500.0,191.28992995276823,False,0,3,1726.122809860307,,,,,,,-5024.846442916167,6466.717322175701
rear,F,33500.0,191.28992995276823,False,0,3,1726.122809860307,,,,,,,-10781.202930461923,12201.924599721813
rear,G,33500.0,191.28992995276823,False,0,3,1726.122809860307,,,,,,,-22293.915905553433,23672.33915481404
rear,H,33500.0,191.28992995276823,False,0,3,1726.122809860307,,,,,,,-45319.34185573646,46613.16826499849
rear,A,33750.0,192.71746674346053,True,3,3,1726.122809860307,387.20989920817834,387.20987460772415,387.20992908717017,0.2159386654504584,0.21593096562885217,0.21594500499197977,370.90328895501233,1090.2242670560493
rear,B,33750.0,192.71746674346053,False,1,3,1726.122809860307,,,,,,,10.296533280435382,1448.9384894825093
rear,C,33750.0,192.71746674346053,False,0,3,1726.122809860307,,,,,,,-710.9169780687185,2166.3669343354295
rear,D,33750.0,192.71746674346053,False,0,3,1726.122809860307,,,,,,,-2153.3440007670265,3601.22382404127
rear,E,33750.0,192.71746674346053,False,0,3,1726.122809860307,,,,,,,-5038.198046163642,6470.9376034529505
rear,F,33750.0,192.71746674346053,False,0,3,1726.122809860307,,,,,,,-10807.906136956874,12210.365162276312
rear,G,33750.0,192.71746674346053,False,0,3,1726.122809860307,,,,,,,-22347.322318543334,23689.220279923036
rear,H,33750.0,192.71746674346053,False,0,3,1726.122809860307,,,,,,,-45426.15468171626,46646.93051521648
rear,A,34000.0,194.14500353415283,True,3,3,1726.122809860307,387.2065073463089,387.2064826545105,387.2065372973309,0.21681274887010993,0.21680503048631117,0.21681911195103876,370.0746129256178,1090.4819031381667
rear,B,34000.0,194.14500353415283,False,1,3,1726.122809860307,,,,,,,8.639181221646394,1449.4537616467444
rear,C,34000.0,194.14500353415283,False,0,3,1726.122809860307,,,,,,,-714.2316821862966,2167.3974786638996
rear,D,34000.0,194.14500353415283,False,0,3,1726.122809860307,,,,,,,-2159.9734090021825,3603.28491269821
rear,E,34000.0,194.14500353415283,False,0,3,1726.122809860307,,,,,,,-5051.456862633954,6475.059780766831
rear,F,34000.0,194.14500353415283,False,0,3,1726.122809860307,,,,,,,-10834.423769897498,12218.609516904073
rear,G,34000.0,194.14500353415283,False,0,3,1726.122809860307,,,,,,,-22400.357584424582,23705.708989178558
rear,H,34000.0,194.14500353415283,False,0,3,1726.122809860307,,,,,,,-45532.225213478756,46679.907933727525
rear,A,34250.0,195.57254032484514,True,3,3,1726.122809860307,387.20311621327255,387.2030914305245,387.2031462351875,0.21768664446933186,0.21767890781639876,0.21769303098800874,369.25165724978984,1090.7334734736396
rear,B,34250.0,195.57254032484514,False,1,3,1726.122809860307,,,,,,,6.993269869990349,1449.9569023176898
rear,C,34250.0,195.57254032484514,False,0,3,1726.122809860307,,,,,,,-717.5235048896086,2168.4037600057904
rear,D,34250.0,195.57254032484514,False,0,3,1726.122809860307,,,,,,,-2166.5570544088064,3605.297475381991
rear,E,34250.0,195.57254032484514,False,0,3,1726.122809860307,,,,,,,-5064.624153447202,6479.084906134392
rear,F,34250.0,195.57254032484514,False,0,3,1726.122809860307,,,,,,,-10860.758351523993,12226.659767639196
rear,G,34250.0,195.57254032484514,False,0,3,1726.122809860307,,,,,,,-22453.026747677573,23721.809490648804
rear,H,34250.0,195.57254032484514,False,0,3,1726.122809860307,,,,,,,-45637.56353998474,46712.10893666802
rear,A,34500.0,197.00007711553744,True,3,3,1726.122809860307,387.199725800127,387.1997009268137,387.1997558918703,0.21856035455256975,0.2185525999048421,0.21856676440991096,368.43434451501054,1090.9790435081165
rear,B,34500.0,197.00007711553744,False,1,3,1726.122809860307,,,,,,,5.358644400431773,1450.4480423866437
rear,C,34500.0,197.00007711553744,False,0,3,1726.122809860307,,,,,,,-720.7927558287257,2169.386040143698
rear,D,34500.0,197.00007711553744,False,0,3,1726.122809860307,,,,,,,-2173.095556287041,3607.2620356578072
rear,E,34500.0,197.00007711553744,False,0,3,1726.122809860307,,,,,,,-5077.701157203671,6483.014026686025
rear,F,34500.0,197.00007711553744,False,0,3,1726.122809860307,,,,,,,-10886.91235903693,12234.518008742461
rear,G,34500.0,197.00007711553744,False,0,3,1726.122809860307,,,,,,,-22505.33476270345,23737.525972855336
rear,H,34500.0,197.00007711553744,False,0,3,1726.122809860307,,,,,,,-45742.17957003649,46743.54190108108
rear,A,34750.0,198.42761390622974,True,3,3,1726.122809860307,387.19633609784864,387.1963111343441,387.1963662584287,0.21943388144521161,0.21942610905822946,0.2194403145448498,367.6225986927179,1091.2186783829525
rear,B,34750.0,198.42761390622974,False,1,3,1726.122809860307,,,,,,,3.7351527558464097,1450.9273121363155
rear,C,34750.0,198.42761390622974,False,0,3,1726.122809860307,,,,,,,-724.0397391178965,2170.344579643042
rear,D,34750.0,198.42761390622974,False,0,3,1726.122809860307,,,,,,,-2179.589522865382,3609.179114656494
rear,E,34750.0,198.42761390622974,False,0,3,1726.122809860307,,,,,,,-5090.6890903603535,6486.848184683399
rear,F,34750.0,198.42761390622974,False,0,3,1726.122809860307,,,,,,,-10912.888225350296,12242.18632473721
rear,G,34750.0,198.42761390622974,False,0,3,1726.122809860307,,,,,,,-22557.28649533018,23752.86260484483
rear,H,34750.0,198.42761390622974,False,0,3,1726.122809860307,,,,,,,-45846.08303528995,46774.21516506007
rear,A,35000.0,199.85515069692204,True,3,3,1726.122809860307,387.1929470973426,387.19292204400983,387.1929773258414,0.22030722749095308,0.22029943760132342,0.22031368373937044,366.8163451150668,1091.4524429360004
rear,B,35000.0,199.85515069692204,False,1,3,1726.122809860307,,,,,,,2.1226456005442995,1451.3948412424118
rear,C,35000.0,199.85515069692204,False,0,3,1726.122809860307,,,,,,,-727.2647534285007,2171.279637855234
rear,D,35000.0,199.85515069692204,False,0,3,1726.122809860307,,,,,,,-2186.039551486591,3611.049231080878
rear,E,35000.0,199.85515069692204,False,0,3,1726.122809860307,,,,,,,-5103.589147602771,6490.588417532167
rear,F,35000.0,199.85515069692204,False,0,3,1726.122809860307,,,,,,,-10938.688339835131,12249.666790434745
rear,G,35000.0,199.85515069692204,False,0,3,1726.122809860307,,,,,,,-22608.88672429985,23767.823536239903
rear,H,35000.0,199.85515069692204,False,0,3,1726.122809860307,,,,,,,-45949.28349322929,46804.137027850215
rear,A,35250.0,201.28268748761434,True,3,3,1726.122809860307,387.1895587894538,387.18953364664407,387.1895890850267,0.22118039504914755,0.22117258787451854,0.22118687435578321,366.0155104519852,1091.6804017021122
rear,B,35250.0,201.28268748761434,False,1,3,1726.122809860307,,,,,,,0.5209762743811024,1451.8507587746349
rear,C,35250.0,201.28268748761434,False,0,3,1726.122809860307,,,,,,,-730.4680920808271,2172.1914729196806
rear,D,35250.0,201.28268748761434,False,0,3,1726.122809860307,,,,,,,-2192.4462287912434,3612.8729012097715
rear,E,35250.0,201.28268748761434,False,0,3,1726.122809860307,,,,,,,-5116.402502212076,6494.235757789954
rear,F,35250.0,201.28268748761434,False,0,3,1726.122809860307,,,,,,,-10964.315049053741,12256.961470950318
rear,G,35250.0,201.28268748761434,False,0,3,1726.122809860307,,,,,,,-22660.14014273707,23782.41289727105
rear,H,35250.0,201.28268748761434,False,0,3,1726.122809860307,,,,,,,-46051.79033010373,46833.31574991251
rear,A,35500.0,202.71022427830664,True,3,3,1726.122809860307,387.18617116497484,387.1861459330273,387.1862015268514,0.222053386492486,0.22204556223138772,0.2220598887699543,365.22002268850486,1091.902618913374
rear,B,35500.0,202.71022427830664,False,1,3,1726.122809860307,,,,,,,-1.069999252579605,1452.2951931971586
rear,C,35500.0,202.71022427830664,False,0,3,1726.122809860307,,,,,,,-733.6500431347484,2173.080341764728
rear,D,35500.0,202.71022427830664,False,0,3,1726.122809860307,,,,,,,-2198.8101308990863,3614.6506388998673
rear,E,35500.0,202.71022427830664,False,0,3,1726.122809860307,,,,,,,-5129.130306427762,6497.7912331701455
rear,F,35500.0,202.71022427830664,False,0,3,1726.122809860307,,,,,,,-10989.770657485113,12264.072421710702
rear,G,35500.0,202.71022427830664,False,0,3,1726.122809860307,,,,,,,-22711.051359599813,23796.634798791816
rear,H,35500.0,202.71022427830664,False,0,3,1726.122809860307,,,,,,,-46153.61276382922,46861.75955295404
rear,A,35750.0,204.13776106899894,True,3,3,1726.122809860307,387.18278421465595,387.1827588938971,387.1828146421397,0.22292620420466905,0.22291836303657275,0.2229327293688299,364.4298111023716,1092.1191584991093
rear,B,35750.0,204.13776106899894,False,1,3,1726.122809860307,,,,,,,-2.650422424846009,1452.7282723686292
rear,C,35750.0,204.13776106899894,False,0,3,1726.122809860307,,,,,,,-736.8108894792813,2173.946500107669
rear,D,35750.0,204.13776106899894,False,0,3,1726.122809860307,,,,,,,-2205.131823588152,3616.3829555857487
rear,E,35750.0,204.13776106899894,False,0,3,1726.122809860307,,,,,,,-5141.773691805894,6501.255866541908
rear,F,35750.0,204.13776106899894,False,0,3,1726.122809860307,,,,,,,-11015.057428241376,12271.001688454227
rear,G,35750.0,204.13776106899894,False,0,3,1726.122809860307,,,,,,,-22761.62490111234,23810.493332278867
rear,H,35750.0,204.13776106899894,False,0,3,1726.122809860307,,,,,,,-46254.75984685427,46889.476619928144
rear,A,36000.0,205.56529785969124,True,3,3,1726.122809860307,387.17939792921254,387.1793725199556,387.17942842168145,0.22379885057829396,0.22379099266353064,0.22380539854842674,363.6448062419216,1092.3300840856712
rear,B,36000.0,205.56529785969124,False,1,3,1726.122809860307,,,,,,,-4.220432145746176,1453.150123541753
rear,C,36000.0,205.56529785969124,False,0,3,1726.122809860307,,,,,,,-739.9509089210817,2174.7902024539167
rear,D,36000.0,205.56529785969124,False,0,3,1726.122809860307,,,,,,,-2211.4118624717526,3618.0703602782437
rear,E,36000.0,205.56529785969124,False,0,3,1726.122809860307,,,,,,,-5154.333769573094,6504.630675926898
rear,F,36000.0,205.56529785969124,False,0,3,1726.122809860307,,,,,,,-11040.177583775778,12277.751307224207
rear,G,36000.0,205.56529785969124,False,0,3,1726.122809860307,,,,,,,-22811.865212181143,23823.992569818827
rear,H,36000.0,205.56529785969124,False,0,3,1726.122809860307,,,,,,,-46355.24046899188,46916.47509500806
rear,A,36250.0,206.99283465038354,True,3,3,1726.122809860307,387.17601229933365,387.1759868018782,387.1760428562398,0.22467132801285242,0.22466345349259065,0.22467789871174482,362.86493990422497,1092.5354589960498
rear,B,36250.0,206.99283465038354,False,1,3,1726.122809860307,,,,,,,-5.780164821139375,1453.5608733625104
rear,C,36250.0,206.99283465038354,False,0,3,1726.122809860307,,,,,,,-743.070374271868,2175.611702095431
rear,D,36250.0,206.99283465038354,False,0,3,1726.122809860307,,,,,,,-2217.6507931733254,3619.7133595612727
rear,E,36250.0,206.99283465038354,False,0,3,1726.122809860307,,,,,,,-5166.81163097624,6507.916674492956
rear,F,36250.0,206.99283465038354,False,0,3,1726.122809860307,,,,,,,-11065.133306582069,12284.323304356323
rear,G,36250.0,206.99283465038354,False,0,3,1726.122809860307,,,,,,,-22861.776657793725,23837.13656408306
rear,H,36250.0,206.99283465038354,False,0,3,1726.122809860307,,,,,,,-46455.06336021704,46942.76308353653
rear,A,36500.0,208.42037144107584,True,3,3,1726.122809860307,387.1726273156885,387.1726017303199,387.17265793655844,0.22554363891284326,0.22553574790910025,0.2255502322669689,362.09014511349056,1092.7353462493165
rear,B,36500.0,208.42037144107584,False,1,3,1726.122809860307,,,,,,,-7.3297544026082155,1453.960647869044
rear,C,36500.0,208.42037144107584,False,0,3,1726.122809860307,,,,,,,-746.1695534348057,2176.4112511084986
rear,D,36500.0,208.42037144107584,False,0,3,1726.122809860307,,,,,,,-2223.8491514992006,3621.3124575874076
rear,E,36500.0,208.42037144107584,False,0,3,1726.122809860307,,,,,,,-5179.20834762799,6511.114870545226
rear,F,36500.0,208.42037144107584,False,0,3,1726.122809860307,,,,,,,-11089.92673988557,12290.719696460863
rear,G,36500.0,208.42037144107584,False,0,3,1726.122809860307,,,,,,,-22911.363524400727,23849.92934829214
rear,H,36500.0,208.42037144107584,False,0,3,1726.122809860307,,,,,,,-46554.237093431046,46968.348651954686
rear,A,36750.0,209.84790823176814,True,3,3,1726.122809860307,387.16924296893393,387.16921729592264,387.1692736533686,0.22641578568602197,0.22640787830163767,0.22642240162568106,361.3203560997313,1092.9298085599196
rear,B,36750.0,209.84790823176814,False,1,3,1726.122809860307,,,,,,,-8.869332430126578,1454.3495724902502
rear,C,36750.0,209.84790823176814,False,0,3,1726.122809860307,,,,,,,-749.2487094898424,2177.1891003509113
rear,D,36750.0,209.84790823176814,False,0,3,1726.122809860307,,,,,,,-2230.0074636092745,3622.868156072233
rear,E,36750.0,209.84790823176814,False,0,3,1726.122809860307,,,,,,,-5191.524971848138,6514.226267514877
rear,F,36750.0,209.84790823176814,False,0,3,1726.122809860307,,,,,,,-11114.559988325866,12296.942490400164
rear,G,36750.0,209.84790823176814,False,0,3,1726.122809860307,,,,,,,-22960.63002128132,23862.37493617074
rear,H,36750.0,209.84790823176814,False,0,3,1726.122809860307,,,,,,,-46652.77008719223,46993.23982771189
rear,A,37000.0,211.27544502246045,True,3,3,1726.122809860307,387.16585924972054,387.16583348932204,387.16588999739486,0.22728777074170944,0.22727984706045756,0.22729440920108424,360.5555082776863,1093.1189083368552
rear,B,37000.0,211.27544502246045,False,1,3,1726.122809860307,,,,,,,-10.399028074216757,1454.7277720441207
rear,C,37000.0,211.27544502246045,False,0,3,1726.122809860307,,,,,,,-752.3081007780228,2177.945499458652
rear,D,37000.0,211.27544502246045,False,0,3,1726.122809860307,,,,,,,-2236.126246185635,3624.3809542877148
rear,E,37000.0,211.27544502246045,False,0,3,1726.122809860307,,,,,,,-5203.762537000859,6517.25186394584
rear,F,37000.0,211.27544502246045,False,0,3,1726.122809860307,,,,,,,-11139.035118631307,12302.993683262092
rear,G,37000.0,211.27544502246045,False,0,3,1726.122809860307,,,,,,,-23009.580281892202,23874.477321894596
rear,H,37000.0,211.27544502246045,False,0,3,1726.122809860307,,,,,,,-46750.670608413995,47017.4445991596
rear,A,37250.0,212.70298181315275,True,3,3,1726.122809860307,387.162476148699,387.16245030115283,387.162506959362,0.22815959648925613,0.2281516565758035,0.22816625740659235,359.7955382260031,1093.3027076827186
rear,B,37250.0,212.70298181315275,False,1,3,1726.122809860307,,,,,,,-11.918968177583059,1455.0953707358483
rear,C,37250.0,212.70298181315275,False,0,3,1726.122809860307,,,,,,,-755.3479809847554,2178.6806968421074
rear,D,37250.0,212.70298181315275,False,0,3,1726.122809860307,,,,,,,-2242.2060065991004,3625.8513490546256
rear,E,37250.0,212.70298181315275,False,0,3,1726.122809860307,,,,,,,-5215.92205782779,6520.192653479662
rear,F,37250.0,212.70298181315275,False,0,3,1726.122809860307,,,,,,,-11163.35416028517,12308.875262329735
rear,G,37250.0,212.70298181315275,False,0,3,1726.122809860307,,,,,,,-23058.218365199926,23886.240480029883
rear,H,37250.0,212.70298181315275,False,0,3,1726.122809860307,,,,,,,-46847.94677502944,47040.970915430175
rear,A,37500.0,214.13051860384505,True,3,3,1726.122809860307,387.15909365652544,387.15906772205506,387.15912453000004,0.2290312653365619,0.22902330923655345,0.22903794865430926,359.0403836666726,1093.481268392666
rear,B,37500.0,214.13051860384505,False,1,3,1726.122809860307,,,,,,,-13.429277296244141,1455.4524921557427
rear,C,37500.0,214.13051860384505,False,0,3,1726.122809860307,,,,,,,-758.3685992220776,2179.3949396818957
rear,D,37500.0,214.13051860384505,False,0,3,1726.122809860307,,,,,,,-2248.2472430737444,3627.2798347342027
rear,E,37500.0,214.13051860384505,False,0,3,1726.122809860307,,,,,,,-5228.004530777078,6523.049624838816
rear,F,37500.0,214.13051860384505,False,0,3,1726.122809860307,,,,,,,-11187.519106183745,12314.589205048043
rear,G,37500.0,214.13051860384505,False,0,3,1726.122809860307,,,,,,,-23106.548256997077,23897.6683654665
rear,H,37500.0,214.13051860384505,False,0,3,1726.122809860307,,,,,,,-46944.606558623746,47063.82668630341
rear,A,37750.0,215.55805539453735,True,3,3,1726.122809860307,387.15571176386703,387.155685742679,387.15574270004964,0.22990277968872133,0.22989480742883206,0.22990948535359657,358.2899834447243,1093.6546519532772
rear,B,37750.0,215.55805539453735,False,1,3,1726.122809860307,,,,,,,-14.93007774014065,1455.7992592769647
rear,C,37750.0,215.55805539453735,False,0,3,1726.122809860307,,,,,,,-761.3702001098706,2180.08847392434
rear,D,37750.0,215.55805539453735,False,0,3,1726.122809860307,,,,,,,-2254.2504448493305,3628.666903219091
rear,E,37750.0,215.55805539453735,False,0,3,1726.122809860307,,,,,,,-5240.01093432825,6525.823761808593
rear,F,37750.0,215.55805539453735,False,0,3,1726.122809860307,,,,,,,-11211.53191328609,12320.137478987597
rear,G,37750.0,215.55805539453735,False,0,3,1726.122809860307,,,,,,,-23154.573871201766,23908.764913345607
rear,H,37750.0,215.55805539453735,False,0,3,1726.122809860307,,,,,,,-47040.657787033124,47086.01978206162
rear,A,38000.0,216.98559218522965,True,3,3,1726.122809860307,387.15233046140673,387.1523043536906,387.1523614602672,0.2307741419467028,0.23076615353474494,0.23078086990988567,357.54427750817524,1093.8229195413512
rear,B,38000.0,216.98559218522965,False,1,3,1726.122809860307,,,,,,,-16.42148961323885,1456.1357944531132
rear,C,38000.0,216.98559218522965,False,0,3,1726.122809860307,,,,,,,-764.353023856067,2180.7615442766373
rear,D,38000.0,216.98559218522965,False,0,3,1726.122809860307,,,,,,,-2260.216092341723,3630.0130439236855
rear,E,38000.0,216.98559218522965,False,0,3,1726.122809860307,,,,,,,-5251.942229313036,6528.516043217782
rear,F,38000.0,216.98559218522965,False,0,3,1726.122809860307,,,,,,,-11235.39450325566,12325.522041805974
rear,G,38000.0,216.98559218522965,False,0,3,1726.122809860307,,,,,,,-23202.299051140908,23919.53403898236
rear,H,38000.0,216.98559218522965,False,0,3,1726.122809860307,,,,,,,-47136.10814691141,47107.55803333513
rear,A,38250.0,218.41312897592195,True,3,3,1726.122809860307,387.1489497398484,387.14892354577603,387.1489808014293,0.23164535450616772,0.23163734993112417,0.23165210472335662,356.80320688823883,1093.986132022634
rear,B,38250.0,218.41312897592195,False,1,3,1726.122809860307,,,,,,,-17.903630853111597,1456.4622194156784
rear,C,38250.0,218.41312897592195,False,0,3,1726.122809860307,,,,,,,-767.3173063358125,2181.4143942017677
rear,D,38250.0,218.41312897592195,False,0,3,1726.122809860307,,,,,,,-2266.1446573012145,3631.318743773946
rear,E,38250.0,218.41312897592195,False,0,3,1726.122809860307,,,,,,,-5263.799359232018,6531.127442918303
rear,F,38250.0,218.41312897592195,False,0,3,1726.122809860307,,,,,,,-11259.108763093625,12330.744841207017
rear,G,38250.0,218.41312897592195,False,0,3,1726.122809860307,,,,,,,-23249.727570816838,23929.979637784447
rear,H,38250.0,218.41312897592195,False,0,3,1726.122809860307,,,,,,,-47230.96518626327,47128.4492309393
rear,A,38500.0,219.84066576661425,True,3,3,1726.122809860307,387.1455695899204,387.14554330964563,387.1456007143369,0.23251641975635673,0.23250839898856235,0.23252319218792783,356.06671367978913,1094.1443499504853
rear,B,38500.0,219.84066576661425,False,1,3,1726.122809860307,,,,,,,-19.376617270011067,1456.7786552713815
rear,C,38500.0,219.84066576661425,False,0,3,1726.122809860307,,,,,,,-770.2632791696115,2182.0472659131738
rear,D,38500.0,219.84066576661425,False,0,3,1726.122809860307,,,,,,,-2272.036602968812,3632.584487196759
rear,E,38500.0,219.84066576661425,False,0,3,1726.122809860307,,,,,,,-5275.583250567213,6533.658929763928
rear,F,38500.0,219.84066576661425,False,0,3,1726.122809860307,,,,,,,-11282.676545764016,12335.807814898268
rear,G,38500.0,219.84066576661425,False,0,3,1726.122809860307,,,,,,,-23296.86313615762,23940.105585166948
rear,H,38500.0,219.84066576661425,False,0,3,1726.122809860307,,,,,,,-47325.23631694483,47148.701125704305
rear,A,38750.0,221.26820255730655,True,3,3,1726.122809860307,387.1421900023808,387.1421636360389,387.1422211898203,0.2333873400789758,0.23337930307014698,0.233394134690057,355.3347410220854,1094.2976335645037
rear,B,38750.0,221.26820255730655,False,1,3,1726.122809860307,,,,,,,-20.840562585418468,1457.0852224994183
rear,C,38750.0,221.26820255730655,False,0,3,1726.122809860307,,,,,,,-773.1911698004262,2182.660400369247
rear,D,38750.0,221.26820255730655,False,0,3,1726.122809860307,,,,,,,-2277.892384230442,3633.810756108905
rear,E,38750.0,221.26820255730655,False,0,3,1726.122809860307,,,,,,,-5287.294813090473,6536.111467588221
rear,F,38750.0,221.26820255730655,False,0,3,1726.122809860307,,,,,,,-11306.099670810536,12340.712890546853
rear,G,38750.0,221.26820255730655,False,0,3,1726.122809860307,,,,,,,-23343.70938625066,23949.915736464118
rear,H,38750.0,221.26820255730655,False,0,3,1726.122809860307,,,,,,,-47418.92881713091,47168.321428298645
rear,A,39000.0,222.69573934799882,True,3,3,1726.122809860307,387.13881096802027,387.13878451572754,387.1388422187417,0.23425811784724507,0.2342500645306611,0.23426493460786402,354.60723307975644,1094.4460427891029
rear,B,39000.0,222.69573934799882,False,1,3,1726.122809860307,,,,,,,-22.295578470076418,1457.3820409486168
rear,C,39000.0,222.69573934799882,False,0,3,1726.122809860307,,,,,,,-776.1012015697421,2183.2540372676444
rear,D,39000.0,222.69573934799882,False,0,3,1726.122809860307,,,,,,,-2283.7124477690736,3634.9980299056992
rear,E,39000.0,222.69573934799882,False,0,3,1726.122809860307,,,,,,,-5298.934940167736,6538.486015181809
rear,F,39000.0,222.69573934799882,False,0,3,1726.122809860307,,,,,,,-11329.379924965062,12345.46198573403
rear,G,39000.0,222.69573934799882,False,0,3,1726.122809860307,,,,,,,-23390.26989455971,23959.41392683847
rear,H,39000.0,222.69573934799882,False,0,3,1726.122809860307,,,,,,,-47512.04983374901,47187.31780904735
rear,A,39250.0,224.12327613869112,True,3,3,1726.122809860307,387.13543247766614,387.13540593951956,387.13546379199954,0.2351287554249478,0.23512068571553968,0.23513559431014297,353.8841350240445,1094.5896372320603
rear,B,39250.0,224.12327613869112,False,1,3,1726.122809860307,,,,,,,-23.741774581500323,1457.6692298345315
rear,C,39250.0,224.12327613869112,False,0,3,1726.122809860307,,,,,,,-778.99359379259,2183.828415039474
rear,D,39250.0,224.12327613869112,False,0,3,1726.122809860307,,,,,,,-2289.497232214769,3636.146785449359
rear,E,39250.0,224.12327613869112,False,0,3,1726.122809860307,,,,,,,-5310.5045090591275,6540.783526269129
rear,F,39250.0,224.12327613869112,False,0,3,1726.122809860307,,,,,,,-11352.519062747844,12350.057007908668
rear,G,39250.0,224.12327613869112,False,0,3,1726.122809860307,,,,,,,-23436.548170125276,23968.60397118775
rear,H,39250.0,224.12327613869112,False,0,3,1726.122809860307,,,,,,,-47604.60638488014,47205.69789774591
rear,A,39500.0,225.55081292938343,True,3,3,1726.122809860307,387.1320545221857,387.13202789826227,387.13208590053154,0.23599925516563092,0.23599116896020345,0.23600611615552936,353.165393014312,1094.728476183031
rear,B,39500.0,225.55081292938343,False,1,3,1726.122809860307,,,,,,,-25.179258600965365,1457.9469077364727
rear,C,39500.0,225.55081292938343,False,0,3,1726.122809860307,,,,,,,-781.86856183152,2184.383770843356
rear,D,39500.0,225.55081292938343,False,0,3,1726.122809860307,,,,,,,-2295.2471682926293,3637.2574970571227
rear,E,39500.0,225.55081292938343,False,0,3,1726.122809860307,,,,,,,-5322.004381214848,6543.004949484656
rear,F,39500.0,225.55081292938343,False,0,3,1726.122809860307,,,,,,,-11375.518807059285,12354.499854339723
rear,G,39500.0,225.55081292938343,False,0,3,1726.122809860307,,,,,,,-23482.547658748157,23977.48966404986
rear,H,39500.0,225.55081292938343,False,0,3,1726.122809860307,,,,,,,-47696.605362125905,47223.46928347013
rear,A,39750.0,226.97834972007573,True,3,3,1726.122809860307,387.1286770924893,387.12865038284593,387.128708535318,0.2368696194116652,0.23686151658898202,0.23687650249158976,352.45095417981054,1094.8626186120407
rear,B,39750.0,226.97834972007573,False,1,3,1726.122809860307,,,,,,,-26.608136269968156,1458.2151925944918
rear,C,39750.0,226.97834972007573,False,0,3,1726.122809860307,,,,,,,-784.7263171695256,2184.9203405593944
rear,D,39750.0,226.97834972007573,False,0,3,1726.122809860307,,,,,,,-2300.962678968641,3638.3306364891996
rear,E,39750.0,226.97834972007573,False,0,3,1726.122809860307,,,,,,,-5333.435402566871,6545.15122834881
rear,F,39750.0,226.97834972007573,False,0,3,1726.122809860307,,,,,,,-11398.38084976333,12358.79241206803
rear,G,39750.0,226.97834972007573,False,0,3,1726.122809860307,,,,,,,-23528.27174415625,23986.074779506474
rear,H,39750.0,226.97834972007573,False,0,3,1726.122809860307,,,,,,,-47788.05353294209,47240.63951438336
rear,A,40000.0,228.40588651076803,True,3,3,1726.122809860307,387.12530017953304,387.1252733842061,387.1253316873844,0.23773985049364935,0.2377317309146254,0.23774675565426673,351.7407666017129,1094.9921231679616
rear,B,40000.0,228.40588651076803,False,1,3,1726.122809860307,,,,,,,-28.028511426163544,1458.474201706334
rear,C,40000.0,228.40588651076803,False,0,3,1726.122809860307,,,,,,,-787.5670674819164,2185.4383587830785
rear,D,40000.0,228.40588651076803,False,0,3,1726.122809860307,,,,,,,-2306.644179593422,3639.3666729365677
rear,E,40000.0,228.40588651076803,False,0,3,1726.122809860307,,,,,,,-5344.798403816433,6547.223301243546
rear,F,40000.0,228.40588651076803,False,0,3,1726.122809860307,,,,,,,-11421.106852262456,12362.936557857503
rear,G,40000.0,228.40588651076803,False,0,3,1726.122809860307,,,,,,,-23573.7237491545,23994.36307108542
rear,H,40000.0,228.40588651076803,False,0,3,1726.122809860307,,,,,,,-47878.95754293859,47257.21609754125
rear,A,40250.0,229.83342330146033,True,3,3,1726.122809860307,387.1219237743221,387.1218968933268,387.1219553478046,0.23860995072957727,0.23860181423741578,0.2386168779669573,351.03477929541157,1095.1170481769716
rear,B,40250.0,229.83342330146033,False,1,3,1726.122809860307,,,,,,,-29.440486038766164,1458.7240517243536
rear,C,40250.0,229.83342330146033,False,0,3,1726.122809860307,,,,,,,-790.3910167071216,2185.938058819118
rear,D,40250.0,229.83342330146033,False,0,3,1726.122809860307,,,,,,,-2312.2920780438326,3640.366073008647
rear,E,40250.0,229.83342330146033,False,0,3,1726.122809860307,,,,,,,-5356.094200717254,6549.222101387705
rear,F,40250.0,229.83342330146033,False,0,3,1726.122809860307,,,,,,,-11443.698446064098,12366.934158145821
rear,G,40250.0,229.83342330146033,False,0,3,1726.122809860307,,,,,,,-23618.906936757783,24002.358271662055
rear,H,40250.0,229.83342330146033,False,0,3,1726.122809860307,,,,,,,-47969.32391814516,47273.20649869452
rear,A,40500.0,231.26096009215263,True,3,3,1726.122809860307,387.11854786791275,387.11852090124285,387.1185795077026,0.2394799224242572,0.23947176884467902,0.23948687173999117,350.3329421930802,1095.237451641003
rear,B,40500.0,231.26096009215263,False,1,3,1726.122809860307,,,,,,,-30.844160243428853,1458.9648586524165
rear,C,40500.0,231.26096009215263,False,0,3,1726.122809860307,,,,,,,-793.198365116447,2186.419672675244
rear,D,40500.0,231.26096009215263,False,0,3,1726.122809860307,,,,,,,-2317.9067748624834,3641.329300720898
rear,E,40500.0,231.26096009215263,False,0,3,1726.122809860307,,,,,,,-5367.323594354556,6551.148556812207
rear,F,40500.0,231.26096009215263,False,0,3,1726.122809860307,,,,,,,-11466.157233338701,12370.787068994825
rear,G,40500.0,231.26096009215263,False,0,3,1726.122809860307,,,,,,,-23663.82451130699,24010.064093360063
rear,H,40500.0,231.26096009215263,False,0,3,1726.122809860307,,,,,,,-48059.15906724357,47288.618142090534
rear,A,40750.0,232.68849688284493,True,3,3,1726.122809860307,387.11517245141476,387.1151453990424,387.1152041582553,0.2403497678686898,0.2403415970101186,0.2403567392699757,349.63520612650365,1095.3533912361866
rear,B,40750.0,232.68849688284493,False,1,3,1726.122809860307,,,,,,,-32.239632376581945,1459.1967378427837
rear,C,40750.0,232.68849688284493,False,0,3,1726.122809860307,,,,,,,-795.9893093827532,2186.883431055978
rear,D,40750.0,232.68849688284493,False,0,3,1726.122809860307,,,,,,,-2323.488663395096,3642.256817482367
rear,E,40750.0,232.68849688284493,False,0,3,1726.122809860307,,,,,,,-5378.487371419781,6553.0035903351445
rear,F,40750.0,232.68849688284493,False,0,3,1726.122809860307,,,,,,,-11488.484787469151,12374.4971360407
rear,G,40750.0,232.68849688284493,False,0,3,1726.122809860307,,,,,,,-23708.47961956789,24017.484227451812
rear,H,40750.0,232.68849688284493,False,0,3,1726.122809860307,,,,,,,-48148.46928376537,47303.458410274034
rear,A,41000.0,234.11603367353723,True,3,3,1726.122809860307,387.1117975159937,387.11177037786894,387.11182929069486,0.24121948933949108,0.24121130099326038,0.24122648283919634,348.9415228101725,1095.4649243112913
rear,B,41000.0,234.11603367353723,False,1,3,1726.122809860307,,,,,,,-33.626999009244265,1459.4198039929936
rear,C,41000.0,234.11603367353723,False,0,3,1726.122809860307,,,,,,,-798.7640426480779,2187.329563356398
rear,D,41000.0,234.11603367353723,False,0,3,1726.122809860307,,,,,,,-2329.038129925745,3643.149082083206
rear,E,41000.0,234.11603367353723,False,0,3,1726.122809860307,,,,,,,-5389.586304481079,6554.788119536823
rear,F,41000.0,234.11603367353723,False,0,3,1726.122809860307,,,,,,,-11510.682653591748,12378.066194444056
rear,G,41000.0,234.11603367353723,False,0,3,1726.122809860307,,,,,,,-23752.875351813083,24024.622344258525
rear,H,41000.0,234.11603367353723,False,0,3,1726.122809860307,,,,,,,-48237.26074825576,47317.73464388746
rear,A,41250.0,235.54357046422953,True,3,3,1726.122809860307,387.1084230528733,387.1083958289234,387.1084548963103,0.2420890890983555,0.24208088303886433,0.24209610471519483,348.2518448246468,1095.5721078861627
rear,B,41250.0,235.54357046422953,False,1,3,1726.122809860307,,,,,,,-35.0063549802957,1459.634171142736
rear,C,41250.0,235.54357046422953,False,0,3,1726.122809860307,,,,,,,-801.5227545901807,2187.758297655883
rear,D,41250.0,235.54357046422953,False,0,3,1726.122809860307,,,,,,,-2334.5555538099507,3644.0065506821757
rear,E,41250.0,235.54357046422953,False,0,3,1726.122809860307,,,,,,,-5400.6211522494905,6556.503056734762
rear,F,41250.0,235.54357046422953,False,0,3,1726.122809860307,,,,,,,-11532.75234912857,12381.496068839935
rear,G,41250.0,235.54357046422953,False,0,3,1726.122809860307,,,,,,,-23797.014742886728,24031.482093050283
rear,H,41250.0,235.54357046422953,False,0,3,1726.122809860307,,,,,,,-48325.539530403046,47331.454141470975
rear,A,41500.0,236.97110725492183,True,3,3,1726.122809860307,387.10504905333653,387.1050217434662,387.1050809664496,0.24295856939163438,0.24295034537661353,0.24296560715019178,347.5661256001839,1095.6749986501645
rear,B,41500.0,236.97110725492183,False,1,3,1726.122809860307,,,,,,,-36.377793429221484,1458.1902996255785
rear,C,41500.0,236.97110725492183,False,0,3,1726.122809860307,,,,,,,-804.2656314880322,2188.1698607118906
rear,D,41500.0,236.97110725492183,False,0,3,1726.122809860307,,,,,,,-2340.041307605654,3644.829676794192
rear,E,41500.0,236.97110725492183,False,0,3,1726.122809860307,,,,,,,-5411.592659840897,6558.149308958795
rear,F,41500.0,236.97110725492183,False,0,3,1726.122809860307,,,,,,,-11554.695364311383,12384.788573288
rear,G,41500.0,236.97110725492183,False,0,3,1726.122809860307,,,,,,,-23840.900773252353,24038.067101946413
rear,H,41500.0,236.97110725492183,False,0,3,1726.122809860307,,,,,,,-48413.3115911343,47344.624159263236
rear,A,41750.0,238.39864404561413,True,3,3,1726.122809860307,387.1016755087281,387.1016481128188,387.10170749252103,0.2438279324498064,0.24381969022054806,0.24383499238058715,346.88431940063924,1095.773652960626
rear,B,41750.0,238.39864404561413,False,0,3,1726.122809860307,,,,,,,-37.74140582831086,1458.387709956726
rear,C,41750.0,238.39864404561413,False,0,3,1726.122809860307,,,,,,,-806.992856286211,2188.5644779537356
rear,D,41750.0,238.39864404561413,False,0,3,1726.122809860307,,,,,,,-2345.495757202011,3645.618911277881
rear,E,41750.0,238.39864404561413,False,0,3,1726.122809860307,,,,,,,-5422.501559033612,6559.727777926173
rear,F,41750.0,238.39864404561413,False,0,3,1726.122809860307,,,,,,,-11576.513162696812,12387.945511222757
rear,G,41750.0,238.39864404561413,False,0,3,1726.122809860307,,,,,,,-23884.536370023212,24044.380977815927
rear,H,41750.0,238.39864404561413,False,0,3,1726.122809860307,,,,,,,-48500.582784676015,47357.25191100226
rear,A,42000.0,239.82618083630643,True,3,3,1726.122809860307,387.09830241045546,387.09827492836536,387.0983344659953,0.24469718048713748,0.24468891976868745,0.24470426262673817,346.2063813076281,1095.868126841292
rear,B,42000.0,239.82618083630643,False,0,3,1726.122809860307,,,,,,,-39.09728201433311,1460.226209052995
rear,C,42000.0,239.82618083630643,False,0,3,1726.122809860307,,,,,,,-809.7046086582556,2188.942373476401
rear,D,42000.0,239.82618083630643,False,0,3,1726.122809860307,,,,,,,-2350.9192619461005,3646.3747023232127
rear,E,42000.0,239.82618083630643,False,0,3,1726.122809860307,,,,,,,-5433.34856852179,6561.239360016836
rear,F,42000.0,239.82618083630643,False,0,3,1726.122809860307,,,,,,,-11598.20718167317,12390.968675404083
rear,G,42000.0,239.82618083630643,False,0,3,1726.122809860307,,,,,,,-23927.924407975926,24050.42730617858
rear,H,42000.0,239.82618083630643,False,0,3,1726.122809860307,,,,,,,-48587.358860581444,47369.34456772757
rear,A,42250.0,241.25371762699874,True,3,3,1726.122809860307,387.09492974999085,387.09490218155423,387.09496187840665,0.2455663157012511,0.24555803620266436,0.24557342009238203,345.5322672049608,1095.95847598079
rear,B,42250.0,241.25371762699874,False,0,3,1726.122809860307,,,,,,,-40.44551021966767,1460.4069073319906
rear,C,42250.0,241.25371762699874,False,0,3,1726.122809860307,,,,,,,-812.4010650689246,2189.303770034392
rear,D,42250.0,241.25371762699874,False,0,3,1726.122809860307,,,,,,,-2356.3121747674386,3647.097495439195
rear,E,42250.0,241.25371762699874,False,0,3,1726.122809860307,,,,,,,-5444.134394164466,6562.684946248801
rear,F,42250.0,241.25371762699874,False,0,3,1726.122809860307,,,,,,,-11619.778832958522,12393.859847868012
rear,G,42250.0,241.25371762699874,False,0,3,1726.122809860307,,,,,,,-23971.06771054663,24056.209651106437
rear,H,42250.0,241.25371762699874,False,0,3,1726.122809860307,,,,,,,-48673.64546572285,47380.909257583284
rear,A,42500.0,242.68125441769104,True,3,3,1726.122809860307,387.09155751887243,387.09152986389944,387.0915897213543,0.24643534027279554,0.2464270416873804,0.24644246696435834,344.8619337633394,1096.0447557310997
rear,B,42500.0,242.68125441769104,False,0,3,1726.122809860307,,,,,,,-41.78617710291055,1460.5794668326105
rear,C,42500.0,242.68125441769104,False,0,3,1726.122809860307,,,,,,,-815.0823988354103,2189.648889035632
rear,D,42500.0,242.68125441769104,False,0,3,1726.122809860307,,,,,,,-2361.67484230041,3647.7877334416735
rear,E,42500.0,242.68125441769104,False,0,3,1726.122809860307,,,,,,,-5454.859729230409,6564.065422253758
rear,F,42500.0,242.68125441769104,False,0,3,1726.122809860307,,,,,,,-11641.229503090408,12396.620799877926
rear,G,42500.0,242.68125441769104,False,0,3,1726.122809860307,,,,,,,-24013.969050810403,24061.731555126265
rear,H,42500.0,242.68125441769104,False,0,3,1726.122809860307,,,,,,,-48759.4481462504,47391.95306562294
rear,A,42750.0,244.10879120838334,True,3,3,1726.122809860307,387.0881857087053,387.08815796698184,387.0882179865033,0.24730425636512546,0.2472959383706952,0.24731140541228713,344.1953384253251,1096.1270211060423
rear,B,42750.0,244.10879120838334,False,0,3,1726.122809860307,,,,,,,-43.11936777893915,1460.7439975824952
rear,C,42750.0,244.10879120838334,False,0,3,1726.122809860307,,,,,,,-817.7487801874676,2189.9779505354013
rear,D,42750.0,244.10879120838334,False,0,3,1726.122809860307,,,,,,,-2367.0076050045245,3648.445856441213
rear,E,42750.0,244.10879120838334,False,0,3,1726.122809860307,,,,,,,-5465.525254638638,6565.381668252837
rear,F,42750.0,244.10879120838334,False,0,3,1726.122809860307,,,,,,,-11662.560553906866,12399.253291876084
rear,G,42750.0,244.10879120838334,False,0,3,1726.122809860307,,,,,,,-24056.63115244332,24066.99653912258
rear,H,42750.0,244.10879120838334,False,0,3,1726.122809860307,,,,,,,-48844.77234951623,47402.48303361557
rear,A,43000.0,245.53632799907564,True,3,3,1726.122809860307,387.08481431116263,387.08478648245,387.0848466655864,0.24817306612402446,0.24816472838314896,0.24818023758832464,343.5324393905682,1096.205326779781
rear,B,43000.0,245.53632799907564,False,0,3,1726.122809860307,,,,,,,-44.445165848452916,1460.900608929973
rear,C,43000.0,245.53632799907564,False,0,3,1726.122809860307,,,,,,,-820.4003763264951,2190.291173230357
rear,D,43000.0,245.53632799907564,False,0,3,1726.122809860307,,,,,,,-2372.3107972825796,3649.072301831124
rear,E,43000.0,245.53632799907564,False,0,3,1726.122809860307,,,,,,,-5476.1316391947485,6566.634559032659
rear,F,43000.0,245.53632799907564,False,0,3,1726.122809860307,,,,,,,-11683.773323019086,12401.759073435729
rear,G,43000.0,245.53632799907564,False,0,3,1726.122809860307,,,,,,,-24099.05669066776,24072.00810224187
rear,H,43000.0,245.53632799907564,False,0,3,1726.122809860307,,,,,,,-48929.62342596511,47412.50615985415
rear,A,43250.0,246.96386478976794,True,3,3,1726.122809860307,387.0814433179872,387.0814154020217,387.0814757504042,0.24904177167741995,0.24903341383768485,0.249048965626808,342.8731956013044,1096.2797270853393
rear,B,43250.0,246.96386478976794,False,0,3,1726.122809860307,,,,,,,-45.76365342698049,1461.0494095410895
rear,C,43250.0,246.96386478976794,False,0,3,1726.122809860307,,,,,,,-823.0373514835503,2190.58877445259
rear,D,43250.0,246.96386478976794,False,0,3,1726.122809860307,,,,,,,-2377.58474759669,3649.66750427559
rear,E,43250.0,246.96386478976794,False,0,3,1726.122809860307,,,,,,,-5486.679539822969,6567.824963921591
rear,F,43250.0,246.96386478976794,False,0,3,1726.122809860307,,,,,,,-11704.869124275527,12404.139883213593
rear,G,43250.0,246.96386478976794,False,0,3,1726.122809860307,,,,,,,-24141.24829318064,24076.7697217976
rear,H,43250.0,246.96386478976794,False,0,3,1726.122809860307,,,,,,,-49014.00663099087,47422.029398965606
rear,A,43500.0,248.39140158046024,True,3,3,1726.122809860307,387.07807272099205,387.07804471748483,387.0781052328267,0.249910375135128,0.24990199682941583,0.24991759164401106,342.2175667281142,1096.350276013136
rear,B,43500.0,248.39140158046024,False,0,3,1726.122809860307,,,,,,,-47.07491117336084,1461.190507396683
rear,C,43500.0,248.39140158046024,False,0,3,1726.122809860307,,,,,,,-825.6598669763109,2190.8709701637767
rear,D,43500.0,248.39140158046024,False,0,3,1726.122809860307,,,,,,,-2382.8297785822115,3650.231895697964
rear,E,43500.0,248.39140158046024,False,0,3,1726.122809860307,,,,,,,-5497.169601794012,6568.953746766339
rear,F,43500.0,248.39140158046024,False,0,3,1726.122809860307,,,,,,,-11725.849248217613,12406.397448903088
rear,G,43500.0,248.39140158046024,False,0,3,1726.122809860307,,,,,,,-24183.208541064814,24081.28485317659
rear,H,43500.0,248.39140158046024,False,0,3,1726.122809860307,,,,,,,-49097.92712675922,47431.059661723586
rear,A,43750.0,249.81893837115254,True,3,3,1726.122809860307,387.0747025120606,387.0746744206977,387.07473510479383,0.250778878588694,0.25077047943542485,0.2507861177380222,341.5655131559443,1096.417027209542
rear,B,43750.0,249.81893837115254,False,0,3,1726.122809860307,,,,,,,-48.37901831770065,1461.324009789495
rear,C,43750.0,249.81893837115254,False,0,3,1726.122809860307,,,,,,,-828.2680812649905,2191.1379749494004
rear,D,43750.0,249.81893837115254,False,0,3,1726.122809860307,,,,,,,-2388.0462071595707,3650.7659052692115
rear,E,43750.0,249.81893837115254,False,0,3,1726.122809860307,,,,,,,-5507.602458948731,6570.021765908834
rear,F,43750.0,249.81893837115254,False,0,3,1726.122809860307,,,,,,,-11746.71496252705,12408.533487188079
rear,G,43750.0,249.81893837115254,False,0,3,1726.122809860307,,,,,,,-24224.939969683688,24085.55692974657
rear,H,43750.0,249.81893837115254,False,0,3,1726.122809860307,,,,,,,-49181.38998399697,47439.60381486355
rear,A,44000.0,251.24647516184484,True,3,3,1726.122809860307,387.0713326831488,387.07130450359045,387.07136535831626,0.2516472841111302,0.251638863714565,0.2516545459884556,340.9169959703914,1096.480033975455
rear,B,44000.0,251.24647516184484,False,0,3,1726.122809860307,,,,,,,-49.67605268880654,1461.4500233213205
rear,C,44000.0,251.24647516184484,False,0,3,1726.122809860307,,,,,,,-830.8621500072023,2191.390002013052
rear,D,44000.0,251.24647516184484,False,0,3,1726.122809860307,,,,,,,-2393.234344643994,3651.2699593965144
rear,E,44000.0,251.24647516184484,False,0,3,1726.122809860307,,,,,,,-5517.978733917577,6571.02987416344
rear,F,44000.0,251.24647516184484,False,0,3,1726.122809860307,,,,,,,-11767.467512464744,12410.54970369729
rear,G,44000.0,251.24647516184484,False,0,3,1726.122809860307,,,,,,,-24266.445069559075,24089.589362764993
rear,H,44000.0,251.24647516184484,False,0,3,1726.122809860307,,,,,,,-49264.40018374774,47447.668680900395
rear,A,44250.0,252.67401195253714,True,3,3,1726.122809860307,387.06796322628486,387.0679349581655,387.067995985476,0.25251559375679317,0.2525071517073041,0.25252287845629606,340.2719769442412,1096.539349264897
rear,B,44250.0,252.67401195253714,False,0,3,1726.122809860307,,,,,,,-50.96609074110688,1461.5686539002052
rear,C,44250.0,252.67401195253714,False,0,3,1726.122809860307,,,,,,,-833.442226111803,2191.627263170821
rear,D,44250.0,252.67401195253714,False,0,3,1726.122809860307,,,,,,,-2398.3944968531955,3651.7444817120527
rear,E,44250.0,252.67401195253714,False,0,3,1726.122809860307,,,,,,,-5528.29903833598,6571.978918794516
rear,F,44250.0,252.67401195253714,False,0,3,1726.122809860307,,,,,,,-11788.10812130155,12412.447792959443
rear,G,44250.0,252.67401195253714,False,0,3,1726.122809860307,,,,,,,-24307.726287232686,24093.3855412893
rear,H,44250.0,252.67401195253714,False,0,3,1726.122809860307,,,,,,,-49346.962619094964,47455.26103794901
rear,A,44500.0,254.10154874322944,True,3,3,1726.122809860307,387.0645941335699,387.0645657764981,387.06462697842704,0.2533838095611844,0.25337534543555806,0.2533911171837433,339.63041852427176,1096.5950256836386
rear,B,44500.0,254.10154874322944,False,0,3,1726.122809860307,,,,,,,-52.249207581045724,1461.6800067376876
rear,C,44500.0,254.10154874322944,False,0,3,1726.122809860307,,,,,,,-836.0084597916807,2191.849968845786
rear,D,44500.0,254.10154874322944,False,0,3,1726.122809860307,,,,,,,-2403.526964212951,3652.1898930619827
rear,E,44500.0,254.10154874322944,False,0,3,1726.122809860307,,,,,,,-5538.563973055491,6572.869741494376
rear,F,44500.0,254.10154874322944,False,0,3,1726.122809860307,,,,,,,-11808.637990740572,12414.229438359163
rear,G,44500.0,254.10154874322944,False,0,3,1726.122809860307,,,,,,,-24348.78602611073,24096.94883208874
rear,H,44500.0,254.10154874322944,False,0,3,1726.122809860307,,,,,,,-49429.08209685105,47462.38761954789
rear,A,44750.0,255.52908553392174,True,3,3,1726.122809860307,387.0612253971788,387.06119695073676,387.0612583293959,0.25425193354086845,0.25424344690254674,0.25425926419415656,338.99228381830574,1096.6471154878404
rear,B,44750.0,255.52908553392174,False,0,3,1726.122809860307,,,,,,,-53.52547699297786,1461.7841863460917
rear,C,44750.0,255.52908553392174,False,0,3,1726.122809860307,,,,,,,-838.560998615545,2192.0583280625942
rear,D,44750.0,255.52908553392174,False,0,3,1726.122809860307,,,,,,,-2408.6320418606792,3652.6066114955984
rear,E,44750.0,255.52908553392174,False,0,3,1726.122809860307,,,,,,,-5548.774128350948,6573.703178361608
rear,F,44750.0,255.52908553392174,False,0,3,1726.122809860307,,,,,,,-11829.058301331484,12415.896312093626
rear,G,44750.0,255.52908553392174,False,0,3,1726.122809860307,,,,,,,-24389.626647292556,24100.282579557665
rear,H,44750.0,255.52908553392174,False,0,3,1726.122809860307,,,,,,,-49510.7633392147,47469.05511448574
rear,A,45000.0,256.95662232461405,True,3,3,1726.122809860307,387.05785700936036,387.0578284731041,387.0578900306821,0.2551199676933032,0.25511145809270497,0.2551273214917327,338.35753658252116,1096.6956705827295
rear,B,45000.0,256.95662232461405,False,0,3,1726.122809860307,,,,,,,-54.79497146454693,1461.8812965358698
rear,C,45000.0,256.95662232461405,False,0,3,1726.122809860307,,,,,,,-841.0999875586832,2192.2525484421503
rear,D,45000.0,256.95662232461405,False,0,3,1726.122809860307,,,,,,,-2413.710019746956,3652.9950522547106
rear,E,45000.0,256.95662232461405,False,0,3,1726.122809860307,,,,,,,-5558.930084123501,6574.480059879832
rear,F,45000.0,256.95662232461405,False,0,3,1726.122809860307,,,,,,,-11849.37021287659,12417.450075130075
rear,G,45000.0,256.95662232461405,False,0,3,1726.122809860307,,,,,,,-24430.25047038277,24103.390105630562
rear,H,45000.0,256.95662232461405,False,0,3,1726.122809860307,,,,,,,-49592.01098539513,47475.27016663153
rear,A,45250.0,258.3841591153063,True,3,3,1726.122809860307,387.054488962438,387.0544603358969,387.0545220746581,0.25598791399677284,0.2559793809716271,0.2559952910616059,337.7261412090096,1096.7407425212944
rear,B,45250.0,258.3841591153063,False,0,3,1726.122809860307,,,,,,,-56.05776221157009,1461.9714404129993
rear,C,45250.0,258.3841591153063,False,0,3,1726.122809860307,,,,,,,-843.6255690527295,2192.4328361964094
rear,D,45250.0,258.3841591153063,False,0,3,1726.122809860307,,,,,,,-2418.7611827350484,3653.355627763229
rear,E,45250.0,258.3841591153063,False,0,3,1726.122809860307,,,,,,,-5569.032410099686,6575.201210896869
rear,F,45250.0,258.3841591153063,False,0,3,1726.122809860307,,,,,,,-11869.574864828961,12418.89237716415
rear,G,45250.0,258.3841591153063,False,0,3,1726.122809860307,,,,,,,-24470.65977428751,24106.27470969871
rear,H,45250.0,258.3841591153063,False,0,3,1726.122809860307,,,,,,,-49672.82959320461,47481.03937476783
rear,A,45500.0,259.81169590599865,True,3,3,1726.122809860307,387.0511212488097,387.0510925314865,387.05115445377055,0.2568557744102769,0.25684721748583383,0.25686317486968147,337.09806271358707,1096.782382503013
rear,B,45500.0,259.81169590599865,False,0,3,1726.122809860307,,,,,,,-57.3139192024152,1462.054720376437
rear,C,45500.0,259.81169590599865,False,0,3,1726.122809860307,,,,,,,-846.1378830344197,2192.599396123285
rear,D,45500.0,259.81169590599865,False,0,3,1726.122809860307,,,,,,,-2423.7858106984286,3653.68874761698
rear,E,45500.0,259.81169590599865,False,0,3,1726.122809860307,,,,,,,-5579.081666026446,6575.867450604371
rear,F,45500.0,259.81169590599865,False,0,3,1726.122809860307,,,,,,,-11889.673376682482,12420.224856579152
rear,G,45500.0,259.81169590599865,False,0,3,1726.122809860307,,,,,,,-24510.85679799455,24108.939668528717
rear,H,45500.0,259.81169590599865,False,0,3,1726.122809860307,,,,,,,-49753.22364061869,47486.369292427844
rear,A,45750.0,261.2392326966909,True,3,3,1726.122809860307,387.0477538609488,387.0477250523195,387.04778716053954,0.25772355087347876,0.2577149695628944,0.2577309748624801,336.4732667238489,1096.8206413726089
rear,B,45750.0,261.2392326966909,False,0,3,1726.122809860307,,,,,,,-58.563511181891506,1462.131238115628
rear,C,45750.0,261.2392326966909,False,0,3,1726.122809860307,,,,,,,-848.6370669933723,2192.752431601667
rear,D,45750.0,261.2392326966909,False,0,3,1726.122809860307,,,,,,,-2428.784178616334,3653.9948185737444
rear,E,45750.0,261.2392326966909,False,0,3,1726.122809860307,,,,,,,-5589.078401862257,6576.4795925179
rear,F,45750.0,261.2392326966909,False,0,3,1726.122809860307,,,,,,,-11909.666848354103,12421.44914040621
rear,G,45750.0,261.2392326966909,False,0,3,1726.122809860307,,,,,,,-24550.843741337794,24111.388236182833
rear,H,45750.0,261.2392326966909,False,0,3,1726.122809860307,,,,,,,-49833.19752730518,47491.266427736075
rear,A,46000.0,262.66676948738325,True,3,3,1726.122809860307,387.04438679140355,387.044357890917,387.04442018755947,0.2585912453066608,0.2585826391112267,0.25859869296729343,335.85171946746976,1096.8555696188337
rear,B,46000.0,262.66676948738325,False,0,3,1726.122809860307,,,,,,,-59.80660569464976,1462.2010946080782
rear,C,46000.0,262.66676948738325,False,0,3,1726.122809860307,,,,,,,-851.1232560188888,2192.892144586567
rear,D,46000.0,262.66676948738325,False,0,3,1726.122809860307,,,,,,,-2433.756556667367,3654.2742445435456
rear,E,46000.0,262.66676948738325,False,0,3,1726.122809860307,,,,,,,-5599.023157964323,6577.038444457502
rear,F,46000.0,262.66676948738325,False,0,3,1726.122809860307,,,,,,,-11929.556360558236,12422.566844285415
rear,G,46000.0,262.66676948738325,False,0,3,1726.122809860307,,,,,,,-24590.62276574606,24113.623643941242
rear,H,46000.0,262.66676948738325,False,0,3,1726.122809860307,,,,,,,-49912.75557612171,47495.737243252894
rear,A,46250.0,264.0943062780755,True,3,3,1726.122809860307,387.04102003279803,387.0409910398763,387.04105352749883,0.2594588596106358,0.2594502280201638,0.2594663310918288,335.23338776074485,1096.8872173732882
rear,B,46250.0,264.0943062780755,False,0,3,1726.122809860307,,,,,,,-61.043269108099544,1462.2643901169872
rear,C,46250.0,264.0943062780755,False,0,3,1726.122809860307,,,,,,,-853.5965828457884,2193.0187356043853
rear,D,46250.0,264.0943062780755,False,0,3,1726.122809860307,,,,,,,-2438.7032103211664,3654.5274265791813
rear,E,46250.0,264.0943062780755,False,0,3,1726.122809860307,,,,,,,-5608.916465271922,6577.5448085287735
rear,F,46250.0,264.0943062780755,False,0,3,1726.122809860307,,,,,,,-11949.342975173433,12423.579572427958
rear,G,46250.0,264.0943062780755,False,0,3,1726.122809860307,,,,,,,-24630.195994976453,24115.64910022633
rear,H,46250.0,264.0943062780755,False,0,3,1726.122809860307,,,,,,,-49991.9020345825,47499.788155823066
rear,A,46500.0,265.52184306876785,True,3,3,1726.122809860307,387.0376535778316,387.0376244918694,387.0376871731006,0.26032639566676563,0.26031773815983206,0.260333891124509,334.61823899737,1096.9156344092667
rear,B,46500.0,265.52184306876785,False,0,3,1726.122809860307,,,,,,,-62.273566634849345,1462.3212241889435
rear,C,46500.0,265.52184306876785,False,0,3,1726.122809860307,,,,,,,-856.0571778992879,2193.1324037482977
rear,D,46500.0,265.52184306876785,False,0,3,1726.122809860307,,,,,,,-2443.6244004281652,3654.7547628670063
rear,E,46500.0,265.52184306876785,False,0,3,1726.122809860307,,,,,,,-5618.75884548592,6577.9994811044235
rear,F,46500.0,265.52184306876785,False,0,3,1726.122809860307,,,,,,,-11969.027735601429,12424.488917579258
rear,G,46500.0,265.52184306876785,False,0,3,1726.122809860307,,,,,,,-24669.565515832444,24117.467790528928
rear,H,46500.0,265.52184306876785,False,0,3,1726.122809860307,,,,,,,-50070.64107629448,47503.425536428265
rear,A,46750.0,266.9493798594601,True,3,3,1726.122809860307,387.0342874192793,387.03425823964426,387.0343211171823,0.26119385533690903,0.26118517138119524,0.2612013749341613,334.0062411374551,1096.94087014064
rear,B,46750.0,266.9493798594601,False,0,3,1726.122809860307,,,,,,,-63.49756235467913,1462.371695651691
rear,C,46750.0,266.9493798594601,False,0,3,1726.122809860307,,,,,,,-858.5051693389476,2193.2333466737928
rear,D,46750.0,266.9493798594601,False,0,3,1726.122809860307,,,,,,,-2448.5203833074843,3654.9566487179954
rear,E,46750.0,266.9493798594601,False,0,3,1726.122809860307,,,,,,,-5628.550811244558,6578.403252806402
rear,F,46750.0,266.9493798594601,False,0,3,1726.122809860307,,,,,,,-11988.611667118705,12425.296460983214
rear,G,46750.0,266.9493798594601,False,0,3,1726.122809860307,,,,,,,-24708.733378866997,24119.08287733684
rear,H,46750.0,266.9493798594601,False,0,3,1726.122809860307,,,,,,,-50148.976802363584,47506.65571004409
rear,A,47000.0,268.37691665015245,True,3,3,1726.122809860307,387.03092154999194,387.0308922760243,387.03095535263566,0.26206124046340706,0.2620525295159992,0.2620687843701952,333.39736269677365,1096.9629736207726
rear,B,47000.0,268.37691665015245,False,0,3,1726.122809860307,,,,,,,-64.715319236042,1462.4159026119555
rear,C,47000.0,268.37691665015245,False,0,3,1726.122809860307,,,,,,,-860.9406831016732,2193.321760594322
rear,D,47000.0,268.37691665015245,False,0,3,1726.122809860307,,,,,,,-2453.391410832936,3655.133476559054
rear,E,47000.0,268.37691665015245,False,0,3,1726.122809860307,,,,,,,-5638.292866295461,6578.756908488519
rear,F,47000.0,268.37691665015245,False,0,3,1726.122809860307,,,,,,,-12008.095777220511,12426.003772347449
rear,G,47000.0,268.37691665015245,False,0,3,1726.122809860307,,,,,,,-24747.70159907061,24120.49750006531
rear,H,47000.0,268.37691665015245,False,0,3,1726.122809860307,,,,,,,-50226.91324277081,47509.48495550103
rear,A,47250.0,269.8044534408447,True,3,3,1726.122809860307,387.0275559628961,387.0275265939086,387.02758987242714,0.26292855286912387,0.26291981437682743,0.26293612126254695,332.79157273623866,1096.981993541468
rear,B,47250.0,269.8044534408447,False,0,3,1726.122809860307,,,,,,,-65.92689915711193,1462.453942453347
rear,C,47250.0,269.8044534408447,False,0,3,1726.122809860307,,,,,,,-863.3638429438131,2193.397840277105
rear,D,47250.0,269.8044534408447,False,0,3,1726.122809860307,,,,,,,-2458.237730517216,3655.2856359246202
rear,E,47250.0,269.8044534408447,False,0,3,1726.122809860307,,,,,,,-5647.985505664021,6579.061227219651
rear,F,47250.0,269.8044534408447,False,0,3,1726.122809860307,,,,,,,-12027.48105595763,12426.612409809713
rear,G,47250.0,269.8044534408447,False,0,3,1726.122809860307,,,,,,,-24786.47215654485,24121.71477498984
rear,H,47250.0,269.8044534408447,False,0,3,1726.122809860307,,,,,,,-50304.45435771929,47511.91950535009
rear,A,47500.0,271.23199023153705,True,3,3,1726.122809860307,387.0241906509937,387.0241611862718,387.02422466959734,0.2637957943574465,0.26378702775712304,0.2638033874216461,332.18884085160613,1096.9979782319608
rear,B,47500.0,271.23199023153705,False,0,3,1726.122809860307,,,,,,,-67.13236292637704,1462.4859118343325
rear,C,47500.0,271.23199023153705,False,0,3,1726.122809860307,,,,,,,-865.7747704823433,2193.4617790390753
rear,D,47500.0,271.23199023153705,False,0,3,1726.122809860307,,,,,,,-2463.059585594276,3655.4135134485614
rear,E,47500.0,271.23199023153705,False,0,3,1726.122809860307,,,,,,,-5657.629215818141,6579.316982267534
rear,F,47500.0,271.23199023153705,False,0,3,1726.122809860307,,,,,,,-12046.768476265872,12427.123919905478
rear,G,47500.0,271.23199023153705,False,0,3,1726.122809860307,,,,,,,-24825.04699716133,24122.73779518137
rear,H,47500.0,271.23199023153705,False,0,3,1726.122809860307,,,,,,,-50381.60403895225,47513.96554573315
rear,A,47750.0,272.6595270222293,True,3,3,1726.122809860307,387.0208256073623,387.0207960461638,387.02085973726133,0.2646629667122739,0.26465417143110015,0.26467058463849336,331.58913716340174,1097.0109756579327
rear,B,47750.0,272.6595270222293,False,0,3,1726.122809860307,,,,,,,-68.33177030278577,1462.5119066862756
rear,C,47750.0,272.6595270222293,False,0,3,1726.122809860307,,,,,,,-868.1735852351608,2193.513768742962
rear,D,47750.0,272.6595270222293,False,0,3,1726.122809860307,,,,,,,-2467.857215099911,3655.517492856335
rear,E,47750.0,272.6595270222293,False,0,3,1726.122809860307,,,,,,,-5667.2244748294115,6579.524941083081
rear,F,47750.0,272.6595270222293,False,0,3,1726.122809860307,,,,,,,-12065.958994288412,12427.539837536573
rear,G,47750.0,272.6595270222293,False,0,3,1726.122809860307,,,,,,,-24863.42803320641,24123.56963044356
rear,H,47750.0,272.6595270222293,False,0,3,1726.122809860307,,,,,,,-50458.366111042415,47515.62921625753
rear,A,48000.0,274.08706381292166,True,3,3,1726.122809860307,387.017460825155,387.0174311667104,387.01749506860847,0.2655300716980613,0.26552124715389924,0.26553771468461607,330.99243230706514,1097.0210334205747
rear,B,48000.0,274.08706381292166,False,0,3,1726.122809860307,,,,,,,-69.52518001545903,1462.5320222115602
rear,C,48000.0,274.08706381292166,False,0,3,1726.122809860307,,,,,,,-870.5604046605073,2193.5539997935307
rear,D,48000.0,274.08706381292166,False,0,3,1726.122809860307,,,,,,,-2472.630853950604,3655.597954957472
rear,E,48000.0,274.08706381292166,False,0,3,1726.122809860307,,,,,,,-5676.771752530797,6579.685865285355
rear,F,48000.0,274.08706381292166,False,0,3,1726.122809860307,,,,,,,-12085.053549691183,12427.861685941121
rear,G,48000.0,274.08706381292166,False,0,3,1726.122809860307,,,,,,,-24901.617144011954,24124.213327252655
rear,H,48000.0,274.08706381292166,False,0,3,1726.122809860307,,,,,,,-50534.7443326535,47516.91660987572
rear,A,48250.0,275.5146006036139,True,3,3,1726.122809860307,387.0140962976001,387.0140665411122,387.0141306569018,0.26639711105990543,0.26638825666160937,0.2664047793122237,330.39869742331376,1097.0281987556853
rear,B,48250.0,275.5146006036139,False,0,3,1726.122809860307,,,,,,,-70.71264978296178,1462.5463528817809
rear,C,48250.0,275.5146006036139,False,0,3,1726.122809860307,,,,,,,-872.9353441955128,2193.5826611339726
rear,D,48250.0,275.5146006036139,False,0,3,1726.122809860307,,,,,,,-2477.380733020615,3655.6552776383555
rear,E,48250.0,275.5146006036139,False,0,3,1726.122809860307,,,,,,,-5686.271510670819,6579.800510647122
rear,F,48250.0,275.5146006036139,False,0,3,1726.122809860307,,,,,,,-12104.053065971228,12428.090976664655
rear,G,48250.0,275.5146006036139,False,0,3,1726.122809860307,,,,,,,-24939.616176572043,24124.671908699722
rear,H,48250.0,275.5146006036139,False,0,3,1726.122809860307,,,,,,,-50610.742397773676,47517.83377276985
rear,A,48500.0,276.94213739430626,True,3,3,1726.122809860307,387.0107320180008,387.010702162645,387.01076649547866,0.26726408652350725,0.26725520167120154,0.26727178025411913,329.8079041487164,1097.0325185328038
rear,B,48500.0,276.94213739430626,False,0,3,1726.122809860307,,,,,,,-71.8942363321565,1462.5549924360182
rear,C,48500.0,276.94213739430626,False,0,3,1726.122809860307,,,,,,,-875.2985172939023,2193.5999402424472
rear,D,48500.0,276.94213739430626,False,0,3,1726.122809860307,,,,,,,-2482.107079217394,3655.689835855305
rear,E,48500.0,276.94213739430626,False,0,3,1726.122809860307,,,,,,,-5695.724203064377,6579.869627081021
rear,F,48500.0,276.94213739430626,False,0,3,1726.122809860307,,,,,,,-12122.958450758344,12428.229209532452
rear,G,48500.0,276.94213739430626,False,0,3,1726.122809860307,,,,,,,-24977.426946146275,24124.948374435317
rear,H,48500.0,276.94213739430626,False,0,3,1726.122809860307,,,,,,,-50686.36393692214,47518.38670424104
rear,A,48750.0,278.36967418499853,True,3,3,1726.122809860307,387.0073679797356,387.0073380246596,387.00740257774976,0.26813099979529814,0.26812208388075076,0.2681387192238094,329.2200246064775,1097.034039254389
rear,B,48750.0,278.36967418499853,False,0,3,1726.122809860307,,,,,,,-73.06999541663424,1462.558033879189
rear,C,48750.0,278.36967418499853,False,0,3,1726.122809860307,,,,,,,-877.6500354628578,2193.6060231287884
rear,D,48750.0,278.36967418499853,False,0,3,1726.122809860307,,,,,,,-2486.810115555305,3655.7020016279876
rear,E,48750.0,278.36967418499853,False,0,3,1726.122809860307,,,,,,,-5705.130275740199,6579.893958626386
rear,F,48750.0,278.36967418499853,False,0,3,1726.122809860307,,,,,,,-12141.770596109987,12428.277872623183
rear,G,48750.0,278.36967418499853,False,0,3,1726.122809860307,,,,,,,-25015.051236849562,24125.045700616778
rear,H,48750.0,278.36967418499853,False,0,3,1726.122809860307,,,,,,,-50761.612518328715,47518.581356603965
rear,A,49000.0,279.79721097569086,True,3,3,1726.122809860307,387.0040041762572,387.00397412058135,387.0040388971995,0.26899785256245073,0.26898890496932504,0.26900559791557255,328.6350313974267,1097.0328070550333
rear,B,49000.0,279.79721097569086,False,0,3,1726.122809860307,,,,,,,-74.23998183473589,1462.5555694804775
rear,C,49000.0,279.79721097569086,False,0,3,1726.122809860307,,,,,,,-879.9900082990611,2193.6010943313654
rear,D,49000.0,279.79721097569086,False,0,3,1726.122809860307,,,,,,,-2491.4900612277115,3655.6921440331416
rear,E,49000.0,279.79721097569086,False,0,3,1726.122809860307,,,,,,,-5714.490167085012,6579.874243436694
rear,F,49000.0,279.79721097569086,False,0,3,1726.122809860307,,,,,,,-12160.490378799614,12428.238442243799
rear,G,49000.0,279.79721097569086,False,0,3,1726.122809860307,,,,,,,-25052.490802228815,24124.96683985801
rear,H,49000.0,279.79721097569086,False,0,3,1726.122809860307,,,,,,,-50836.49164908722,47518.42363508643
rear,A,49250.0,281.22474776638313,True,3,3,1726.122809860307,387.00064060109315,387.0006104439103,387.0006754473851,0.2698646464929603,0.2698556665972185,0.2698724180044687,328.05289759121,1097.0288677007195
rear,B,49250.0,281.22474776638313,False,0,3,1726.122809860307,,,,,,,-75.40424944716924,1462.5476907718494
rear,C,49250.0,281.22474776638313,False,0,3,1726.122809860307,,,,,,,-882.3185435239277,2193.5853369141096
rear,D,49250.0,281.22474776638313,False,0,3,1726.122809860307,,,,,,,-2496.147131677445,3655.6606291986295
rear,E,49250.0,281.22474776638313,False,0,3,1726.122809860307,,,,,,,-5723.804307984479,6579.81121376767
rear,F,49250.0,281.22474776638313,False,0,3,1726.122809860307,,,,,,,-12179.118660598548,12428.11238290575
rear,G,49250.0,281.22474776638313,False,0,3,1726.122809860307,,,,,,,-25089.747365826683,24124.714721181914
rear,H,49250.0,281.22474776638313,False,0,3,1726.122809860307,,,,,,,-50911.004776282956,47517.91939773424
rear,A,49500.0,282.65228455707546,True,3,3,1726.122809860307,386.9972772478449,386.9972469882202,386.99731222193697,0.27073138323576346,0.27072237040589586,0.27073918114655093,327.4735967176812,1097.0222665881195
rear,B,49500.0,282.65228455707546,False,0,3,1726.122809860307,,,,,,,-76.56285119422695,1462.5344885466495
rear,C,49500.0,282.65228455707546,False,0,3,1726.122809860307,,,,,,,-884.6357470180432,2193.55893246371
rear,D,49500.0,282.65228455707546,False,0,3,1726.122809860307,,,,,,,-2500.7815386656757,3655.60782029783
rear,E,49500.0,282.65228455707546,False,0,3,1726.122809860307,,,,,,,-5733.073121960941,6579.705595966071
rear,F,49500.0,282.65228455707546,False,0,3,1726.122809860307,,,,,,,-12197.65628855147,12427.901147302553
rear,G,49500.0,282.65228455707546,False,0,3,1726.122809860307,,,,,,,-25126.82262173253,24124.29224997552
rear,H,49500.0,282.65228455707546,False,0,3,1726.122809860307,,,,,,,-50985.15528809465,47517.074455321446
rear,A,49750.0,284.07982134776773,True,3,3,1726.122809860307,386.9939141101877,386.993883747159,386.99394921455803,0.27159806442070833,0.27158901801808133,0.27160588897870985,326.8971027584852,1097.013048743935
rear,B,49750.0,284.07982134776773,False,0,3,1726.122809860307,,,,,,,-77.71583911261894,1462.516052858281
rear,C,49750.0,284.07982134776773,False,0,3,1726.122809860307,,,,,,,-886.9417228548272,2193.522061086973
rear,D,49750.0,284.07982134776773,False,0,3,1726.122809860307,,,,,,,-2505.3934903392437,3655.5340775443565
rear,E,49750.0,284.07982134776773,False,0,3,1726.122809860307,,,,,,,-5742.297025308077,6579.558110459124
rear,F,49750.0,284.07982134776773,False,0,3,1726.122809860307,,,,,,,-12216.104095245742,12427.606176288658
rear,G,49750.0,284.07982134776773,False,0,3,1726.122809860307,,,,,,,-25163.718235121072,24123.70230794773
rear,H,49750.0,284.07982134776773,False,0,3,1726.122809860307,,,,,,,-51058.946514871735,47515.89457126587
rear,A,50000.0,285.50735813846006,True,3,3,1726.122809860307,386.9905511818702,386.99052071444817,386.9905864190235,0.272464691658747,0.27245561103794724,0.2724725431189401,326.32339013883484,1097.001258824281
rear,B,50000.0,285.50735813846006,False,0,3,1726.122809860307,,,,,,,-78.86326435191958,1462.492473018973
rear,C,50000.0,285.50735813846006,False,0,3,1726.122809860307,,,,,,,-889.2365733334284,2193.4749014083563
rear,D,50000.0,285.50735813846006,False,0,3,1726.122809860307,,,,,,,-2509.9831912964464,3655.439758187123
rear,E,50000.0,285.50735813846006,False,0,3,1726.122809860307,,,,,,,-5751.476427222482,6579.369471744657
rear,F,50000.0,285.50735813846006,False,0,3,1726.122809860307,,,,,,,-12234.462899074553,12427.228898859725
rear,G,50000.0,285.50735813846006,False,0,3,1726.122809860307,,,,,,,-25200.435842778694,24122.947753089862
rear,H,50000.0,285.50735813846006,False,0,3,1726.122809860307,,,,,,,-51132.38173018698,47514.38546155013
